0
1
2
3
4
5
6
7
8
9
10
11
12
13
14
15
16
17
18
19
20
21
22
23
24
25
26
27
28
29
30
31
32
33
34
35
36
37
38
39
40
41
42
43
44
45
46
47
48
49
50
51
52
53
54
55
56
57
58
59
60
61
62
63
64
65
66
67
68
69
70
71
72
73
74
75
76
77
78
79
80
81
82
83
84
85
86
87
88
89
90
91
92
93
94
95
96
97
98
99
100
101
102
103
104
105
106
107
108
109
110
111
112
113
114
115
116
117
118
119
120
121
122
123
124
125
126
127
128
129
130
131
132
133
134
135
136
137
138
139
140
141
142
143
144
145
146
147
148
149
150
151
152
153
154
155
156
157
158
159
160
161
162
163
164
165
166
167
168
169
170
171
172
173
174
175
176
177
178
179
180
181
182
183
184
185
186
187
188
189
190
191
192
193
194
195
196
197
198
199
200
201
202
203
204
205
206
207
208
209
210
211
212
213
214
215
216
217
218
219
220
221
222
223
224
225
226
227
228
229
230
231
232
233
234
235
236
237
238
239
240
241
242
243
244
245
246
247
248
249
250
251
252
253
254
255
256
257
258
259
260
261
262
263
264
265
266
267
268
269
270
271
272
273
274
275
276
277
278
279
280
281
282
283
284
285
286
287
288
289
290
291
292
293
294
295
296
297
298
299
300
301
302
303
304
305
306
307
308
309
310
311
312
313
314
315
316
317
318
319
320
321
322
323
324
325
326
327
328
329
330
331
332
333
334
335
336
337
338
339
340
341
342
343
344
345
346
347
348
349
350
351
352
353
354
355
356
357
358
359
360
361
362
363
364
365
366
367
368
369
370
371
372
373
374
375
376
377
378
379
380
381
382
383
384
385
386
387
388
389
390
391
392
393
394
395
396
397
398
399
400
401
402
403
404
405
406
407
408
409
410
411
412
413
414
415
416
417
418
419
420
421
422
423
424
425
426
427
428
429
430
431
432
433
434
435
436
437
438
439
440
441
442
443
444
445
446
447
448
449
450
451
452
453
454
455
456
457
458
459
460
461
462
463
464
465
466
467
468
469
470
471
472
473
474
475
476
477
478
479
480
481
482
483
484
485
486
487
488
489
490
491
492
493
494
495
496
497
498
499
500
501
502
503
504
505
506
507
508
509
510
511
512
513
514
515
516
517
518
519
520
521
522
523
524
525
526
527
528
529
530
531
532
533
534
535
536
537
538
539
540
541
542
543
544
545
546
547
548
549
550
551
552
553
554
555
556
557
558
559
560
561
562
563
564
565
566
567
568
569
570
571
572
573
574
575
576
577
578
579
580
581
582
583
584
585
586
587
588
589
590
591
592
593
594
595
596
597
598
599
600
601
602
603
604
605
606
607
608
609
610
611
612
613
614
615
616
617
618
619
620
621
622
623
624
625
626
627
628
629
630
631
632
633
634
635
636
637
638
639
640
641
642
643
644
645
646
647
648
649
650
651
652
653
654
655
656
657
658
659
660
661
662
663
664
665
666
667
668
669
670
671
672
673
674
675
676
677
678
679
680
681
682
683
684
685
686
687
688
689
690
691
692
693
694
695
696
697
698
699
700
701
702
703
704
705
706
707
708
709
710
711
712
713
714
715
716
717
718
719
720
721
722
723
724
725
726
727
728
729
730
731
732
733
734
735
736
737
738
739
740
741
742
743
744
745
746
747
748
749
750
751
752
753
754
755
756
757
758
759
760
761
762
763
764
765
766
767
768
769
770
771
772
773
774
775
776
777
778
779
780
781
782
783
784
785
786
787
788
789
790
791
792
793
794
795
796
797
798
799
800
801
802
803
804
805
806
807
808
809
810
811
812
813
814
815
816
817
818
819
821
822
823
824
825
826
827
828
829
830
831
832
833
834
835
836
837
838
839
840
841
842
843
844
846
847
848
849
850
851
852
853
854
855
856
857
858
859
860
861
862
863
864
866
867
868
869
870
871
872
873
874
875
876
877
878
879
880
881
882
883
884
885
886
887
888
889
890
891
892
893
894
895
896
897
898
899
900
901
902
903
904
905
906
907
908
909
910
911
912
913
914
915
916
917
918
919
920
921
922
923
924
925
926
927
928
929
930
931
932
933
934
935
936
937
938
939
940
941
942
943
944
945
946
947
948
949
950
951
952
953
954
955
956
957
958
959
960
961
962
963
964
965
966
967
968
969
970
971
972
973
974
975
976
977
978
979
980
981
982
983
984
985
986
987
988
989
990
991
992
993
994
995
996
997
998
999
1000
1001
1002
1003
1004
1005
1006
1007
1008
1009
1010
1011
1012
1013
1014
1015
1016
1017
1018
1019
1020
1021
1022
1023
1024
1025
1026
1027
1028
1029
1030
1031
1032
1033
1034
1035
1036
1037
1038
1039
1040
1041
1042
1043
1044
1045
1046
1047
1048
1049
1050
1051
1052
1053
1054
1055
1056
1057
1058
1059
1060
1061
1062
1063
1064
1065
1066
1067
1068
1069
1070
1071
1072
1073
1074
1075
1076
1077
1078
1079
1080
1081
1082
1083
1084
1085
1086
1087
1088
1089
1090
1091
1092
1093
1094
1095
1096
1097
1098
1099
1100
1101
1102
1103
1104
1105
1106
1107
1108
1109
1110
1111
1112
1113
1114
1115
1116
1117
1118
1119
1120
1121
1122
1123
1124
1125
1126
1127
1128
1129
1130
1131
1132
1133
1134
1135
1136
1137
1138
1139
1140
1141
1142
1143
1144
1145
1146
1147
1148
1149
1150
1151
1152
1153
1154
1155
1156
1157
1158
1159
1160
1161
1162
1163
1164
1165
1166
1167
1168
1169
1170
1171
1172
1173
1174
1175
1176
1178
1179
1180
1181
1182
1183
1184
1185
1186
1187
1188
1189
1190
1191
1192
1193
1194
1195
1196
1197
1198
1199
1200
1201
1202
1203
1204
1205
1206
1207
1208
1209
1210
1211
1212
1213
1214
1215
1216
1217
1218
1219
1220
1221
1222
1223
1224
1225
1226
1227
1228
1229
1230
1231
1232
1234
1235
1236
1237
1238
1239
1240
1241
1242
1243
1244
1245
1246
1247
1248
1249
1250
1251
1252
1253
1254
1255
1256
1257
1258
1259
1260
1261
1262
1263
1264
1265
1266
1267
1268
1269
1270
1271
1272
1273
1274
1275
1276
1277
1278
1279
1280
1281
1282
1283
1284
1285
1286
1287
1288
1289
1290
1291
1292
1293
1294
1295
1296
1297
1298
1299
1300
1301
1302
1303
1304
1305
1306
1307
1308
1309
1310
1311
1312
1313
1314
1315
1316
1317
1318
1319
1320
1321
1322
1323
1324
1325
1326
1327
1328
1329
1330
1331
1332
1333
1334
1335
1336
1337
1338
1339
1340
1341
1342
1343
1344
1345
1346
1347
1348
1349
1350
1351
1352
1353
1354
1355
1356
1357
1358
1359
1360
1361
1362
1363
1364
1365
1366
1367
1368
1369
1370
1371
1372
1373
1374
1375
1376
1377
1378
1379
1380
1381
1382
1384
1385
1386
1387
1388
1389
1390
1391
1392
1393
1394
1395
1396
1397
1398
1399
1400
1401
1402
1403
1404
1405
1406
1407
1408
1409
1410
1411
1412
1413
1414
1415
1416
1417
1418
1419
1420
1421
1422
1423
1424
1425
1426
1427
1428
1429
1430
1431
1432
1433
1434
1435
1436
1437
1438
1439
1440
1441
1442
1443
1444
1445
1446
1447
1448
1449
1451
1452
1453
1454
1455
1456
1457
1458
1459
1460
1461
1462
1463
1464
1465
1466
1467
1468
1469
1470
1471
1472
1473
1474
1475
1476
1477
1478
1479
1480
1481
1482
1483
1484
1485
1486
1487
1488
1489
1490
1491
1492
1493
1494
1495
1496
1497
1498
1499
1500
1501
1502
1503
1504
1505
1506
1507
1508
1509
1510
1511
1512
1513
1514
1515
1516
1517
1518
1519
1520
1521
1522
1523
1524
1525
1526
1527
1528
1529
1530
1531
1532
1533
1534
1535
1536
1537
1538
1539
1540
1541
1542
1543
1544
1545
1546
1547
1548
1549
1550
1551
1552
1553
1554
1555
1556
1557
1558
1559
1560
1561
1562
1563
1564
1565
1566
1567
1568
1569
1570
1571
1572
1573
1574
1575
1576
1577
1578
1579
1580
1581
1582
1583
1584
1585
1586
1587
1588
1589
1590
1591
1592
1593
1594
1595
1596
1597
1598
1599
1600
1601
1602
1603
1604
1605
1606
1607
1608
1609
1610
1611
1612
1613
1614
1615
1616
1617
1618
1619
1620
1621
1622
1623
1624
1625
1626
1627
1628
1630
1631
1632
1633
1634
1635
1636
1637
1638
1639
1640
1641
1642
1643
1644
1645
1646
1647
1648
1649
1650
1651
1652
1653
1654
1655
1656
1657
1658
1659
1660
1661
1662
1663
1664
1665
1666
1667
1668
1669
1670
1671
1672
1673
1674
1675
1676
1678
1679
1680
1681
1682
1683
1684
1685
1686
1687
1688
1689
1690
1691
1692
1693
1694
1695
1696
1697
1698
1699
1700
1701
1702
1703
1704
1705
1706
1707
1708
1709
1710
1711
1712
1713
1714
1715
1716
1717
1718
1719
1720
1721
1722
1723
1724
1725
1726
1727
1728
1729
1730
1731
1732
1733
1734
1735
1736
1737
1738
1739
1740
1741
1742
1743
1744
1745
1746
1747
1748
1749
1750
1752
1753
1754
1755
1756
1757
1759
1760
1761
1762
1763
1764
1765
1766
1767
1768
1769
1770
1771
1772
1773
1774
1775
1776
1777
1778
1779
1780
1781
1782
1783
1784
1785
1786
1787
1788
1789
1790
1791
1792
1793
1794
1795
1796
1797
1798
1799
1800
1801
1802
1803
1804
1805
1806
1807
1808
1809
1810
1811
1812
1813
1814
1815
1816
1817
1818
1819
1820
1821
1822
1823
1824
1825
1826
1827
1828
1829
1830
1831
1832
1833
1834
1835
1836
1837
1838
1839
1840
1841
1842
1843
1844
1845
1846
1847
1848
1849
1850
1851
1852
1853
1854
1855
1856
1857
1858
1859
1860
1861
1862
1864
1865
1866
1867
1868
1869
1870
1871
1872
1873
1874
1875
1876
1877
1878
1879
1880
1881
1882
1883
1884
1885
1886
1887
1888
1889
1890
1891
1892
1893
1894
1895
1896
1897
1898
1899
1900
1901
1902
1903
1904
1905
1906
1908
1909
1910
1911
1912
1914
1915
1916
1917
1918
1919
1920
1921
1922
1923
1924
1925
1926
1927
1928
1929
1930
1931
1932
1934
1935
1936
1937
1938
1940
1941
1942
1943
1944
1945
1946
1947
1948
1949
1950
1951
1952
1953
1954
1955
1956
1957
1958
1959
1960
1962
1963
1964
1965
1966
1967
1968
1969
1970
1971
1972
1973
1974
1975
1976
1977
1978
1979
1980
1981
1982
1983
1984
1985
1986
1987
1988
1989
1990
1991
1992
1993
1994
1995
1996
1997
1998
1999
2000
2001
2002
2003
2004
2005
2006
2007
2008
2009
2010
2011
2012
2013
2014
2015
2017
2018
2019
2020
2021
2022
2023
2024
2025
2026
2027
2028
2029
2030
2031
2032
2033
2034
2035
2036
2037
2038
2039
2040
2041
2042
2043
2044
2045
2046
2047
2048
2049
2050
2051
2052
2053
2054
2055
2056
2057
2058
2059
2060
2061
2062
2063
2064
2065
2067
2068
2069
2070
2071
2072
2073
2074
2075
2076
2077
2078
2079
2080
2081
2082
2083
2084
2085
2086
2087
2088
2089
2090
2091
2093
2094
2095
2096
2097
2098
2099
2100
2101
2103
2104
2105
2106
2107
2108
2109
2110
2111
2112
2113
2114
2116
2117
2118
2119
2120
2121
2122
2123
2124
2125
2126
2127
2128
2129
2130
2131
2132
2133
2134
2135
2136
2137
2138
2139
2140
2141
2142
2143
2144
2145
2146
2147
2148
2149
2150
2151
2152
2153
2154
2155
2156
2157
2158
2159
2160
2161
2162
2163
2164
2165
2166
2167
2168
2169
2170
2171
2172
2173
2174
2175
2176
2177
2178
2179
2180
2181
2182
2184
2185
2186
2187
2188
2189
2190
2191
2192
2193
2194
2195
2196
2197
2198
2199
2200
2201
2202
2203
2204
2205
2206
2208
2209
2210
2211
2212
2213
2215
2216
2217
2218
2220
2221
2222
2224
2225
2226
2227
2228
2229
2230
2231
2232
2233
2234
2235
2236
2237
2238
2239
2240
2241
2243
2244
2245
2246
2247
2248
2249
2250
2251
2252
2253
2254
2255
2256
2257
2258
2259
2260
2261
2262
2263
2264
2265
2266
2267
2268
2269
2270
2271
2272
2273
2274
2275
2276
2277
2278
2279
2280
2282
2283
2284
2285
2286
2287
2288
2289
2290
2291
2292
2293
2294
2295
2296
2297
2298
2299
2300
2301
2302
2303
2304
2305
2306
2307
2308
2309
2310
2311
2312
2313
2314
2315
2316
2318
2319
2320
2321
2322
2323
2324
2325
2326
2327
2328
2329
2330
2331
2332
2333
2334
2335
2336
2337
2338
2339
2341
2342
2343
2344
2345
2346
2347
2348
2349
2350
2353
2354
2355
2356
2357
2358
2359
2360
2361
2362
2364
2366
2367
2368
2369
2370
2372
2373
2374
2375
2376
2377
2378
2379
2380
2381
2382
2383
2384
2385
2386
2387
2388
2389
2390
2391
2392
2393
2394
2395
2396
2397
2398
2399
2400
2401
2402
2403
2404
2405
2406
2407
2408
2409
2410
2411
2412
2413
2414
2415
2416
2417
2418
2420
2421
2422
2423
2424
2425
2426
2427
2428
2429
2430
2432
2433
2434
2435
2436
2437
2438
2439
2440
2441
2442
2443
2444
2445
2446
2447
2448
2450
2452
2453
2454
2455
2456
2457
2458
2459
2460
2461
2462
2463
2464
2465
2466
2467
2468
2469
2470
2471
2472
2473
2475
2476
2477
2478
2479
2480
2481
2482
2483
2484
2485
2486
2487
2488
2489
2490
2491
2492
2493
2494
2495
2496
2497
2498
2499
2500
2501
2502
2503
2504
2505
2506
2507
2508
2509
2510
2511
2512
2513
2514
2515
2516
2517
2518
2519
2520
2521
2522
2523
2524
2525
2526
2527
2528
2529
2530
2531
2532
2533
2534
2535
2536
2537
2538
2539
2540
2541
2542
2543
2544
2545
2546
2547
2548
2549
2550
2551
2552
2553
2554
2556
2557
2558
2559
2560
2561
2562
2563
2564
2565
2566
2567
2568
2569
2570
2571
2572
2573
2574
2575
2576
2577
2578
2579
2580
2581
2582
2583
2585
2586
2587
2588
2589
2590
2591
2592
2593
2594
2595
2596
2597
2598
2599
2600
2601
2602
2603
2604
2605
2606
2607
2608
2609
2610
2611
2612
2613
2614
2615
2617
2618
2619
2621
2622
2623
2624
2625
2626
2627
2628
2629
2630
2631
2632
2633
2634
2635
2636
2637
2638
2639
2640
2641
2642
2643
2644
2645
2646
2647
2648
2649
2650
2651
2652
2653
2654
2655
2656
2657
2658
2659
2660
2661
2662
2663
2664
2665
2666
2668
2669
2670
2671
2673
2674
2675
2676
2677
2678
2679
2680
2681
2682
2683
2684
2685
2686
2687
2688
2689
2690
2691
2692
2693
2694
2695
2696
2697
2698
2699
2700
2701
2702
2703
2704
2705
2706
2707
2708
2709
2710
2711
2712
2713
2714
2715
2716
2717
2718
2719
2720
2721
2722
2723
2724
2725
2726
2727
2729
2730
2731
2732
2733
2734
2735
2736
2737
2738
2739
2740
2741
2742
2743
2744
2745
2746
2747
2748
2749
2750
2751
2752
2753
2754
2755
2756
2757
2758
2759
2760
2761
2762
2763
2764
2765
2766
2767
2768
2769
2770
2771
2772
2773
2774
2775
2776
2777
2779
2780
2781
2782
2783
2784
2785
2786
2787
2788
2789
2790
2791
2792
2793
2794
2795
2796
2797
2798
2799
2800
2801
2802
2803
2804
2805
2806
2807
2808
2809
2810
2811
2812
2813
2814
2815
2816
2817
2818
2820
2821
2822
2823
2824
2825
2826
2827
2828
2829
2830
2831
2832
2833
2834
2835
2836
2837
2838
2839
2840
2841
2842
2843
2844
2845
2846
2847
2848
2849
2850
2851
2852
2854
2855
2856
2857
2858
2859
2860
2861
2862
2863
2864
2865
2866
2867
2868
2869
2870
2871
2872
2873
2874
2875
2876
2877
2878
2879
2880
2881
2883
2884
2885
2887
2888
2889
2890
2891
2892
2893
2894
2895
2896
2897
2898
2899
2900
2901
2902
2903
2904
2905
2906
2907
2908
2909
2910
2911
2912
2913
2914
2915
2916
2917
2918
2919
2920
2921
2922
2923
2924
2925
2926
2928
2929
2930
2931
2932
2933
2934
2935
2937
2938
2939
2940
2941
2942
2943
2944
2945
2946
2947
2948
2949
2950
2951
2952
2953
2954
2955
2956
2957
2958
2959
2960
2961
2962
2963
2964
2965
2966
2967
2968
2969
2970
2971
2972
2973
2974
2975
2976
2977
2978
2979
2980
2981
2982
2983
2984
2985
2986
2987
2988
2989
2990
2991
2992
2993
2994
2995
2996
2997
2998
3000
3001
3002
3003
3004
3005
3006
3007
3008
3009
3010
3011
3012
3013
3014
3015
3016
3017
3018
3019
3020
3021
3022
3023
3024
3025
3026
3027
3028
3031
3032
3033
3034
3035
3036
3037
3038
3039
3040
3041
3042
3043
3044
3045
3046
3047
3048
3049
3050
3051
3052
3053
3054
3055
3056
3057
3058
3059
3060
3061
3062
3063
3064
3065
3066
3067
3069
3070
3071
3072
3073
3074
3075
3076
3077
3078
3079
3080
3081
3082
3083
3084
3085
3086
3087
3088
3089
3090
3091
3092
3094
3095
3097
3099
3100
3101
3102
3104
3105
3106
3107
3108
3109
3110
3111
3112
3113
3114
3115
3116
3117
3118
3120
3122
3123
3124
3125
3126
3127
3128
3129
3130
3131
3132
3133
3134
3135
3136
3137
3138
3139
3140
3141
3142
3143
3144
3145
3146
3147
3148
3149
3150
3151
3152
3153
3154
3155
3156
3157
3158
3159
3160
3161
3162
3163
3164
3165
3166
3167
3168
3170
3171
3172
3173
3174
3175
3176
3177
3178
3179
3180
3181
3182
3183
3184
3185
3186
3187
3188
3189
3190
3191
3192
3193
3194
3196
3197
3198
3199
3200
3201
3202
3203
3204
3205
3207
3208
3209
3210
3212
3213
3214
3215
3216
3217
3218
3219
3221
3222
3223
3224
3225
3226
3227
3228
3229
3230
3231
3232
3233
3234
3235
3237
3238
3239
3240
3241
3242
3243
3244
3245
3246
3247
3248
3249
3250
3251
3252
3253
3254
3255
3256
3257
3258
3259
3260
3262
3263
3264
3265
3266
3267
3268
3269
3270
3271
3272
3273
3274
3275
3276
3277
3278
3279
3280
3281
3282
3283
3284
3285
3286
3287
3288
3289
3290
3291
3292
3293
3294
3295
3296
3297
3298
3299
3300
3301
3302
3303
3304
3305
3306
3307
3308
3309
3310
3311
3312
3313
3314
3315
3316
3317
3318
3319
3320
3321
3322
3323
3324
3325
3326
3327
3328
3329
3330
3331
3332
3333
3334
3335
3336
3337
3338
3339
3340
3341
3342
3343
3344
3345
3346
3347
3348
3349
3350
3351
3352
3354
3355
3356
3357
3358
3359
3360
3361
3362
3363
3364
3365
3366
3367
3368
3369
3370
3371
3372
3373
3374
3375
3376
3377
3378
3379
3380
3381
3382
3383
3384
3385
3386
3387
3388
3389
3390
3391
3392
3393
3394
3395
3396
3397
3398
3399
3400
3401
3402
3403
3404
3405
3406
3407
3408
3409
3410
3411
3412
3413
3414
3415
3416
3417
3418
3420
3421
3422
3423
3424
3425
3426
3427
3428
3429
3430
3431
3432
3433
3434
3435
3436
3437
3438
3439
3440
3442
3443
3444
3445
3446
3447
3448
3449
3450
3451
3452
3455
3456
3457
3458
3459
3460
3461
3462
3463
3464
3465
3466
3467
3468
3469
3470
3471
3472
3473
3474
3476
3477
3478
3479
3480
3481
3482
3483
3484
3485
3486
3487
3488
3489
3490
3491
3492
3493
3494
3495
3496
3497
3498
3499
3500
3501
3502
3503
3504
3505
3506
3507
3508
3509
3510
3511
3512
3513
3514
3515
3516
3517
3518
3519
3520
3521
3522
3523
3524
3525
3526
3527
3528
3529
3530
3531
3532
3533
3534
3535
3536
3537
3538
3539
3541
3542
3544
3545
3546
3547
3548
3549
3550
3551
3552
3553
3554
3555
3556
3557
3558
3559
3560
3561
3562
3563
3564
3565
3566
3567
3568
3569
3570
3571
3572
3573
3574
3575
3576
3577
3578
3579
3580
3581
3582
3583
3584
3585
3586
3587
3588
3589
3590
3591
3592
3593
3594
3595
3596
3597
3598
3599
3600
3601
3602
3603
3604
3605
3606
3607
3608
3609
3610
3611
3612
3613
3614
3615
3616
3617
3618
3619
3620
3621
3622
3623
3624
3625
3626
3627
3628
3629
3630
3631
3632
3633
3634
3635
3636
3637
3638
3639
3641
3642
3644
3645
3646
3648
3649
3650
3651
3653
3654
3655
3656
3657
3658
3659
3660
3661
3662
3663
3664
3665
3666
3667
3668
3669
3670
3671
3672
3675
3676
3677
3678
3679
3680
3681
3682
3683
3684
3686
3687
3689
3690
3691
3692
3693
3694
3695
3696
3697
3700
3701
3702
3703
3704
3705
3706
3707
3708
3709
3710
3711
3712
3713
3714
3715
3716
3717
3718
3719
3720
3721
3722
3723
3724
3725
3726
3727
3728
3729
3730
3731
3732
3733
3734
3736
3737
3738
3739
3740
3741
3742
3743
3744
3745
3746
3747
3748
3749
3750
3751
3752
3753
3754
3755
3756
3757
3758
3759
3760
3761
3762
3763
3764
3765
3766
3767
3768
3769
3770
3771
3772
3773
3774
3775
3776
3778
3779
3780
3782
3783
3784
3785
3786
3787
3788
3789
3790
3791
3792
3793
3794
3795
3796
3797
3798
3799
3800
3801
3802
3803
3804
3805
3806
3807
3808
3809
3810
3811
3812
3813
3814
3815
3816
3817
3818
3819
3820
3821
3822
3823
3824
3825
3826
3827
3828
3829
3830
3831
3832
3833
3834
3835
3836
3837
3838
3839
3840
3841
3842
3843
3844
3845
3847
3848
3850
3851
3852
3853
3854
3855
3856
3857
3858
3859
3860
3861
3862
3863
3864
3865
3866
3867
3868
3869
3870
3872
3874
3875
3876
3877
3878
3879
3881
3882
3883
3884
3885
3886
3887
3888
3889
3890
3891
3892
3895
3896
3897
3898
3899
3900
3901
3902
3903
3905
3906
3907
3908
3909
3910
3911
3912
3913
3914
3915
3916
3917
3918
3919
3920
3921
3922
3923
3924
3925
3926
3927
3928
3929
3930
3931
3933
3934
3935
3936
3937
3938
3939
3940
3942
3943
3944
3945
3946
3947
3948
3949
3950
3951
3952
3953
3954
3955
3956
3957
3958
3959
3960
3961
3962
3964
3965
3966
3967
3968
3969
3970
3971
3972
3973
3974
3975
3976
3977
3978
3979
3980
3981
3982
3983
3984
3985
3986
3987
3988
3989
3990
3991
3992
3993
3994
3995
3996
3997
3998
3999
4000
4001
4002
4003
4004
4005
4006
4007
4008
4009
4010
4011
4012
4013
4014
4015
4016
4017
4018
4019
4020
4021
4022
4023
4024
4025
4026
4027
4028
4029
4030
4031
4032
4033
4034
4035
4036
4037
4038
4040
4041
4042
4043
4044
4045
4046
4047
4048
4049
4050
4051
4052
4053
4054
4055
4056
4057
4058
4059
4060
4061
4062
4063
4064
4065
4066
4067
4068
4069
4070
4071
4072
4073
4074
4075
4076
4077
4078
4079
4080
4081
4082
4083
4084
4086
4087
4088
4089
4090
4091
4092
4093
4094
4095
4097
4098
4099
4100
4101
4102
4104
4105
4106
4107
4108
4109
4111
4112
4114
4115
4116
4117
4118
4119
4120
4121
4122
4123
4124
4125
4126
4127
4128
4129
4130
4131
4132
4133
4134
4136
4137
4138
4139
4140
4141
4142
4143
4144
4145
4146
4147
4148
4149
4150
4151
4152
4154
4155
4156
4158
4159
4160
4161
4162
4163
4164
4165
4166
4167
4168
4169
4170
4171
4172
4173
4174
4175
4176
4177
4178
4179
4180
4181
4182
4183
4184
4185
4186
4188
4189
4190
4191
4192
4193
4194
4195
4196
4197
4199
4200
4202
4203
4204
4205
4206
4207
4208
4209
4210
4211
4212
4213
4214
4216
4217
4218
4219
4220
4221
4222
4223
4224
4225
4226
4227
4228
4229
4230
4232
4233
4234
4235
4236
4237
4238
4239
4240
4241
4242
4243
4244
4245
4246
4247
4248
4249
4251
4252
4253
4254
4255
4256
4257
4258
4259
4260
4261
4262
4263
4264
4265
4266
4267
4268
4269
4270
4271
4272
4273
4274
4275
4276
4277
4278
4279
4281
4282
4283
4284
4285
4286
4287
4288
4289
4290
4291
4292
4293
4294
4296
4297
4299
4300
4301
4303
4304
4305
4306
4307
4308
4309
4310
4311
4312
4313
4314
4315
4316
4317
4318
4319
4320
4321
4322
4323
4324
4325
4327
4328
4329
4330
4331
4332
4333
4334
4335
4336
4337
4338
4339
4340
4341
4342
4343
4344
4345
4346
4347
4348
4350
4351
4352
4353
4354
4355
4356
4357
4358
4359
4360
4361
4362
4363
4364
4365
4366
4367
4368
4369
4370
4371
4372
4373
4374
4375
4376
4377
4378
4379
4380
4381
4382
4383
4384
4385
4386
4387
4389
4390
4391
4392
4393
4394
4395
4396
4397
4398
4399
4400
4401
4402
4404
4405
4406
4407
4409
4410
4412
4413
4414
4415
4416
4417
4418
4419
4420
4421
4422
4423
4424
4425
4426
4427
4428
4429
4430
4431
4432
4433
4434
4435
4436
4437
4438
4439
4440
4441
4442
4443
4444
4445
4446
4447
4448
4449
4450
4451
4452
4453
4454
4455
4456
4457
4458
4459
4460
4461
4462
4463
4464
4465
4466
4467
4468
4469
4470
4471
4472
4473
4474
4475
4476
4477
4478
4479
4480
4481
4482
4483
4484
4485
4486
4487
4488
4489
4490
4491
4492
4493
4494
4495
4496
4497
4498
4499
4500
4501
4502
4503
4504
4505
4506
4507
4508
4509
4510
4511
4512
4514
4515
4516
4518
4519
4520
4521
4522
4523
4524
4525
4526
4527
4528
4529
4530
4531
4532
4533
4534
4535
4536
4537
4538
4539
4540
4541
4542
4543
4545
4546
4547
4549
4550
4551
4552
4553
4554
4555
4556
4557
4558
4559
4560
4561
4562
4563
4564
4565
4566
4567
4568
4570
4571
4572
4573
4574
4575
4577
4578
4580
4581
4582
4583
4584
4585
4586
4587
4588
4589
4590
4591
4592
4593
4594
4595
4596
4598
4599
4600
4601
4602
4603
4605
4606
4607
4608
4609
4610
4611
4612
4613
4615
4616
4617
4618
4619
4620
4621
4622
4623
4624
4625
4628
4629
4630
4631
4632
4633
4634
4635
4637
4638
4639
4640
4641
4644
4645
4647
4648
4649
4650
4651
4652
4653
4654
4655
4656
4657
4658
4659
4660
4661
4662
4663
4664
4665
4666
4667
4668
4670
4671
4672
4673
4674
4675
4676
4677
4678
4679
4680
4681
4682
4683
4684
4685
4686
4687
4688
4689
4690
4691
4692
4693
4694
4695
4696
4697
4698
4699
4700
4701
4702
4703
4704
4705
4706
4707
4708
4709
4710
4711
4712
4713
4714
4715
4716
4717
4718
4719
4720
4721
4722
4723
4724
4725
4726
4727
4729
4730
4731
4732
4733
4734
4735
4736
4737
4738
4740
4741
4742
4744
4745
4746
4747
4748
4749
4750
4751
4752
4753
4754
4755
4756
4757
4758
4759
4761
4762
4763
4764
4766
4767
4768
4769
4770
4771
4772
4773
4774
4775
4776
4777
4778
4779
4780
4781
4782
4783
4784
4785
4786
4787
4789
4790
4791
4792
4793
4794
4795
4796
4798
4799
4800
4801
4802
4803
4804
4805
4806
4807
4808
4809
4810
4811
4813
4814
4816
4817
4818
4820
4821
4822
4823
4825
4826
4827
4828
4829
4830
4831
4832
4833
4834
4835
4836
4837
4838
4839
4840
4841
4842
4843
4844
4845
4846
4847
4848
4849
4850
4851
4852
4853
4854
4855
4856
4858
4859
4860
4861
4862
4863
4866
4867
4868
4870
4871
4872
4873
4874
4875
4876
4878
4879
4880
4881
4882
4883
4884
4885
4886
4887
4888
4889
4890
4891
4892
4893
4895
4896
4897
4898
4899
4900
4902
4903
4904
4905
4906
4907
4908
4909
4910
4911
4912
4913
4916
4917
4918
4919
4920
4921
4922
4923
4924
4925
4926
4927
4928
4929
4930
4931
4932
4933
4934
4935
4936
4937
4938
4939
4941
4942
4943
4944
4945
4946
4947
4950
4951
4952
4953
4954
4955
4956
4957
4958
4959
4960
4961
4962
4963
4964
4965
4966
4967
4968
4969
4970
4971
4972
4973
4974
4976
4977
4978
4979
4980
4981
4982
4983
4984
4985
4986
4987
4988
4989
4990
4991
4992
4993
4994
4995
4996
4997
4998
5000
5001
5003
5004
5005
5006
5007
5008
5009
5010
5011
5012
5013
5014
5015
5016
5017
5018
5019
5020
5021
5022
5023
5024
5025
5026
5027
5028
5029
5030
5031
5032
5033
5034
5036
5037
5038
5039
5040
5041
5042
5043
5044
5045
5046
5047
5048
5049
5050
5051
5052
5053
5055
5056
5057
5058
5059
5061
5062
5064
5065
5066
5067
5068
5069
5070
5071
5072
5073
5074
5075
5076
5077
5078
5079
5080
5081
5082
5083
5084
5085
5086
5087
5088
5089
5090
5091
5093
5094
5095
5096
5097
5098
5099
5101
5102
5103
5104
5105
5106
5108
5109
5110
5111
5112
5113
5114
5115
5116
5117
5118
5119
5120
5121
5122
5123
5124
5125
5126
5127
5128
5129
5130
5131
5132
5133
5134
5135
5136
5137
5138
5139
5140
5141
5142
5143
5144
5145
5146
5147
5148
5149
5150
5151
5152
5153
5154
5155
5157
5158
5159
5160
5161
5162
5163
5164
5165
5166
5167
5168
5169
5170
5171
5172
5173
5174
5175
5176
5177
5178
5179
5180
5181
5182
5183
5184
5186
5187
5188
5189
5190
5191
5192
5193
5194
5195
5196
5197
5198
5199
5200
5201
5202
5203
5204
5205
5206
5207
5208
5209
5210
5211
5212
5213
5214
5215
5216
5217
5218
5219
5221
5222
5223
5224
5225
5226
5227
5228
5229
5230
5231
5232
5235
5236
5237
5238
5239
5240
5241
5242
5243
5244
5245
5246
5247
5248
5249
5251
5252
5253
5254
5255
5257
5258
5259
5260
5261
5262
5263
5264
5265
5266
5267
5268
5270
5271
5272
5273
5274
5275
5276
5277
5278
5279
5280
5281
5282
5283
5284
5285
5287
5288
5289
5290
5291
5292
5293
5295
5296
5297
5298
5299
5300
5301
5302
5303
5304
5305
5306
5307
5308
5309
5310
5312
5313
5314
5315
5316
5317
5318
5319
5320
5321
5322
5323
5324
5325
5326
5327
5328
5330
5331
5332
5334
5335
5336
5337
5338
5339
5340
5342
5343
5344
5345
5346
5347
5348
5349
5350
5351
5352
5353
5354
5355
5356
5357
5358
5359
5360
5361
5362
5363
5364
5365
5366
5367
5368
5369
5370
5371
5372
5373
5374
5375
5376
5377
5378
5379
5380
5381
5382
5383
5384
5385
5386
5388
5389
5390
5391
5392
5394
5395
5396
5397
5398
5399
5400
5401
5402
5403
5404
5405
5406
5407
5408
5409
5411
5412
5413
5414
5416
5417
5418
5419
5420
5422
5423
5424
5425
5426
5427
5428
5429
5430
5431
5432
5433
5434
5435
5436
5437
5438
5439
5440
5441
5442
5443
5444
5445
5446
5447
5448
5449
5450
5451
5452
5453
5454
5455
5456
5457
5458
5459
5460
5461
5462
5463
5464
5465
5466
5467
5468
5469
5470
5471
5472
5473
5474
5475
5476
5477
5478
5479
5480
5481
5482
5483
5484
5485
5486
5487
5488
5489
5490
5491
5492
5493
5494
5495
5496
5497
5498
5499
5500
5501
5502
5503
5505
5506
5507
5508
5509
5510
5511
5512
5513
5514
5515
5516
5517
5518
5520
5521
5522
5523
5524
5525
5526
5527
5528
5529
5530
5531
5532
5533
5534
5535
5536
5537
5538
5540
5541
5543
5544
5545
5546
5547
5548
5549
5550
5551
5552
5553
5555
5557
5558
5559
5560
5561
5562
5563
5564
5565
5566
5567
5568
5570
5571
5572
5574
5575
5576
5577
5578
5579
5581
5582
5583
5584
5585
5586
5587
5588
5589
5590
5591
5592
5593
5594
5595
5596
5597
5598
5599
5600
5601
5602
5603
5604
5605
5606
5607
5608
5609
5610
5611
5612
5613
5614
5615
5617
5618
5619
5620
5621
5622
5623
5625
5626
5627
5628
5629
5630
5631
5632
5633
5634
5636
5637
5638
5639
5640
5641
5642
5643
5644
5645
5646
5647
5648
5649
5650
5651
5652
5653
5654
5655
5656
5657
5658
5659
5660
5661
5662
5663
5664
5665
5666
5667
5668
5670
5671
5672
5673
5674
5675
5676
5677
5678
5680
5681
5682
5683
5684
5685
5686
5687
5688
5689
5690
5691
5692
5693
5694
5695
5696
5697
5698
5699
5700
5701
5702
5703
5704
5705
5706
5707
5708
5709
5710
5711
5712
5713
5714
5715
5717
5718
5720
5721
5722
5723
5724
5725
5726
5727
5728
5729
5730
5731
5732
5733
5734
5735
5736
5737
5738
5739
5740
5741
5742
5743
5745
5746
5747
5748
5749
5750
5751
5752
5753
5754
5755
5756
5757
5758
5759
5761
5762
5763
5764
5765
5766
5767
5768
5769
5770
5771
5772
5774
5775
5776
5777
5778
5779
5780
5781
5782
5783
5784
5785
5786
5787
5788
5789
5790
5791
5792
5793
5794
5795
5796
5797
5798
5799
5800
5801
5802
5803
5804
5805
5807
5808
5809
5810
5813
5814
5815
5816
5817
5818
5819
5821
5822
5823
5824
5826
5827
5828
5829
5830
5832
5833
5834
5836
5837
5838
5839
5840
5842
5843
5844
5846
5847
5849
5850
5851
5852
5853
5854
5855
5856
5857
5858
5860
5861
5862
5864
5865
5866
5868
5869
5870
5871
5872
5873
5874
5875
5876
5877
5878
5879
5880
5882
5883
5886
5887
5888
5889
5891
5893
5894
5895
5896
5898
5899
5900
5901
5902
5903
5904
5905
5906
5907
5908
5909
5910
5911
5913
5914
5915
5916
5917
5918
5919
5920
5921
5922
5923
5924
5925
5926
5927
5928
5930
5931
5932
5933
5934
5935
5936
5937
5938
5939
5940
5941
5943
5944
5945
5946
5947
5948
5949
5950
5951
5952
5953
5954
5955
5956
5957
5958
5959
5961
5962
5963
5964
5966
5967
5968
5969
5970
5971
5972
5975
5976
5977
5978
5979
5980
5981
5982
5983
5984
5985
5986
5987
5988
5989
5990
5991
5992
5993
5994
5995
5996
5997
5998
5999
6000
6001
6003
6004
6005
6006
6007
6008
6009
6011
6012
6013
6014
6015
6016
6017
6018
6019
6020
6021
6022
6023
6024
6025
6026
6027
6029
6030
6031
6032
6033
6034
6036
6038
6039
6040
6041
6042
6043
6044
6045
6046
6047
6048
6049
6050
6051
6052
6053
6054
6056
6057
6058
6059
6060
6061
6062
6063
6064
6065
6066
6067
6068
6069
6070
6072
6073
6074
6075
6077
6078
6079
6080
6081
6082
6083
6084
6085
6086
6087
6088
6089
6090
6091
6092
6093
6094
6095
6096
6097
6098
6099
6100
6101
6102
6103
6104
6105
6106
6107
6108
6109
6110
6111
6113
6114
6115
6117
6118
6119
6121
6122
6123
6124
6125
6126
6127
6128
6129
6130
6131
6132
6133
6134
6135
6136
6138
6139
6140
6142
6143
6144
6145
6146
6147
6148
6149
6150
6151
6152
6153
6154
6155
6156
6157
6158
6159
6160
6161
6162
6163
6164
6165
6166
6167
6168
6169
6170
6171
6173
6174
6175
6176
6177
6178
6179
6180
6182
6183
6184
6185
6186
6187
6188
6189
6190
6191
6192
6193
6194
6195
6196
6197
6198
6199
6200
6201
6202
6203
6204
6205
6206
6207
6208
6209
6210
6211
6212
6214
6215
6216
6217
6218
6220
6221
6222
6223
6224
6225
6226
6227
6228
6229
6230
6231
6232
6233
6234
6235
6236
6237
6238
6239
6240
6241
6242
6243
6244
6245
6246
6248
6249
6250
6251
6252
6253
6254
6255
6256
6257
6258
6259
6260
6261
6262
6263
6264
6265
6266
6267
6268
6269
6270
6272
6275
6276
6277
6278
6279
6280
6281
6282
6283
6284
6286
6287
6288
6289
6290
6292
6293
6295
6296
6297
6298
6299
6300
6301
6302
6304
6305
6306
6307
6308
6309
6310
6311
6312
6313
6314
6316
6318
6319
6320
6321
6322
6323
6325
6326
6327
6328
6329
6330
6331
6332
6333
6334
6335
6336
6337
6338
6339
6340
6341
6342
6343
6344
6345
6346
6347
6348
6349
6350
6351
6352
6353
6354
6355
6356
6357
6358
6359
6360
6361
6362
6363
6364
6365
6367
6368
6369
6370
6371
6373
6374
6375
6376
6377
6378
6379
6380
6381
6382
6383
6384
6385
6386
6387
6388
6389
6390
6391
6392
6393
6394
6395
6396
6397
6398
6399
6400
6401
6402
6403
6405
6406
6407
6409
6410
6411
6414
6415
6416
6418
6419
6420
6421
6423
6424
6425
6426
6427
6428
6429
6430
6431
6433
6434
6435
6436
6437
6438
6439
6440
6441
6442
6444
6445
6446
6447
6448
6449
6450
6451
6452
6453
6454
6455
6456
6457
6458
6459
6460
6461
6462
6463
6464
6465
6466
6468
6469
6470
6471
6472
6473
6474
6475
6476
6477
6478
6479
6481
6482
6483
6484
6485
6486
6487
6488
6489
6491
6493
6494
6495
6496
6497
6498
6500
6501
6502
6503
6504
6505
6507
6508
6509
6510
6511
6513
6514
6515
6516
6517
6518
6519
6521
6522
6523
6525
6526
6527
6528
6529
6530
6531
6532
6533
6534
6535
6536
6537
6538
6539
6540
6541
6542
6543
6544
6545
6546
6547
6548
6549
6550
6551
6552
6553
6554
6555
6556
6557
6558
6559
6560
6561
6563
6564
6565
6566
6567
6568
6569
6570
6571
6572
6573
6574
6575
6576
6577
6578
6579
6580
6581
6582
6583
6584
6585
6587
6588
6589
6590
6591
6592
6593
6594
6595
6596
6599
6600
6601
6602
6603
6604
6605
6606
6607
6608
6609
6610
6611
6612
6613
6614
6615
6616
6617
6618
6620
6621
6622
6624
6625
6627
6628
6629
6630
6631
6632
6633
6634
6635
6636
6637
6638
6639
6640
6641
6642
6643
6644
6645
6646
6647
6648
6649
6650
6651
6652
6653
6655
6656
6657
6658
6659
6660
6662
6663
6664
6665
6666
6667
6668
6669
6670
6672
6673
6674
6675
6676
6677
6678
6679
6680
6681
6683
6684
6686
6687
6688
6689
6690
6691
6692
6693
6694
6695
6696
6697
6698
6699
6700
6701
6702
6703
6704
6705
6706
6707
6708
6709
6711
6712
6713
6714
6716
6717
6718
6719
6720
6721
6722
6723
6724
6725
6726
6727
6728
6729
6730
6731
6734
6735
6737
6738
6740
6741
6742
6743
6744
6745
6746
6747
6748
6749
6750
6751
6752
6754
6755
6756
6757
6758
6759
6761
6762
6763
6765
6766
6767
6768
6769
6770
6771
6772
6773
6774
6775
6776
6777
6778
6779
6780
6781
6782
6783
6784
6785
6787
6788
6789
6790
6791
6792
6794
6795
6796
6797
6798
6799
6800
6801
6802
6803
6804
6805
6806
6807
6809
6810
6811
6812
6813
6814
6816
6817
6819
6820
6821
6823
6824
6826
6829
6830
6832
6833
6834
6835
6836
6837
6838
6839
6841
6842
6843
6844
6845
6846
6847
6848
6849
6850
6851
6852
6853
6854
6855
6857
6858
6859
6860
6861
6862
6863
6864
6865
6866
6867
6868
6870
6871
6872
6873
6874
6875
6876
6878
6879
6880
6881
6882
6884
6885
6886
6887
6889
6891
6892
6896
6897
6898
6899
6900
6901
6902
6903
6905
6906
6907
6909
6910
6911
6912
6913
6914
6915
6916
6917
6918
6919
6920
6921
6922
6923
6924
6925
6926
6927
6928
6929
6930
6931
6932
6933
6934
6935
6936
6937
6939
6940
6941
6942
6943
6944
6945
6946
6947
6948
6949
6950
6951
6952
6953
6954
6956
6957
6958
6959
6960
6961
6962
6964
6965
6966
6967
6969
6970
6971
6972
6973
6974
6975
6976
6977
6978
6979
6980
6982
6983
6984
6985
6986
6987
6988
6989
6990
6991
6992
6993
6994
6995
6996
6998
6999
7001
7002
7003
7004
7005
7006
7007
7008
7009
7010
7011
7012
7013
7014
7016
7017
7018
7019
7020
7021
7022
7023
7025
7026
7027
7028
7029
7030
7031
7032
7033
7034
7035
7037
7038
7039
7040
7041
7042
7043
7044
7045
7047
7048
7049
7051
7052
7054
7055
7056
7057
7058
7059
7060
7061
7062
7063
7064
7065
7066
7067
7068
7070
7071
7072
7073
7075
7076
7077
7078
7079
7080
7081
7082
7083
7084
7085
7086
7087
7088
7090
7091
7092
7093
7095
7096
7097
7098
7099
7100
7101
7102
7104
7106
7107
7108
7110
7111
7112
7113
7115
7116
7117
7119
7120
7121
7122
7123
7124
7125
7126
7127
7129
7130
7131
7132
7133
7134
7135
7136
7137
7138
7139
7140
7141
7142
7143
7144
7145
7146
7147
7148
7149
7150
7151
7152
7153
7154
7155
7156
7157
7158
7159
7160
7161
7162
7163
7164
7166
7167
7169
7170
7171
7172
7173
7174
7175
7176
7177
7178
7179
7180
7181
7182
7183
7185
7186
7187
7188
7189
7190
7191
7192
7193
7194
7195
7196
7197
7198
7199
7201
7202
7204
7205
7206
7207
7208
7209
7210
7211
7212
7213
7214
7215
7217
7220
7222
7224
7225
7226
7227
7228
7229
7230
7231
7233
7234
7236
7238
7239
7240
7241
7242
7243
7244
7245
7246
7247
7248
7249
7250
7251
7252
7255
7256
7258
7259
7260
7261
7262
7263
7265
7267
7268
7270
7271
7272
7274
7275
7276
7277
7278
7279
7280
7281
7283
7284
7285
7286
7287
7288
7289
7290
7291
7292
7293
7294
7295
7296
7297
7298
7299
7301
7302
7303
7304
7305
7306
7307
7308
7309
7310
7313
7314
7315
7316
7317
7318
7319
7320
7321
7322
7324
7325
7326
7327
7328
7329
7330
7332
7333
7334
7335
7336
7337
7338
7339
7340
7341
7343
7344
7345
7346
7348
7349
7350
7351
7352
7353
7354
7355
7359
7360
7361
7362
7363
7364
7365
7366
7367
7368
7369
7370
7371
7372
7373
7374
7375
7376
7377
7378
7379
7380
7381
7382
7383
7385
7386
7387
7389
7390
7391
7392
7393
7394
7395
7396
7398
7399
7401
7402
7403
7404
7407
7408
7409
7410
7411
7412
7413
7415
7416
7417
7418
7419
7420
7421
7423
7424
7425
7426
7427
7428
7429
7430
7431
7432
7434
7435
7436
7437
7438
7439
7440
7441
7442
7444
7445
7446
7447
7448
7449
7450
7451
7454
7455
7457
7458
7459
7460
7461
7462
7463
7464
7465
7466
7467
7468
7469
7470
7471
7472
7473
7474
7476
7477
7478
7479
7480
7481
7482
7483
7484
7485
7486
7487
7489
7490
7491
7492
7493
7494
7495
7496
7497
7498
7499
7500
7501
7502
7503
7505
7506
7508
7509
7510
7511
7512
7513
7514
7515
7516
7519
7520
7521
7522
7523
7525
7526
7527
7528
7530
7531
7532
7533
7534
7535
7537
7538
7539
7540
7541
7542
7543
7544
7545
7546
7547
7549
7551
7552
7553
7554
7555
7556
7557
7558
7559
7560
7561
7563
7564
7565
7566
7567
7568
7569
7570
7571
7573
7574
7575
7576
7578
7579
7580
7581
7582
7583
7584
7586
7587
7588
7589
7590
7591
7592
7593
7594
7595
7596
7597
7598
7599
7600
7601
7602
7604
7605
7606
7607
7608
7609
7610
7611
7612
7613
7615
7616
7617
7618
7619
7620
7621
7622
7624
7625
7626
7627
7628
7629
7630
7632
7633
7634
7635
7636
7637
7638
7639
7640
7641
7642
7643
7644
7645
7647
7649
7650
7651
7652
7653
7654
7655
7657
7658
7659
7660
7662
7663
7664
7665
7666
7667
7669
7670
7671
7672
7673
7674
7675
7676
7677
7678
7679
7681
7682
7683
7684
7685
7686
7687
7688
7689
7690
7691
7692
7693
7694
7695
7696
7697
7698
7699
7700
7701
7703
7705
7706
7707
7708
7709
7710
7711
7712
7713
7714
7715
7716
7717
7718
7719
7720
7721
7722
7723
7724
7725
7726
7727
7728
7729
7730
7731
7732
7733
7734
7735
7736
7737
7738
7739
7741
7742
7743
7744
7745
7746
7747
7748
7749
7750
7751
7752
7753
7755
7756
7757
7758
7759
7760
7761
7762
7763
7764
7765
7766
7767
7768
7770
7771
7772
7773
7775
7776
7777
7778
7779
7780
7781
7782
7783
7784
7785
7786
7787
7788
7789
7790
7791
7792
7793
7794
7795
7797
7798
7799
7800
7802
7803
7804
7805
7806
7807
7808
7810
7811
7812
7813
7815
7817
7818
7819
7820
7821
7822
7823
7824
7825
7826
7827
7828
7829
7830
7831
7832
7833
7834
7836
7837
7838
7839
7840
7841
7842
7843
7844
7845
7848
7849
7850
7851
7852
7853
7854
7856
7858
7859
7860
7861
7862
7863
7864
7865
7866
7867
7869
7870
7871
7872
7873
7874
7875
7876
7877
7878
7879
7880
7881
7883
7884
7885
7886
7887
7888
7889
7890
7891
7892
7895
7896
7897
7898
7899
7900
7901
7902
7904
7905
7906
7907
7908
7909
7910
7911
7912
7913
7914
7915
7916
7917
7918
7919
7920
7921
7922
7923
7924
7925
7926
7928
7929
7930
7931
7933
7934
7935
7936
7937
7939
7940
7941
7942
7943
7944
7945
7946
7947
7948
7949
7950
7952
7953
7954
7955
7956
7957
7960
7961
7962
7963
7964
7965
7966
7967
7968
7969
7972
7973
7974
7976
7977
7978
7979
7980
7981
7982
7983
7984
7985
7986
7987
7988
7990
7991
7992
7993
7994
7995
7999
8001
8002
8003
8004
8005
8006
8007
8009
8010
8011
8012
8013
8014
8015
8016
8017
8018
8019
8020
8021
8022
8023
8024
8025
8026
8027
8028
8029
8030
8031
8032
8033
8034
8036
8037
8038
8039
8040
8041
8042
8043
8044
8045
8046
8047
8049
8050
8051
8052
8053
8054
8055
8056
8057
8058
8059
8060
8061
8062
8063
8064
8065
8066
8068
8069
8070
8071
8072
8073
8074
8075
8076
8077
8078
8079
8080
8081
8082
8083
8084
8085
8086
8087
8088
8089
8090
8091
8092
8094
8095
8096
8097
8098
8099
8101
8102
8103
8104
8105
8106
8107
8108
8109
8110
8111
8112
8113
8114
8115
8116
8117
8118
8119
8120
8121
8123
8125
8126
8127
8128
8129
8130
8132
8133
8134
8135
8136
8137
8138
8139
8140
8141
8142
8143
8144
8145
8146
8147
8148
8149
8150
8151
8152
8153
8154
8155
8156
8157
8158
8159
8160
8161
8162
8163
8164
8165
8166
8167
8168
8169
8170
8171
8172
8173
8174
8176
8177
8178
8179
8180
8181
8182
8184
8185
8186
8187
8188
8189
8190
8191
8192
8193
8194
8195
8196
8198
8199
8200
8201
8202
8203
8204
8205
8206
8207
8208
8209
8210
8211
8212
8213
8214
8215
8217
8218
8219
8220
8221
8222
8223
8224
8225
8226
8227
8228
8229
8230
8231
8232
8233
8234
8235
8236
8237
8238
8239
8240
8241
8242
8243
8244
8245
8246
8247
8248
8249
8250
8251
8252
8253
8254
8255
8256
8257
8259
8260
8261
8262
8263
8264
8265
8266
8268
8269
8270
8271
8272
8273
8274
8275
8276
8277
8278
8279
8280
8281
8282
8284
8285
8286
8288
8289
8291
8292
8293
8294
8295
8296
8297
8298
8299
8300
8302
8303
8304
8305
8306
8307
8308
8309
8310
8311
8312
8313
8314
8315
8316
8317
8318
8319
8320
8321
8323
8324
8325
8326
8327
8328
8329
8330
8332
8333
8334
8335
8336
8337
8338
8339
8340
8341
8342
8343
8344
8345
8346
8347
8348
8349
8350
8351
8354
8355
8357
8358
8359
8360
8361
8362
8363
8364
8365
8366
8367
8368
8369
8371
8372
8373
8374
8375
8376
8377
8378
8379
8380
8381
8383
8384
8385
8386
8387
8388
8389
8390
8391
8392
8393
8394
8395
8396
8397
8398
8400
8401
8402
8403
8404
8405
8406
8407
8409
8410
8411
8412
8413
8415
8416
8418
8419
8420
8422
8423
8425
8426
8427
8428
8429
8430
8431
8432
8433
8434
8435
8436
8437
8438
8439
8440
8441
8442
8443
8444
8445
8446
8447
8448
8449
8450
8451
8452
8453
8454
8455
8456
8457
8458
8459
8460
8461
8462
8463
8464
8465
8466
8467
8468
8469
8470
8471
8472
8473
8474
8475
8476
8477
8478
8479
8480
8481
8482
8483
8484
8485
8486
8487
8488
8489
8490
8491
8492
8493
8494
8495
8496
8497
8498
8499
8500
8501
8502
8503
8504
8505
8506
8507
8508
8509
8510
8511
8512
8513
8515
8516
8518
8519
8521
8522
8523
8524
8525
8526
8527
8529
8530
8531
8532
8533
8534
8535
8536
8537
8539
8540
8541
8542
8543
8544
8545
8547
8548
8549
8550
8552
8553
8554
8555
8556
8557
8558
8559
8560
8561
8563
8564
8565
8566
8568
8569
8570
8571
8573
8574
8576
8577
8578
8580
8581
8583
8584
8585
8586
8587
8588
8589
8591
8592
8593
8594
8595
8596
8597
8598
8599
8600
8601
8602
8604
8605
8606
8607
8608
8610
8611
8612
8613
8614
8615
8616
8617
8618
8619
8621
8622
8623
8624
8625
8626
8627
8628
8630
8631
8632
8633
8634
8635
8636
8637
8638
8639
8640
8642
8643
8644
8645
8646
8647
8648
8650
8651
8652
8653
8654
8655
8656
8657
8658
8659
8660
8661
8662
8663
8664
8665
8666
8667
8668
8669
8670
8671
8672
8673
8674
8677
8678
8679
8680
8681
8682
8683
8684
8685
8686
8687
8689
8690
8691
8692
8693
8694
8695
8696
8697
8698
8699
8700
8701
8702
8703
8704
8705
8706
8707
8708
8709
8710
8711
8712
8713
8714
8716
8717
8718
8719
8720
8721
8722
8723
8725
8727
8728
8731
8732
8733
8734
8735
8736
8737
8738
8739
8740
8741
8742
8743
8744
8745
8746
8747
8748
8749
8750
8751
8752
8753
8754
8755
8756
8757
8758
8759
8760
8761
8762
8764
8765
8766
8767
8768
8769
8770
8771
8772
8775
8776
8777
8778
8779
8780
8781
8783
8784
8785
8786
8788
8790
8791
8793
8794
8795
8796
8797
8798
8799
8800
8801
8802
8803
8804
8805
8806
8807
8808
8809
8810
8811
8812
8813
8814
8815
8817
8818
8820
8821
8822
8823
8825
8826
8827
8828
8829
8831
8833
8834
8835
8836
8837
8838
8839
8840
8842
8843
8844
8845
8846
8847
8848
8849
8850
8851
8852
8853
8854
8855
8856
8857
8858
8860
8861
8862
8863
8864
8865
8866
8867
8868
8869
8870
8871
8872
8873
8874
8875
8876
8877
8878
8879
8880
8881
8882
8883
8884
8885
8887
8888
8890
8891
8892
8893
8894
8895
8896
8897
8898
8899
8900
8901
8903
8904
8905
8906
8907
8908
8909
8910
8911
8912
8913
8914
8915
8917
8918
8919
8920
8921
8922
8923
8924
8925
8926
8927
8928
8929
8930
8931
8932
8933
8934
8936
8937
8938
8940
8941
8942
8943
8944
8945
8947
8948
8949
8950
8951
8952
8953
8954
8955
8956
8957
8958
8959
8960
8962
8963
8964
8966
8967
8968
8969
8970
8971
8972
8973
8974
8976
8977
8978
8979
8980
8981
8982
8983
8984
8985
8986
8987
8988
8989
8990
8991
8992
8993
8994
8995
8996
8997
8998
8999
9001
9002
9003
9004
9005
9006
9007
9008
9009
9010
9011
9012
9013
9014
9015
9017
9019
9020
9021
9022
9023
9024
9025
9026
9028
9029
9030
9031
9032
9033
9034
9035
9036
9037
9038
9039
9040
9041
9042
9043
9044
9045
9046
9047
9048
9049
9050
9051
9052
9053
9054
9055
9056
9057
9059
9060
9061
9062
9063
9064
9065
9066
9067
9069
9070
9071
9072
9073
9074
9075
9076
9077
9079
9082
9083
9084
9085
9087
9088
9089
9090
9091
9092
9093
9094
9095
9096
9097
9098
9100
9101
9102
9103
9104
9105
9106
9107
9108
9109
9110
9111
9112
9113
9114
9115
9116
9117
9118
9119
9120
9121
9123
9124
9125
9128
9129
9131
9132
9133
9134
9135
9136
9137
9138
9139
9140
9141
9142
9143
9144
9146
9147
9148
9149
9150
9152
9153
9154
9155
9156
9157
9158
9159
9162
9163
9164
9166
9167
9168
9169
9170
9171
9172
9174
9175
9176
9178
9180
9181
9182
9184
9185
9186
9187
9188
9189
9190
9191
9192
9193
9194
9195
9196
9197
9198
9199
9200
9201
9202
9203
9204
9205
9207
9208
9209
9210
9211
9212
9213
9214
9215
9216
9217
9218
9219
9221
9222
9223
9226
9227
9229
9230
9231
9232
9233
9234
9235
9236
9237
9238
9239
9240
9241
9242
9244
9245
9247
9248
9249
9250
9251
9252
9253
9254
9255
9257
9258
9259
9261
9262
9263
9264
9265
9266
9267
9268
9269
9272
9273
9274
9276
9277
9278
9279
9280
9281
9282
9283
9284
9285
9286
9287
9288
9289
9290
9292
9293
9294
9295
9296
9297
9298
9299
9300
9301
9302
9303
9304
9305
9306
9307
9308
9309
9310
9311
9312
9313
9314
9315
9317
9318
9319
9321
9325
9326
9327
9328
9331
9332
9333
9335
9336
9337
9338
9339
9340
9341
9342
9343
9344
9345
9346
9347
9348
9350
9351
9352
9353
9354
9355
9356
9357
9358
9360
9361
9362
9363
9364
9366
9367
9368
9369
9370
9371
9372
9373
9374
9375
9376
9377
9378
9379
9380
9381
9383
9384
9385
9386
9388
9389
9390
9391
9392
9393
9394
9395
9397
9398
9399
9400
9402
9403
9404
9405
9406
9407
9408
9409
9410
9411
9412
9413
9414
9415
9416
9417
9418
9419
9420
9421
9423
9424
9425
9426
9427
9428
9429
9430
9431
9432
9433
9434
9435
9437
9440
9441
9442
9443
9444
9445
9446
9447
9448
9449
9450
9452
9453
9454
9455
9457
9460
9461
9462
9463
9464
9465
9466
9467
9468
9469
9471
9472
9473
9474
9475
9476
9477
9478
9480
9481
9482
9483
9484
9485
9486
9487
9489
9490
9492
9493
9494
9495
9496
9497
9499
9500
9501
9502
9503
9504
9505
9506
9508
9509
9510
9512
9513
9515
9516
9517
9518
9519
9521
9522
9523
9525
9526
9527
9529
9531
9532
9534
9535
9536
9537
9538
9539
9540
9541
9542
9543
9544
9545
9546
9548
9550
9551
9552
9553
9554
9555
9556
9557
9559
9560
9561
9562
9563
9564
9565
9566
9567
9568
9569
9570
9571
9572
9573
9574
9575
9576
9577
9578
9579
9581
9582
9583
9584
9585
9586
9587
9589
9590
9591
9592
9593
9594
9596
9597
9599
9601
9602
9603
9605
9606
9607
9609
9610
9611
9612
9613
9614
9615
9617
9618
9619
9620
9621
9622
9623
9624
9625
9626
9627
9628
9629
9630
9632
9633
9634
9635
9636
9637
9638
9639
9640
9641
9642
9643
9645
9646
9647
9648
9649
9650
9651
9652
9653
9654
9655
9656
9657
9658
9659
9660
9662
9663
9664
9665
9666
9667
9668
9669
9670
9671
9672
9674
9675
9676
9678
9679
9680
9681
9682
9683
9684
9685
9686
9687
9688
9689
9690
9691
9692
9694
9695
9696
9697
9698
9699
9700
9701
9703
9704
9705
9707
9709
9710
9711
9712
9713
9714
9715
9716
9718
9719
9720
9721
9722
9723
9724
9725
9726
9727
9728
9729
9730
9731
9732
9733
9734
9735
9736
9737
9738
9739
9740
9742
9743
9744
9745
9746
9747
9748
9749
9750
9751
9752
9753
9754
9755
9756
9757
9758
9760
9761
9762
9763
9764
9765
9766
9767
9768
9769
9770
9771
9772
9773
9774
9775
9776
9777
9778
9779
9780
9781
9782
9783
9784
9785
9787
9788
9789
9790
9791
9793
9795
9796
9797
9798
9799
9800
9801
9802
9803
9804
9805
9806
9807
9808
9809
9810
9811
9812
9813
9814
9815
9816
9817
9819
9820
9821
9822
9823
9825
9826
9827
9828
9829
9830
9831
9832
9833
9834
9835
9836
9837
9838
9839
9840
9842
9845
9846
9847
9848
9849
9850
9851
9852
9853
9854
9855
9856
9857
9858
9859
9862
9863
9864
9865
9867
9868
9869
9870
9871
9872
9874
9877
9878
9879
9880
9881
9882
9884
9885
9886
9888
9889
9890
9891
9892
9893
9894
9895
9896
9897
9899
9900
9901
9902
9903
9904
9905
9906
9907
9908
9909
9910
9911
9912
9913
9914
9915
9916
9918
9919
9920
9921
9923
9924
9926
9927
9928
9929
9930
9932
9933
9936
9937
9938
9940
9941
9942
9943
9944
9945
9946
9947
9948
9949
9950
9951
9952
9953
9954
9955
9956
9957
9958
9959
9960
9961
9962
9963
9964
9965
9966
9967
9968
9969
9970
9971
9972
9973
9974
9975
9976
9977
9978
9979
9980
9981
9984
9985
9986
9987
9988
9989
9990
9991
9992
9994
9995
9996
9997
9998
10000
10001
10002
10003
10004
10005
10006
10007
10008
10009
10010
10011
10012
10013
10014
10016
10017
10018
10019
10020
10021
10022
10023
10024
10025
10026
10027
10028
10029
10030
10031
10032
10033
10034
10035
10036
10037
10038
10039
10040
10041
10042
10044
10045
10046
10047
10049
10050
10052
10053
10055
10056
10057
10058
10059
10060
10061
10062
10063
10065
10066
10069
10070
10071
10073
10074
10076
10077
10078
10079
10080
10081
10082
10083
10084
10085
10086
10087
10088
10089
10090
10091
10092
10094
10095
10096
10097
10098
10101
10102
10103
10104
10107
10108
10110
10111
10112
10113
10114
10115
10116
10118
10120
10121
10122
10123
10124
10125
10126
10127
10128
10129
10130
10132
10133
10134
10135
10136
10137
10138
10139
10140
10141
10142
10143
10145
10146
10147
10148
10149
10150
10151
10152
10153
10154
10155
10156
10157
10158
10159
10160
10162
10163
10165
10166
10167
10168
10169
10170
10172
10173
10174
10176
10177
10179
10180
10181
10182
10183
10184
10185
10186
10187
10188
10189
10190
10191
10192
10193
10194
10195
10196
10198
10199
10200
10201
10202
10203
10205
10206
10207
10208
10209
10210
10211
10212
10213
10217
10218
10219
10220
10222
10223
10225
10226
10228
10229
10230
10231
10232
10234
10235
10236
10238
10239
10240
10241
10242
10243
10244
10245
10246
10248
10249
10250
10252
10253
10254
10255
10256
10257
10258
10259
10260
10261
10262
10263
10264
10265
10266
10267
10268
10269
10270
10271
10272
10273
10274
10275
10276
10277
10278
10279
10280
10281
10282
10283
10284
10286
10287
10288
10289
10290
10291
10292
10293
10294
10296
10297
10298
10299
10300
10301
10302
10304
10305
10306
10307
10308
10309
10310
10311
10312
10313
10314
10315
10316
10317
10318
10319
10320
10321
10322
10323
10324
10325
10327
10329
10330
10331
10332
10333
10334
10335
10336
10337
10338
10339
10341
10342
10343
10344
10345
10346
10347
10348
10349
10350
10351
10352
10354
10355
10356
10357
10358
10359
10361
10362
10364
10365
10366
10368
10369
10371
10372
10373
10374
10375
10376
10377
10378
10379
10380
10381
10382
10383
10384
10385
10386
10388
10390
10391
10392
10393
10394
10396
10398
10399
10400
10401
10402
10403
10404
10405
10406
10408
10410
10412
10413
10414
10415
10416
10417
10419
10420
10423
10424
10425
10426
10427
10429
10430
10431
10432
10433
10434
10435
10436
10437
10438
10440
10441
10442
10443
10444
10445
10446
10447
10450
10451
10452
10453
10454
10455
10457
10458
10459
10460
10462
10463
10464
10465
10466
10467
10468
10469
10470
10472
10473
10474
10476
10477
10478
10479
10480
10481
10482
10483
10484
10485
10486
10487
10490
10491
10492
10493
10494
10495
10497
10498
10499
10500
10501
10502
10503
10504
10505
10506
10507
10508
10510
10511
10512
10513
10514
10515
10516
10517
10518
10519
10521
10522
10524
10525
10526
10527
10528
10529
10530
10531
10532
10533
10534
10535
10536
10537
10539
10540
10542
10543
10544
10545
10546
10548
10550
10551
10552
10553
10556
10557
10558
10559
10560
10561
10562
10563
10564
10565
10568
10569
10570
10572
10573
10574
10575
10576
10578
10579
10580
10581
10582
10583
10584
10585
10588
10589
10590
10591
10592
10593
10594
10596
10597
10598
10600
10601
10602
10603
10604
10605
10606
10607
10608
10610
10611
10612
10613
10614
10615
10616
10617
10618
10619
10620
10621
10623
10624
10625
10626
10627
10628
10629
10630
10631
10632
10633
10634
10635
10636
10637
10639
10640
10641
10642
10643
10644
10646
10649
10650
10652
10653
10655
10657
10658
10659
10660
10661
10662
10663
10664
10665
10666
10667
10668
10669
10670
10672
10673
10674
10675
10676
10677
10678
10679
10680
10681
10684
10685
10686
10689
10690
10691
10692
10693
10694
10695
10696
10697
10698
10699
10700
10701
10702
10703
10705
10706
10708
10709
10710
10711
10712
10713
10714
10715
10716
10717
10719
10720
10721
10723
10724
10725
10727
10728
10729
10730
10731
10732
10733
10734
10735
10736
10738
10739
10740
10741
10742
10743
10744
10746
10747
10749
10750
10751
10752
10753
10754
10755
10756
10757
10758
10759
10760
10761
10762
10763
10764
10767
10768
10771
10772
10773
10774
10775
10776
10777
10778
10779
10782
10784
10785
10786
10787
10788
10789
10790
10791
10792
10793
10795
10796
10798
10799
10800
10801
10804
10805
10806
10807
10808
10809
10811
10812
10813
10814
10815
10816
10817
10818
10819
10820
10822
10823
10824
10825
10826
10827
10828
10829
10830
10831
10832
10833
10834
10835
10836
10837
10838
10839
10840
10842
10843
10844
10845
10846
10847
10849
10850
10851
10852
10853
10854
10856
10857
10858
10859
10860
10861
10862
10863
10864
10866
10867
10868
10869
10870
10872
10873
10874
10875
10876
10877
10878
10880
10881
10882
10883
10884
10885
10886
10887
10888
10889
10890
10891
10892
10893
10895
10896
10897
10898
10899
10900
10901
10902
10903
10904
10906
10907
10908
10911
10912
10913
10914
10915
10916
10917
10918
10919
10920
10921
10923
10925
10926
10927
10928
10929
10930
10931
10932
10934
10936
10937
10938
10939
10940
10941
10942
10944
10946
10947
10950
10951
10952
10953
10954
10955
10956
10957
10958
10959
10960
10961
10962
10964
10965
10966
10967
10968
10969
10970
10971
10972
10973
10974
10975
10976
10977
10978
10979
10980
10981
10982
10984
10985
10988
10989
10990
10991
10993
10994
10996
10997
10999
11000
11002
11004
11006
11007
11008
11009
11010
11011
11012
11013
11014
11015
11016
11017
11018
11020
11021
11022
11023
11024
11025
11026
11028
11029
11030
11031
11032
11033
11034
11035
11036
11038
11039
11040
11041
11043
11044
11045
11046
11047
11048
11049
11051
11053
11054
11055
11057
11058
11059
11061
11062
11063
11064
11065
11066
11067
11069
11070
11071
11072
11073
11074
11075
11076
11077
11078
11079
11080
11081
11083
11084
11085
11086
11087
11088
11089
11090
11091
11092
11093
11094
11095
11096
11097
11098
11099
11100
11101
11102
11103
11104
11105
11106
11107
11108
11109
11111
11112
11113
11114
11115
11116
11117
11118
11119
11120
11121
11122
11123
11124
11125
11126
11127
11128
11129
11130
11131
11132
11133
11134
11135
11136
11137
11139
11140
11141
11142
11143
11144
11145
11146
11147
11149
11150
11151
11152
11153
11154
11155
11156
11157
11158
11159
11160
11161
11162
11163
11164
11165
11166
11167
11168
11170
11171
11172
11173
11174
11176
11177
11178
11179
11180
11181
11183
11184
11185
11187
11188
11189
11190
11191
11192
11193
11194
11195
11196
11197
11198
11201
11202
11203
11204
11205
11206
11207
11208
11209
11210
11211
11212
11214
11215
11216
11217
11218
11219
11220
11221
11222
11223
11224
11225
11227
11229
11230
11231
11232
11233
11234
11236
11238
11239
11240
11241
11242
11243
11244
11245
11246
11247
11248
11249
11250
11251
11253
11254
11255
11256
11257
11258
11259
11260
11261
11262
11263
11264
11265
11266
11267
11268
11269
11270
11271
11272
11273
11274
11276
11277
11278
11279
11280
11282
11283
11284
11285
11287
11288
11289
11290
11291
11293
11294
11295
11296
11297
11298
11299
11300
11302
11304
11305
11306
11307
11308
11309
11310
11311
11312
11313
11314
11315
11316
11317
11318
11319
11320
11321
11322
11323
11324
11325
11326
11327
11328
11329
11330
11331
11332
11333
11334
11335
11336
11340
11341
11342
11344
11345
11346
11347
11348
11349
11350
11351
11352
11353
11354
11355
11356
11357
11358
11359
11360
11361
11362
11363
11365
11367
11368
11369
11371
11372
11374
11376
11377
11378
11379
11380
11381
11382
11383
11385
11386
11387
11389
11390
11391
11393
11394
11395
11396
11397
11398
11399
11400
11401
11402
11404
11405
11406
11407
11408
11409
11410
11411
11413
11414
11415
11416
11417
11418
11419
11420
11421
11422
11423
11424
11425
11426
11427
11428
11429
11430
11431
11432
11433
11434
11436
11437
11438
11439
11440
11441
11442
11443
11444
11446
11447
11448
11450
11451
11452
11453
11455
11456
11457
11458
11459
11461
11464
11465
11466
11467
11469
11471
11473
11474
11475
11476
11477
11478
11479
11480
11481
11482
11483
11484
11485
11486
11488
11489
11490
11491
11492
11493
11495
11496
11497
11498
11499
11500
11501
11502
11503
11504
11505
11506
11507
11508
11509
11510
11511
11512
11513
11514
11515
11516
11518
11519
11520
11521
11524
11525
11527
11528
11529
11531
11532
11533
11534
11535
11536
11537
11538
11539
11540
11541
11542
11543
11544
11545
11546
11547
11548
11549
11550
11551
11552
11553
11554
11555
11556
11557
11559
11560
11561
11562
11563
11564
11565
11566
11567
11568
11569
11570
11571
11572
11573
11574
11576
11577
11578
11579
11583
11585
11587
11588
11590
11591
11592
11593
11594
11595
11596
11597
11598
11599
11601
11602
11603
11604
11605
11606
11607
11608
11609
11610
11611
11612
11614
11615
11616
11617
11618
11619
11620
11621
11622
11624
11626
11627
11628
11629
11630
11631
11632
11633
11634
11635
11636
11637
11638
11639
11640
11641
11642
11643
11644
11645
11646
11647
11648
11649
11650
11651
11652
11653
11654
11655
11656
11657
11658
11659
11660
11661
11662
11663
11664
11665
11666
11667
11668
11669
11670
11671
11672
11673
11674
11675
11676
11677
11678
11679
11680
11681
11684
11685
11686
11687
11688
11689
11690
11691
11693
11694
11695
11696
11697
11698
11701
11703
11704
11706
11707
11708
11709
11710
11711
11712
11715
11716
11717
11718
11719
11720
11721
11722
11723
11724
11725
11726
11727
11728
11729
11730
11732
11733
11735
11736
11737
11740
11741
11742
11743
11744
11746
11747
11748
11750
11751
11752
11753
11754
11755
11756
11757
11758
11760
11761
11762
11763
11764
11765
11766
11767
11768
11771
11772
11774
11775
11776
11778
11779
11780
11781
11782
11783
11784
11785
11786
11787
11788
11789
11790
11791
11792
11794
11795
11797
11798
11799
11800
11801
11803
11804
11805
11806
11807
11809
11810
11811
11812
11813
11814
11815
11816
11817
11818
11819
11820
11821
11822
11823
11824
11825
11827
11828
11829
11830
11831
11832
11835
11836
11837
11838
11839
11840
11842
11843
11844
11845
11846
11847
11848
11850
11851
11852
11853
11855
11856
11857
11858
11859
11860
11861
11862
11863
11864
11865
11868
11869
11870
11871
11872
11873
11874
11875
11877
11878
11879
11880
11881
11882
11883
11885
11886
11888
11889
11890
11892
11893
11894
11895
11896
11897
11898
11899
11900
11901
11902
11903
11904
11905
11906
11908
11909
11910
11911
11912
11913
11914
11915
11916
11917
11918
11919
11920
11921
11922
11923
11925
11926
11927
11928
11930
11931
11932
11933
11936
11937
11939
11940
11941
11942
11943
11944
11946
11947
11948
11949
11950
11951
11952
11954
11955
11956
11957
11958
11959
11960
11961
11962
11963
11964
11965
11966
11967
11968
11969
11971
11972
11973
11974
11975
11976
11977
11978
11979
11980
11982
11983
11984
11985
11986
11987
11988
11990
11991
11992
11993
11994
11995
11996
11998
11999
12000
12001
12002
12003
12005
12006
12008
12009
12011
12013
12015
12017
12018
12019
12020
12021
12022
12023
12024
12025
12026
12028
12029
12033
12034
12036
12037
12039
12040
12041
12043
12044
12045
12047
12048
12049
12051
12052
12054
12055
12056
12058
12060
12061
12062
12064
12065
12066
12067
12068
12070
12071
12072
12073
12075
12076
12077
12078
12079
12080
12081
12082
12083
12084
12086
12087
12088
12089
12090
12091
12092
12094
12095
12096
12097
12098
12099
12100
12101
12102
12103
12104
12105
12106
12107
12109
12110
12111
12112
12113
12114
12115
12117
12118
12119
12120
12121
12123
12125
12126
12128
12129
12130
12131
12132
12133
12134
12135
12137
12138
12139
12140
12141
12142
12143
12145
12146
12147
12149
12150
12151
12152
12153
12154
12155
12156
12157
12159
12160
12161
12162
12163
12164
12165
12166
12167
12168
12169
12170
12171
12172
12173
12176
12178
12179
12180
12181
12182
12183
12184
12185
12187
12188
12189
12191
12192
12193
12194
12195
12196
12197
12198
12199
12201
12202
12203
12204
12205
12206
12207
12208
12210
12211
12212
12214
12215
12216
12217
12218
12219
12220
12221
12222
12223
12224
12225
12226
12227
12230
12231
12232
12233
12234
12235
12237
12238
12239
12240
12241
12242
12243
12244
12245
12247
12248
12249
12250
12251
12253
12254
12255
12257
12258
12259
12261
12262
12263
12264
12265
12266
12267
12268
12269
12270
12271
12272
12273
12274
12275
12277
12278
12279
12282
12283
12284
12285
12286
12287
12288
12289
12290
12291
12292
12294
12295
12296
12297
12298
12300
12301
12303
12304
12305
12306
12307
12308
12309
12311
12312
12313
12314
12315
12316
12317
12319
12320
12321
12322
12323
12324
12325
12326
12327
12330
12331
12332
12333
12334
12335
12336
12337
12338
12339
12340
12341
12342
12343
12344
12345
12346
12347
12348
12350
12351
12352
12353
12354
12355
12356
12357
12358
12359
12361
12362
12363
12365
12366
12367
12368
12369
12370
12371
12373
12375
12376
12377
12378
12379
12380
12381
12383
12385
12386
12388
12389
12390
12391
12392
12393
12394
12395
12396
12397
12398
12399
12400
12401
12402
12403
12404
12405
12406
12408
12409
12410
12412
12413
12414
12415
12416
12417
12418
12419
12421
12422
12423
12424
12425
12426
12427
12428
12429
12430
12431
12432
12435
12436
12437
12439
12441
12442
12443
12444
12446
12447
12448
12449
12450
12451
12452
12453
12454
12455
12456
12457
12458
12459
12460
12461
12462
12463
12464
12466
12467
12468
12470
12471
12472
12473
12475
12476
12477
12478
12479
12480
12481
12482
12484
12485
12486
12488
12489
12490
12491
12492
12493
12494
12495
12496
12497
12498
12500
12501
12502
12503
12504
12505
12506
12509
12510
12511
12513
12515
12516
12517
12518
12519
12520
12521
12522
12523
12524
12525
12526
12527
12528
12529
12530
12531
12532
12533
12535
12536
12537
12538
12539
12540
12541
12542
12543
12544
12545
12546
12547
12548
12549
12550
12551
12552
12554
12555
12556
12557
12558
12559
12561
12562
12563
12564
12566
12567
12568
12569
12570
12571
12572
12573
12574
12576
12577
12578
12579
12580
12581
12582
12583
12584
12585
12586
12587
12588
12590
12593
12594
12597
12601
12602
12603
12604
12606
12607
12608
12609
12610
12611
12612
12613
12614
12615
12616
12617
12618
12619
12620
12621
12622
12623
12624
12626
12627
12629
12630
12631
12633
12636
12637
12638
12639
12640
12641
12642
12643
12644
12645
12646
12647
12648
12649
12650
12651
12652
12653
12654
12655
12656
12657
12659
12660
12661
12662
12663
12664
12665
12668
12669
12671
12672
12673
12674
12675
12676
12678
12679
12680
12681
12682
12683
12684
12688
12689
12690
12691
12692
12693
12694
12695
12696
12697
12700
12701
12702
12704
12705
12706
12709
12710
12711
12712
12713
12714
12715
12716
12717
12718
12719
12720
12721
12722
12723
12724
12725
12726
12727
12728
12731
12732
12733
12735
12736
12737
12738
12739
12740
12741
12742
12743
12744
12745
12747
12748
12749
12750
12751
12752
12753
12754
12755
12756
12757
12758
12759
12760
12762
12763
12764
12765
12766
12767
12768
12770
12771
12773
12774
12775
12776
12777
12778
12779
12780
12781
12782
12783
12784
12785
12786
12787
12788
12789
12790
12791
12792
12793
12794
12795
12796
12797
12798
12799
12800
12801
12802
12804
12805
12806
12807
12808
12811
12812
12813
12814
12815
12816
12817
12818
12819
12820
12821
12822
12823
12824
12825
12826
12827
12829
12830
12832
12833
12834
12836
12837
12838
12840
12841
12842
12843
12844
12845
12846
12847
12848
12849
12850
12851
12852
12853
12854
12855
12858
12859
12862
12863
12864
12865
12866
12867
12868
12869
12870
12871
12873
12874
12875
12876
12877
12878
12880
12881
12882
12883
12884
12886
12887
12888
12889
12890
12891
12892
12893
12894
12895
12896
12897
12898
12899
12900
12901
12903
12904
12905
12906
12907
12908
12909
12910
12912
12913
12914
12915
12917
12920
12921
12922
12923
12924
12925
12926
12927
12928
12929
12930
12931
12932
12934
12935
12936
12937
12938
12940
12941
12942
12943
12945
12946
12948
12949
12950
12952
12953
12954
12955
12957
12958
12959
12960
12961
12962
12963
12964
12965
12966
12968
12969
12971
12973
12974
12975
12976
12977
12978
12980
12982
12983
12984
12985
12986
12987
12988
12991
12993
12994
12995
12996
12997
12998
13000
13001
13002
13004
13005
13006
13007
13009
13011
13012
13013
13014
13015
13016
13017
13019
13021
13022
13023
13024
13026
13027
13028
13029
13030
13031
13033
13034
13035
13036
13037
13038
13039
13042
13043
13044
13045
13047
13048
13049
13050
13051
13053
13054
13055
13056
13057
13058
13059
13060
13061
13062
13063
13064
13065
13066
13067
13068
13069
13071
13072
13073
13076
13077
13079
13080
13081
13082
13083
13084
13085
13086
13087
13088
13089
13090
13091
13092
13093
13094
13095
13096
13097
13098
13099
13100
13101
13102
13103
13104
13105
13107
13108
13109
13110
13111
13112
13113
13114
13115
13116
13118
13120
13121
13123
13125
13126
13127
13128
13129
13131
13132
13135
13136
13137
13138
13139
13140
13141
13142
13143
13144
13145
13146
13147
13150
13151
13153
13154
13155
13156
13157
13158
13159
13160
13161
13162
13163
13164
13165
13166
13167
13168
13169
13170
13171
13172
13173
13175
13176
13177
13178
13179
13180
13181
13182
13183
13184
13185
13186
13187
13188
13190
13192
13193
13194
13195
13196
13197
13198
13199
13200
13201
13202
13204
13205
13207
13208
13209
13210
13211
13213
13214
13215
13216
13217
13218
13219
13220
13221
13222
13223
13224
13226
13227
13228
13229
13230
13231
13232
13235
13236
13237
13238
13239
13240
13241
13242
13243
13244
13245
13246
13247
13248
13249
13251
13252
13253
13254
13256
13257
13258
13259
13260
13261
13262
13263
13264
13265
13266
13267
13268
13269
13271
13272
13273
13276
13278
13279
13280
13281
13282
13283
13284
13285
13286
13288
13289
13290
13295
13296
13298
13301
13303
13305
13306
13307
13309
13310
13311
13312
13313
13315
13316
13317
13318
13319
13320
13322
13323
13324
13325
13328
13329
13330
13331
13332
13333
13334
13335
13336
13337
13339
13340
13341
13343
13344
13345
13346
13348
13350
13351
13353
13354
13355
13356
13358
13359
13360
13362
13363
13364
13365
13366
13367
13368
13369
13370
13371
13372
13373
13374
13375
13376
13377
13378
13379
13380
13382
13383
13384
13385
13386
13387
13388
13389
13390
13391
13392
13393
13394
13395
13396
13397
13398
13399
13400
13402
13403
13404
13405
13406
13407
13408
13409
13410
13411
13412
13413
13414
13415
13416
13417
13418
13419
13420
13421
13422
13423
13424
13425
13426
13427
13428
13429
13430
13432
13434
13435
13436
13439
13440
13441
13442
13443
13444
13445
13446
13448
13449
13450
13451
13452
13453
13454
13455
13457
13458
13460
13462
13464
13465
13468
13470
13473
13475
13477
13478
13479
13480
13481
13482
13483
13485
13486
13487
13488
13489
13490
13491
13492
13494
13495
13496
13497
13498
13499
13500
13501
13502
13503
13504
13505
13506
13507
13509
13510
13511
13512
13513
13514
13516
13518
13520
13521
13522
13524
13525
13527
13528
13530
13531
13533
13534
13535
13536
13537
13539
13540
13541
13542
13543
13544
13545
13546
13547
13548
13550
13552
13553
13554
13555
13556
13557
13558
13559
13560
13561
13563
13564
13565
13566
13567
13568
13569
13570
13571
13572
13573
13574
13575
13576
13578
13579
13580
13581
13584
13585
13586
13587
13588
13590
13591
13592
13593
13594
13595
13596
13597
13598
13599
13600
13601
13602
13605
13606
13607
13608
13609
13610
13611
13612
13613
13614
13615
13616
13617
13618
13620
13621
13622
13623
13624
13625
13626
13627
13628
13630
13631
13632
13634
13636
13638
13640
13641
13642
13643
13644
13645
13646
13647
13648
13649
13651
13652
13653
13654
13655
13657
13658
13660
13661
13662
13663
13665
13666
13667
13668
13669
13670
13672
13673
13674
13675
13676
13677
13678
13679
13680
13681
13682
13683
13684
13685
13687
13688
13689
13690
13691
13692
13694
13695
13697
13698
13699
13701
13702
13703
13704
13705
13706
13707
13708
13709
13710
13711
13712
13713
13714
13715
13716
13717
13718
13721
13723
13724
13725
13726
13727
13728
13729
13731
13732
13733
13734
13735
13736
13738
13741
13742
13743
13744
13745
13746
13747
13748
13749
13750
13752
13753
13754
13755
13756
13757
13758
13759
13760
13761
13762
13763
13764
13765
13766
13768
13769
13771
13772
13773
13774
13775
13776
13777
13778
13779
13780
13781
13782
13783
13784
13785
13786
13787
13788
13789
13791
13792
13793
13794
13795
13797
13798
13799
13800
13801
13802
13803
13804
13805
13806
13807
13808
13809
13810
13811
13812
13813
13814
13816
13817
13818
13819
13820
13822
13823
13824
13826
13827
13828
13830
13831
13832
13833
13834
13835
13837
13838
13839
13840
13841
13842
13843
13844
13846
13847
13848
13849
13850
13851
13852
13853
13854
13856
13857
13858
13859
13860
13862
13863
13864
13865
13866
13867
13868
13870
13873
13874
13875
13878
13879
13880
13881
13882
13884
13885
13887
13890
13891
13892
13894
13896
13898
13899
13900
13901
13902
13903
13904
13906
13908
13909
13910
13911
13912
13913
13914
13915
13917
13920
13921
13922
13923
13924
13925
13926
13927
13928
13929
13932
13933
13935
13936
13938
13939
13940
13941
13942
13943
13944
13945
13946
13947
13948
13950
13951
13952
13954
13955
13957
13958
13960
13961
13962
13963
13964
13965
13966
13967
13968
13969
13970
13971
13972
13973
13974
13975
13976
13977
13979
13980
13981
13982
13983
13984
13985
13986
13987
13988
13990
13991
13992
13993
13995
13996
13998
13999
14000
14003
14004
14005
14006
14007
14008
14009
14010
14011
14012
14013
14014
14015
14016
14018
14019
14020
14021
14022
14023
14024
14026
14029
14030
14031
14032
14033
14034
14035
14036
14037
14039
14040
14041
14042
14043
14044
14045
14046
14047
14048
14050
14051
14052
14053
14054
14055
14056
14058
14059
14060
14061
14063
14064
14065
14066
14067
14068
14069
14070
14071
14073
14074
14076
14077
14078
14079
14080
14081
14082
14083
14084
14085
14086
14087
14088
14089
14090
14091
14092
14093
14094
14095
14097
14098
14100
14101
14102
14103
14105
14106
14107
14108
14109
14110
14111
14112
14113
14114
14115
14116
14118
14119
14120
14121
14122
14123
14124
14125
14126
14128
14129
14130
14131
14132
14133
14134
14135
14136
14137
14138
14140
14141
14142
14143
14144
14145
14147
14148
14149
14151
14152
14153
14154
14155
14156
14157
14159
14160
14161
14162
14163
14164
14165
14166
14168
14169
14170
14171
14172
14174
14175
14176
14177
14178
14179
14180
14181
14182
14183
14184
14185
14186
14188
14189
14190
14191
14192
14193
14194
14195
14196
14197
14198
14199
14200
14202
14203
14204
14205
14206
14207
14208
14209
14210
14211
14212
14213
14214
14215
14216
14219
14220
14221
14222
14223
14224
14226
14227
14228
14233
14234
14235
14237
14238
14239
14240
14241
14242
14243
14244
14245
14246
14247
14248
14249
14250
14251
14252
14254
14255
14256
14258
14259
14260
14261
14263
14264
14265
14266
14267
14268
14269
14270
14271
14272
14273
14274
14277
14280
14281
14282
14283
14285
14286
14287
14288
14289
14290
14291
14292
14293
14294
14296
14297
14299
14300
14301
14304
14306
14308
14309
14311
14312
14313
14314
14315
14316
14318
14320
14322
14323
14325
14326
14327
14328
14330
14332
14333
14334
14335
14336
14337
14339
14340
14341
14342
14343
14344
14345
14346
14347
14348
14349
14351
14352
14353
14354
14356
14358
14359
14360
14361
14363
14365
14367
14368
14370
14371
14372
14373
14374
14375
14376
14377
14378
14379
14380
14381
14382
14383
14384
14385
14386
14387
14388
14389
14390
14392
14394
14395
14396
14397
14398
14400
14401
14402
14406
14407
14408
14409
14410
14411
14412
14414
14416
14417
14418
14419
14420
14421
14423
14427
14428
14429
14430
14431
14432
14434
14435
14436
14437
14438
14439
14440
14441
14442
14443
14444
14445
14446
14447
14449
14450
14451
14452
14453
14454
14455
14456
14457
14458
14459
14460
14461
14462
14464
14465
14467
14468
14469
14470
14471
14472
14473
14474
14475
14476
14477
14478
14479
14480
14481
14482
14485
14486
14487
14489
14490
14492
14495
14496
14497
14498
14499
14500
14501
14502
14503
14504
14505
14506
14508
14509
14510
14511
14512
14513
14514
14515
14517
14519
14520
14522
14523
14524
14525
14526
14528
14531
14532
14534
14535
14537
14539
14540
14541
14542
14543
14544
14545
14546
14548
14549
14552
14553
14554
14555
14556
14557
14558
14559
14560
14561
14562
14563
14565
14566
14567
14569
14570
14571
14572
14573
14574
14575
14576
14577
14578
14579
14580
14581
14583
14585
14586
14587
14588
14589
14590
14591
14593
14594
14595
14596
14597
14598
14599
14600
14601
14602
14603
14604
14605
14606
14608
14609
14610
14611
14613
14615
14617
14618
14619
14620
14621
14622
14623
14625
14626
14627
14628
14629
14630
14632
14634
14635
14636
14637
14639
14640
14641
14642
14643
14645
14646
14647
14648
14649
14650
14652
14653
14654
14657
14658
14659
14660
14661
14662
14663
14664
14665
14668
14669
14670
14671
14672
14673
14674
14676
14677
14678
14679
14680
14681
14682
14683
14684
14685
14687
14688
14689
14690
14691
14692
14693
14694
14695
14696
14697
14698
14700
14701
14702
14703
14705
14706
14707
14708
14709
14710
14711
14712
14713
14714
14715
14716
14717
14718
14720
14721
14722
14725
14726
14727
14728
14731
14732
14733
14734
14735
14736
14737
14738
14739
14741
14743
14744
14745
14746
14747
14748
14749
14750
14751
14752
14753
14754
14755
14757
14759
14760
14762
14763
14764
14765
14766
14767
14768
14769
14770
14772
14773
14774
14775
14777
14778
14779
14781
14782
14783
14784
14785
14786
14787
14788
14789
14790
14791
14792
14793
14794
14795
14796
14797
14798
14799
14800
14801
14802
14803
14804
14807
14808
14809
14810
14811
14812
14813
14814
14815
14816
14817
14819
14821
14822
14823
14824
14825
14826
14827
14829
14830
14832
14833
14834
14835
14836
14837
14838
14839
14840
14841
14842
14844
14846
14848
14849
14851
14852
14853
14854
14855
14856
14858
14860
14861
14862
14863
14865
14866
14867
14868
14869
14870
14871
14872
14873
14874
14875
14876
14877
14878
14879
14880
14882
14883
14884
14885
14886
14887
14888
14889
14890
14891
14892
14893
14894
14895
14896
14897
14899
14901
14905
14906
14907
14908
14909
14910
14911
14912
14913
14914
14915
14916
14917
14918
14920
14921
14922
14923
14924
14926
14927
14928
14929
14930
14931
14932
14933
14934
14935
14936
14937
14938
14940
14943
14944
14945
14946
14947
14949
14950
14951
14952
14953
14954
14955
14956
14957
14958
14959
14960
14962
14963
14964
14965
14968
14970
14971
14972
14973
14974
14975
14976
14977
14978
14979
14980
14981
14982
14983
14984
14986
14987
14988
14989
14991
14992
14993
14995
14996
14997
14999
15000
15001
15002
15003
15004
15005
15006
15007
15009
15010
15011
15013
15014
15015
15016
15017
15018
15019
15020
15023
15025
15026
15027
15028
15029
15030
15031
15032
15033
15034
15035
15036
15037
15038
15040
15041
15042
15043
15044
15045
15046
15047
15048
15049
15050
15052
15054
15055
15056
15057
15058
15059
15060
15061
15062
15064
15065
15066
15067
15069
15070
15071
15072
15074
15077
15078
15080
15081
15082
15083
15085
15086
15087
15088
15089
15090
15092
15093
15094
15095
15096
15097
15098
15099
15100
15103
15104
15105
15107
15108
15109
15110
15112
15113
15114
15115
15116
15117
15118
15119
15120
15121
15122
15123
15124
15129
15130
15131
15132
15133
15134
15135
15136
15137
15138
15139
15141
15144
15145
15146
15147
15150
15152
15153
15155
15156
15157
15158
15160
15161
15162
15164
15165
15166
15167
15168
15169
15170
15171
15173
15174
15175
15176
15177
15178
15181
15183
15184
15185
15188
15189
15190
15192
15193
15194
15196
15197
15198
15199
15200
15201
15202
15203
15204
15205
15206
15207
15208
15210
15211
15212
15213
15214
15215
15217
15218
15219
15220
15221
15222
15224
15225
15226
15227
15228
15229
15232
15233
15234
15235
15236
15238
15239
15240
15242
15243
15244
15245
15246
15247
15248
15249
15250
15254
15257
15259
15261
15262
15263
15264
15266
15267
15268
15269
15270
15271
15272
15273
15274
15275
15277
15278
15280
15282
15284
15285
15286
15287
15288
15289
15290
15291
15292
15293
15294
15295
15296
15297
15298
15299
15300
15301
15303
15304
15305
15306
15307
15308
15309
15311
15312
15313
15314
15315
15316
15318
15319
15320
15321
15323
15324
15326
15327
15328
15329
15330
15331
15332
15333
15334
15335
15336
15339
15340
15341
15342
15344
15345
15346
15347
15349
15350
15352
15353
15354
15355
15356
15359
15360
15361
15362
15363
15364
15365
15366
15367
15369
15370
15371
15373
15374
15375
15376
15377
15378
15379
15380
15381
15382
15383
15384
15385
15386
15387
15388
15389
15390
15391
15392
15393
15394
15395
15396
15397
15399
15400
15401
15402
15403
15405
15406
15407
15408
15409
15410
15411
15412
15413
15414
15415
15417
15418
15419
15420
15421
15422
15424
15425
15426
15427
15428
15429
15430
15431
15432
15433
15434
15435
15436
15437
15438
15440
15441
15443
15444
15445
15446
15448
15449
15450
15451
15452
15453
15454
15455
15458
15460
15462
15463
15464
15465
15466
15467
15468
15469
15470
15471
15472
15473
15474
15476
15477
15478
15480
15482
15483
15484
15485
15486
15487
15488
15489
15490
15491
15492
15493
15494
15495
15496
15497
15498
15500
15501
15502
15503
15504
15505
15507
15508
15510
15511
15512
15513
15514
15515
15518
15521
15522
15523
15525
15526
15527
15528
15529
15531
15532
15537
15539
15540
15541
15542
15544
15545
15546
15547
15548
15549
15550
15551
15552
15553
15555
15556
15557
15559
15560
15561
15562
15563
15564
15565
15566
15567
15568
15569
15570
15571
15572
15573
15574
15575
15576
15577
15578
15579
15580
15581
15582
15584
15585
15586
15587
15588
15589
15591
15593
15594
15595
15596
15597
15598
15599
15600
15601
15603
15604
15605
15606
15608
15609
15611
15612
15613
15614
15615
15617
15618
15619
15620
15622
15623
15624
15625
15627
15628
15629
15630
15632
15634
15635
15636
15638
15639
15640
15641
15644
15645
15646
15647
15648
15649
15650
15651
15653
15656
15657
15658
15659
15660
15661
15662
15663
15664
15665
15666
15667
15669
15670
15672
15673
15674
15675
15676
15679
15680
15681
15686
15688
15689
15690
15692
15693
15694
15695
15696
15697
15698
15699
15700
15701
15702
15703
15704
15705
15706
15707
15708
15709
15710
15713
15715
15716
15717
15718
15719
15720
15721
15722
15724
15725
15726
15727
15728
15729
15731
15732
15733
15734
15735
15736
15737
15738
15739
15740
15741
15742
15743
15745
15746
15747
15748
15749
15751
15752
15754
15756
15758
15759
15761
15762
15764
15765
15767
15768
15769
15770
15771
15772
15773
15774
15775
15776
15778
15780
15781
15782
15783
15784
15785
15786
15788
15789
15790
15792
15793
15794
15795
15796
15797
15799
15802
15803
15804
15805
15806
15808
15809
15810
15812
15813
15814
15815
15816
15817
15818
15820
15821
15822
15824
15825
15827
15828
15830
15831
15832
15834
15835
15836
15837
15838
15839
15840
15842
15843
15845
15846
15847
15848
15849
15850
15851
15853
15854
15855
15856
15857
15858
15859
15860
15861
15862
15863
15864
15865
15866
15867
15868
15869
15870
15871
15872
15873
15874
15875
15876
15877
15878
15879
15880
15882
15883
15884
15885
15886
15887
15888
15889
15891
15892
15893
15894
15895
15896
15897
15898
15899
15900
15902
15903
15904
15905
15906
15907
15908
15909
15910
15911
15912
15917
15918
15919
15920
15921
15922
15923
15924
15925
15926
15927
15928
15929
15930
15931
15932
15933
15934
15936
15937
15938
15939
15941
15943
15944
15945
15946
15947
15948
15949
15950
15952
15953
15955
15956
15957
15958
15959
15960
15961
15962
15964
15965
15966
15967
15968
15969
15970
15971
15972
15973
15974
15975
15976
15977
15978
15979
15981
15982
15983
15985
15987
15988
15989
15990
15991
15992
15993
15994
15996
15997
15998
15999
16000
16001
16005
16006
16007
16008
16009
16010
16011
16012
16014
16015
16016
16017
16018
16019
16020
16021
16022
16023
16024
16025
16026
16028
16029
16030
16033
16034
16035
16036
16037
16038
16039
16040
16041
16042
16044
16045
16046
16048
16049
16050
16053
16056
16057
16058
16059
16060
16061
16062
16063
16064
16065
16066
16067
16068
16069
16070
16071
16073
16075
16077
16078
16079
16080
16081
16082
16084
16085
16086
16088
16089
16091
16092
16093
16094
16095
16096
16097
16099
16100
16101
16103
16104
16106
16107
16108
16109
16110
16111
16112
16114
16115
16116
16117
16119
16120
16121
16122
16123
16124
16125
16126
16127
16128
16129
16130
16131
16132
16134
16136
16137
16138
16139
16140
16141
16142
16143
16144
16145
16147
16148
16149
16150
16153
16154
16155
16156
16157
16158
16159
16160
16161
16162
16163
16164
16165
16167
16168
16169
16170
16171
16172
16173
16174
16175
16177
16178
16179
16180
16182
16183
16184
16185
16186
16187
16188
16189
16190
16191
16192
16195
16196
16197
16198
16200
16201
16202
16204
16207
16208
16209
16210
16211
16212
16213
16214
16215
16217
16218
16219
16220
16221
16222
16225
16228
16229
16230
16231
16233
16234
16235
16236
16237
16238
16239
16240
16241
16243
16245
16246
16247
16248
16249
16250
16251
16252
16253
16254
16256
16257
16258
16260
16261
16262
16263
16264
16267
16268
16270
16271
16272
16274
16275
16276
16277
16278
16279
16280
16281
16282
16284
16285
16288
16290
16293
16294
16295
16296
16297
16298
16299
16300
16301
16302
16304
16305
16307
16308
16309
16310
16311
16313
16314
16315
16317
16318
16319
16320
16321
16324
16325
16326
16327
16329
16330
16331
16332
16333
16335
16336
16337
16338
16341
16343
16344
16345
16346
16347
16348
16349
16350
16351
16352
16354
16355
16356
16357
16358
16359
16360
16362
16364
16366
16367
16368
16369
16370
16371
16376
16377
16378
16379
16380
16381
16382
16383
16384
16385
16386
16387
16389
16390
16393
16394
16395
16396
16397
16398
16399
16400
16401
16402
16403
16404
16405
16406
16407
16408
16409
16410
16411
16412
16413
16414
16415
16416
16417
16418
16419
16420
16421
16422
16423
16424
16425
16428
16429
16430
16431
16432
16433
16434
16435
16436
16437
16438
16439
16440
16441
16442
16443
16447
16448
16449
16450
16451
16452
16453
16454
16455
16456
16460
16461
16463
16465
16466
16468
16469
16471
16472
16473
16474
16475
16477
16478
16480
16481
16482
16484
16486
16487
16488
16490
16491
16492
16493
16494
16495
16496
16499
16500
16501
16502
16503
16505
16506
16507
16508
16509
16510
16514
16515
16516
16517
16518
16519
16520
16521
16522
16523
16524
16525
16526
16527
16528
16529
16530
16531
16534
16535
16536
16538
16539
16540
16541
16542
16544
16545
16546
16547
16548
16549
16551
16552
16553
16555
16556
16558
16559
16560
16561
16562
16563
16565
16566
16567
16568
16569
16572
16573
16574
16575
16577
16578
16579
16580
16581
16582
16583
16584
16585
16586
16587
16588
16589
16590
16591
16592
16593
16594
16595
16596
16597
16598
16599
16600
16601
16602
16603
16604
16605
16606
16607
16609
16610
16611
16612
16613
16614
16615
16616
16617
16618
16619
16620
16622
16624
16625
16626
16627
16628
16629
16630
16631
16632
16633
16634
16635
16636
16637
16638
16639
16640
16641
16642
16643
16644
16647
16648
16649
16651
16653
16654
16655
16656
16658
16659
16661
16662
16663
16664
16666
16667
16668
16671
16672
16673
16674
16675
16676
16677
16679
16681
16682
16683
16684
16685
16686
16687
16688
16690
16691
16692
16693
16694
16695
16696
16697
16699
16700
16701
16703
16705
16706
16707
16709
16712
16713
16714
16715
16717
16718
16719
16721
16722
16723
16724
16725
16727
16728
16731
16732
16733
16734
16736
16737
16738
16739
16740
16741
16742
16743
16744
16746
16747
16748
16749
16751
16752
16753
16754
16755
16756
16757
16758
16759
16760
16761
16762
16763
16764
16765
16766
16767
16768
16769
16771
16772
16773
16775
16776
16777
16778
16779
16781
16782
16783
16785
16786
16787
16788
16789
16790
16793
16794
16798
16799
16800
16801
16802
16803
16804
16805
16807
16808
16809
16811
16812
16813
16814
16815
16816
16817
16818
16819
16820
16821
16823
16825
16826
16827
16828
16829
16830
16831
16833
16834
16836
16837
16838
16839
16841
16842
16843
16844
16846
16847
16848
16849
16850
16852
16853
16855
16856
16858
16859
16860
16862
16863
16864
16865
16866
16867
16868
16869
16870
16871
16872
16873
16874
16875
16876
16877
16878
16879
16880
16881
16884
16885
16888
16890
16891
16892
16893
16894
16897
16899
16900
16901
16902
16903
16904
16905
16906
16907
16908
16909
16910
16911
16912
16913
16914
16915
16916
16917
16920
16921
16923
16924
16925
16928
16930
16932
16933
16934
16935
16936
16937
16938
16939
16940
16941
16942
16943
16944
16945
16946
16947
16949
16950
16951
16952
16953
16954
16955
16956
16957
16958
16959
16961
16962
16963
16964
16965
16966
16967
16968
16970
16971
16973
16974
16975
16977
16978
16979
16980
16981
16982
16983
16984
16985
16986
16987
16988
16989
16991
16992
16993
16995
16996
16997
16998
16999
17000
17002
17003
17004
17005
17006
17009
17010
17011
17012
17013
17015
17016
17017
17018
17022
17023
17024
17027
17028
17030
17031
17032
17034
17035
17038
17039
17040
17041
17043
17044
17045
17046
17047
17049
17051
17052
17054
17055
17057
17058
17059
17060
17062
17064
17065
17066
17067
17068
17069
17070
17071
17072
17073
17075
17076
17077
17078
17079
17080
17081
17082
17083
17084
17085
17086
17087
17088
17089
17090
17091
17092
17093
17094
17096
17097
17098
17099
17100
17101
17102
17105
17106
17107
17108
17110
17111
17112
17114
17115
17117
17118
17119
17120
17121
17122
17123
17126
17128
17129
17130
17131
17132
17133
17134
17135
17136
17139
17140
17142
17143
17144
17145
17146
17147
17149
17150
17151
17152
17153
17154
17155
17156
17157
17158
17159
17161
17162
17164
17165
17166
17167
17168
17169
17171
17172
17173
17174
17175
17176
17177
17180
17181
17182
17183
17185
17186
17187
17189
17190
17191
17193
17195
17196
17197
17198
17199
17201
17203
17204
17205
17206
17207
17209
17210
17211
17212
17214
17216
17217
17218
17219
17220
17221
17223
17224
17225
17226
17227
17228
17232
17233
17234
17235
17236
17237
17238
17239
17241
17243
17244
17246
17247
17248
17249
17251
17252
17253
17254
17257
17258
17260
17261
17262
17263
17264
17265
17266
17267
17268
17269
17270
17272
17273
17274
17277
17278
17279
17280
17281
17282
17283
17284
17285
17287
17288
17289
17290
17291
17292
17293
17294
17295
17297
17298
17300
17302
17303
17304
17305
17307
17309
17311
17312
17313
17314
17315
17316
17317
17318
17319
17320
17321
17322
17324
17325
17326
17328
17330
17331
17332
17333
17334
17335
17336
17338
17340
17342
17344
17345
17346
17347
17349
17351
17352
17353
17354
17355
17357
17358
17359
17360
17362
17364
17365
17366
17367
17369
17370
17371
17372
17373
17374
17375
17376
17377
17379
17380
17381
17382
17383
17384
17385
17386
17387
17388
17389
17390
17391
17392
17393
17394
17396
17397
17398
17399
17401
17402
17403
17404
17405
17406
17409
17410
17413
17414
17417
17418
17420
17422
17423
17424
17425
17426
17427
17429
17430
17431
17432
17433
17436
17437
17438
17439
17440
17441
17443
17444
17445
17448
17450
17452
17454
17455
17456
17457
17458
17459
17461
17462
17463
17464
17465
17466
17467
17469
17470
17471
17472
17474
17476
17477
17479
17480
17481
17482
17483
17484
17486
17488
17489
17490
17491
17492
17493
17494
17495
17496
17497
17498
17500
17501
17502
17503
17504
17506
17507
17509
17510
17511
17512
17513
17514
17515
17516
17519
17521
17522
17523
17524
17525
17526
17527
17528
17529
17530
17532
17533
17534
17535
17536
17537
17538
17539
17541
17542
17543
17544
17545
17546
17547
17548
17549
17550
17551
17553
17554
17555
17556
17557
17558
17559
17560
17561
17562
17563
17564
17565
17566
17568
17570
17571
17572
17573
17574
17575
17576
17577
17580
17581
17582
17583
17584
17585
17587
17588
17589
17590
17591
17592
17593
17594
17596
17597
17598
17600
17602
17603
17604
17606
17607
17608
17609
17610
17612
17613
17614
17615
17616
17617
17620
17621
17622
17623
17624
17625
17626
17627
17628
17629
17632
17633
17634
17635
17636
17637
17638
17639
17640
17641
17642
17643
17644
17645
17646
17648
17649
17650
17651
17652
17653
17654
17655
17656
17657
17659
17660
17661
17663
17664
17666
17667
17668
17669
17670
17671
17672
17673
17674
17675
17676
17677
17679
17680
17681
17683
17684
17685
17686
17688
17689
17690
17691
17692
17693
17695
17696
17697
17698
17699
17701
17702
17703
17704
17705
17706
17708
17709
17710
17711
17712
17714
17715
17717
17720
17721
17722
17723
17724
17726
17728
17730
17731
17732
17733
17734
17735
17737
17738
17739
17740
17741
17742
17743
17745
17746
17747
17748
17749
17750
17751
17752
17754
17755
17756
17758
17759
17760
17761
17762
17763
17764
17766
17768
17769
17770
17771
17772
17773
17774
17775
17776
17778
17779
17782
17784
17785
17786
17787
17788
17789
17790
17791
17792
17793
17794
17795
17797
17799
17800
17801
17802
17803
17804
17805
17806
17807
17809
17810
17811
17812
17813
17814
17815
17818
17822
17823
17824
17826
17827
17828
17829
17830
17831
17832
17833
17834
17835
17837
17839
17840
17841
17843
17844
17845
17847
17848
17849
17851
17852
17854
17855
17856
17857
17860
17861
17864
17865
17866
17867
17868
17869
17870
17872
17873
17874
17876
17877
17878
17880
17881
17882
17883
17884
17885
17886
17887
17888
17890
17891
17894
17896
17898
17899
17900
17901
17902
17904
17906
17907
17908
17910
17911
17913
17915
17916
17917
17918
17919
17920
17921
17922
17923
17924
17925
17926
17928
17929
17930
17931
17932
17933
17934
17935
17936
17938
17939
17940
17941
17942
17943
17944
17945
17946
17948
17949
17951
17952
17953
17954
17955
17956
17957
17959
17961
17962
17963
17965
17967
17968
17969
17970
17971
17972
17973
17974
17977
17978
17979
17981
17982
17983
17985
17986
17987
17988
17991
17992
17994
17995
17996
17998
17999
18000
18001
18002
18003
18004
18005
18006
18007
18008
18009
18010
18011
18013
18014
18016
18017
18018
18020
18022
18023
18024
18025
18027
18028
18029
18030
18032
18034
18035
18036
18037
18038
18039
18040
18042
18044
18046
18047
18048
18050
18051
18052
18053
18054
18055
18056
18057
18058
18059
18060
18061
18063
18065
18066
18068
18070
18071
18072
18073
18074
18075
18076
18077
18078
18079
18080
18081
18082
18084
18085
18086
18087
18091
18092
18093
18094
18095
18097
18098
18099
18100
18101
18102
18103
18104
18105
18106
18107
18108
18109
18110
18112
18113
18114
18115
18116
18117
18118
18119
18120
18121
18122
18124
18125
18126
18128
18130
18131
18132
18134
18135
18136
18137
18138
18139
18140
18141
18142
18145
18146
18147
18148
18149
18150
18151
18153
18154
18155
18156
18157
18158
18160
18162
18163
18164
18165
18166
18167
18168
18169
18170
18171
18172
18173
18175
18176
18177
18178
18179
18180
18181
18182
18183
18184
18185
18186
18187
18188
18189
18191
18193
18194
18195
18197
18198
18199
18200
18201
18202
18203
18204
18205
18206
18207
18208
18209
18210
18211
18212
18213
18214
18215
18216
18217
18218
18221
18222
18223
18225
18226
18227
18228
18229
18230
18231
18232
18233
18234
18235
18236
18237
18238
18239
18243
18244
18247
18251
18252
18253
18258
18259
18260
18261
18262
18264
18265
18266
18267
18269
18270
18271
18272
18273
18274
18275
18276
18277
18278
18279
18280
18282
18283
18284
18285
18286
18287
18288
18289
18290
18291
18293
18295
18296
18298
18299
18301
18302
18303
18305
18306
18307
18308
18309
18310
18311
18313
18315
18318
18319
18320
18321
18322
18323
18324
18325
18326
18327
18328
18330
18331
18332
18333
18334
18335
18336
18339
18340
18341
18342
18343
18344
18346
18347
18348
18349
18350
18351
18352
18353
18354
18356
18357
18359
18361
18362
18364
18365
18367
18368
18369
18370
18373
18374
18375
18376
18377
18378
18379
18381
18382
18383
18384
18385
18386
18387
18388
18389
18390
18391
18392
18393
18394
18395
18396
18397
18398
18399
18400
18401
18402
18403
18404
18405
18407
18408
18409
18410
18411
18412
18413
18415
18417
18418
18420
18421
18422
18424
18425
18426
18427
18428
18430
18431
18434
18435
18436
18439
18440
18441
18442
18443
18444
18445
18446
18448
18451
18452
18453
18455
18458
18459
18460
18461
18462
18463
18464
18465
18466
18467
18468
18469
18470
18471
18472
18473
18475
18476
18477
18478
18479
18483
18484
18485
18486
18487
18488
18490
18491
18492
18493
18496
18498
18499
18502
18503
18504
18505
18507
18508
18509
18510
18511
18513
18515
18516
18517
18518
18520
18521
18522
18523
18524
18525
18526
18527
18528
18530
18531
18532
18533
18534
18535
18536
18537
18538
18539
18540
18541
18542
18543
18544
18545
18546
18548
18549
18551
18552
18553
18554
18555
18556
18557
18558
18559
18560
18561
18562
18563
18564
18566
18567
18568
18569
18570
18571
18573
18574
18575
18576
18577
18578
18579
18581
18582
18583
18585
18586
18587
18588
18589
18590
18591
18592
18593
18594
18595
18596
18597
18598
18599
18600
18601
18605
18606
18607
18608
18609
18610
18611
18612
18613
18614
18615
18616
18617
18618
18620
18621
18622
18623
18626
18627
18630
18631
18633
18635
18637
18638
18639
18641
18642
18643
18644
18648
18649
18650
18651
18652
18653
18655
18656
18657
18658
18659
18661
18662
18663
18664
18666
18667
18668
18670
18671
18673
18675
18676
18677
18678
18679
18680
18681
18682
18683
18685
18686
18687
18689
18690
18691
18693
18694
18695
18696
18698
18699
18700
18701
18702
18704
18705
18706
18707
18708
18709
18710
18712
18713
18714
18715
18716
18717
18718
18720
18721
18722
18723
18724
18725
18726
18727
18729
18730
18731
18732
18733
18734
18735
18736
18737
18738
18739
18740
18743
18744
18745
18746
18747
18748
18749
18750
18751
18752
18754
18755
18756
18757
18758
18760
18761
18762
18763
18764
18765
18769
18770
18771
18772
18773
18774
18775
18776
18777
18778
18779
18781
18782
18783
18784
18785
18786
18787
18788
18790
18791
18794
18796
18797
18800
18801
18802
18804
18805
18808
18809
18810
18811
18812
18813
18814
18815
18816
18817
18818
18819
18820
18821
18824
18826
18827
18828
18830
18831
18833
18834
18835
18836
18837
18838
18839
18841
18842
18843
18844
18845
18847
18848
18849
18850
18853
18854
18855
18856
18857
18858
18859
18863
18864
18865
18867
18868
18869
18870
18871
18872
18873
18874
18875
18876
18877
18878
18879
18880
18882
18885
18886
18887
18888
18890
18892
18893
18894
18895
18896
18897
18898
18899
18900
18901
18902
18904
18905
18906
18907
18908
18909
18910
18912
18913
18915
18916
18917
18918
18919
18920
18921
18922
18923
18924
18925
18926
18927
18929
18930
18932
18933
18934
18935
18936
18937
18938
18939
18941
18942
18944
18945
18946
18948
18950
18951
18952
18953
18954
18955
18956
18957
18958
18959
18960
18961
18962
18963
18964
18966
18967
18970
18971
18972
18973
18974
18975
18977
18978
18981
18982
18983
18984
18985
18987
18988
18989
18990
18991
18993
18997
18998
19000
19001
19002
19003
19005
19007
19008
19009
19010
19011
19012
19013
19014
19015
19017
19018
19019
19020
19022
19023
19024
19025
19026
19027
19028
19029
19030
19032
19033
19035
19037
19038
19039
19041
19042
19043
19044
19046
19047
19048
19050
19051
19054
19055
19056
19057
19058
19059
19061
19062
19063
19064
19066
19067
19068
19069
19070
19072
19073
19076
19077
19078
19079
19081
19083
19084
19085
19086
19087
19088
19089
19092
19094
19095
19096
19097
19098
19099
19100
19101
19102
19104
19105
19106
19107
19108
19109
19110
19111
19112
19113
19114
19115
19116
19117
19118
19119
19120
19122
19123
19124
19125
19126
19128
19129
19130
19133
19135
19136
19137
19138
19139
19140
19141
19142
19143
19144
19145
19146
19148
19149
19150
19152
19153
19154
19156
19157
19158
19159
19162
19163
19165
19166
19167
19168
19171
19172
19173
19174
19175
19177
19178
19179
19181
19182
19183
19185
19186
19187
19188
19189
19190
19191
19192
19193
19194
19195
19196
19197
19200
19201
19206
19207
19208
19209
19210
19211
19212
19213
19214
19215
19216
19217
19218
19220
19221
19222
19223
19225
19226
19228
19229
19231
19233
19234
19235
19237
19238
19239
19241
19246
19247
19248
19249
19251
19252
19253
19255
19256
19257
19258
19260
19263
19264
19265
19266
19267
19268
19269
19270
19271
19272
19273
19274
19275
19276
19277
19278
19279
19280
19281
19282
19283
19284
19285
19287
19288
19290
19292
19293
19294
19296
19297
19298
19300
19301
19303
19304
19305
19306
19307
19308
19310
19312
19313
19314
19315
19317
19318
19319
19320
19321
19322
19323
19324
19325
19329
19330
19331
19332
19333
19335
19336
19337
19338
19339
19342
19344
19345
19346
19347
19348
19349
19350
19351
19352
19353
19354
19355
19356
19357
19359
19360
19361
19362
19363
19364
19366
19367
19368
19370
19371
19372
19373
19375
19379
19382
19383
19387
19388
19389
19390
19391
19394
19395
19396
19397
19398
19399
19400
19401
19402
19403
19404
19405
19406
19407
19408
19409
19410
19411
19412
19413
19415
19417
19418
19420
19421
19422
19423
19424
19425
19427
19428
19429
19432
19434
19435
19438
19439
19440
19441
19445
19447
19448
19449
19450
19452
19454
19455
19457
19458
19459
19460
19461
19462
19463
19464
19465
19466
19468
19469
19470
19471
19472
19473
19474
19475
19478
19480
19481
19482
19483
19484
19485
19486
19487
19488
19489
19490
19491
19492
19493
19495
19497
19498
19499
19500
19501
19502
19503
19504
19505
19508
19509
19510
19511
19513
19514
19515
19517
19518
19520
19521
19522
19524
19525
19526
19527
19528
19529
19532
19533
19534
19535
19536
19537
19538
19539
19541
19542
19543
19544
19547
19549
19551
19552
19553
19554
19555
19556
19557
19558
19559
19561
19562
19563
19564
19565
19566
19567
19568
19569
19570
19572
19573
19574
19575
19576
19577
19579
19580
19581
19583
19584
19585
19586
19588
19589
19590
19591
19592
19593
19596
19597
19598
19599
19600
19601
19603
19604
19605
19606
19608
19609
19610
19611
19612
19613
19615
19616
19619
19621
19622
19623
19625
19627
19628
19629
19630
19631
19632
19633
19634
19635
19636
19638
19639
19641
19643
19644
19645
19646
19649
19650
19651
19652
19653
19654
19655
19657
19658
19659
19660
19661
19662
19663
19666
19667
19668
19669
19670
19671
19672
19673
19674
19675
19676
19678
19680
19681
19682
19684
19685
19686
19687
19688
19689
19690
19691
19693
19694
19695
19696
19697
19699
19700
19702
19703
19704
19705
19707
19708
19710
19711
19712
19713
19716
19717
19718
19720
19722
19723
19724
19725
19726
19727
19728
19729
19730
19731
19732
19735
19736
19738
19739
19740
19741
19743
19744
19745
19747
19748
19749
19750
19752
19753
19755
19757
19760
19761
19763
19764
19766
19767
19768
19769
19771
19773
19775
19776
19778
19782
19783
19784
19785
19786
19787
19788
19789
19790
19792
19793
19794
19795
19796
19797
19798
19800
19803
19806
19807
19808
19809
19810
19811
19812
19813
19814
19815
19816
19818
19820
19822
19824
19825
19826
19827
19829
19830
19831
19832
19833
19834
19835
19839
19840
19841
19842
19843
19844
19845
19846
19847
19848
19849
19850
19851
19852
19854
19855
19856
19857
19858
19859
19860
19861
19863
19865
19866
19867
19868
19869
19871
19872
19873
19874
19875
19877
19878
19879
19881
19883
19884
19886
19887
19888
19890
19892
19893
19894
19896
19898
19899
19900
19902
19903
19904
19908
19910
19911
19912
19913
19916
19918
19920
19921
19922
19925
19926
19927
19929
19930
19931
19933
19934
19935
19936
19939
19941
19942
19943
19944
19945
19947
19948
19949
19950
19951
19952
19953
19954
19956
19957
19958
19959
19960
19961
19962
19963
19964
19965
19966
19968
19969
19970
19972
19973
19974
19977
19978
19979
19980
19981
19982
19983
19986
19988
19989
19990
19991
19992
19994
19995
19996
19998
19999
20000
20001
20002
20003
20004
20006
20007
20009
20010
20011
20012
20013
20014
20015
20016
20017
20018
20019
20021
20022
20023
20025
20026
20027
20028
20029
20030
20031
20032
20034
20035
20036
20038
20040
20042
20043
20044
20045
20046
20048
20049
20050
20051
20052
20053
20054
20056
20057
20058
20062
20063
20065
20066
20067
20068
20069
20070
20071
20072
20073
20074
20075
20076
20077
20078
20079
20080
20086
20087
20088
20089
20090
20091
20093
20094
20095
20097
20098
20100
20101
20102
20103
20104
20105
20106
20107
20108
20109
20110
20112
20113
20114
20115
20116
20117
20120
20121
20122
20123
20124
20125
20126
20128
20129
20133
20134
20135
20136
20138
20139
20142
20144
20145
20146
20147
20149
20152
20153
20155
20156
20158
20159
20160
20161
20162
20163
20164
20166
20167
20168
20169
20170
20171
20172
20173
20174
20175
20176
20178
20179
20180
20181
20182
20183
20184
20185
20189
20190
20191
20192
20193
20194
20195
20196
20197
20199
20201
20203
20204
20206
20207
20208
20209
20210
20212
20213
20214
20215
20216
20218
20219
20220
20221
20222
20223
20224
20225
20226
20227
20228
20229
20231
20232
20234
20235
20236
20238
20239
20240
20241
20243
20244
20245
20246
20249
20250
20251
20253
20254
20255
20256
20257
20260
20262
20263
20265
20266
20267
20268
20269
20270
20271
20273
20274
20275
20276
20277
20279
20280
20281
20282
20283
20284
20285
20286
20287
20290
20291
20292
20293
20295
20296
20297
20302
20304
20305
20306
20307
20308
20309
20311
20312
20313
20314
20315
20317
20318
20319
20320
20321
20322
20323
20326
20327
20328
20329
20330
20332
20334
20335
20337
20338
20340
20342
20343
20344
20345
20346
20348
20349
20350
20351
20352
20353
20355
20357
20359
20360
20361
20362
20363
20364
20365
20366
20367
20368
20369
20370
20372
20374
20375
20376
20377
20378
20379
20381
20382
20383
20384
20385
20386
20388
20389
20390
20391
20392
20393
20394
20396
20397
20398
20400
20403
20404
20405
20406
20408
20409
20412
20413
20414
20416
20417
20418
20420
20421
20422
20424
20425
20427
20428
20430
20431
20432
20433
20435
20438
20439
20440
20441
20442
20443
20444
20446
20447
20448
20449
20450
20452
20453
20454
20455
20456
20457
20458
20459
20460
20461
20463
20464
20465
20466
20467
20468
20469
20470
20471
20472
20473
20474
20475
20476
20477
20479
20480
20483
20484
20485
20487
20488
20489
20490
20491
20492
20495
20496
20497
20498
20499
20500
20503
20505
20506
20507
20508
20509
20510
20512
20513
20514
20515
20518
20519
20520
20521
20522
20523
20524
20528
20529
20530
20531
20532
20533
20535
20536
20537
20538
20539
20540
20542
20543
20545
20547
20548
20549
20550
20552
20554
20555
20556
20557
20558
20559
20560
20561
20563
20564
20565
20566
20567
20569
20570
20571
20572
20573
20575
20576
20577
20579
20580
20581
20583
20584
20585
20588
20589
20590
20591
20592
20593
20594
20596
20597
20598
20599
20600
20604
20607
20610
20611
20612
20613
20614
20615
20616
20617
20618
20619
20620
20621
20622
20623
20624
20626
20627
20629
20630
20631
20632
20633
20634
20635
20636
20637
20639
20640
20641
20643
20644
20647
20648
20649
20650
20652
20653
20654
20655
20657
20659
20660
20661
20662
20663
20664
20665
20666
20667
20668
20670
20671
20672
20674
20675
20676
20677
20678
20679
20680
20682
20683
20684
20685
20688
20689
20690
20691
20692
20693
20694
20695
20696
20700
20702
20703
20704
20705
20706
20707
20708
20710
20711
20712
20713
20714
20715
20716
20719
20721
20722
20723
20724
20725
20727
20728
20729
20730
20731
20732
20733
20734
20735
20736
20737
20738
20739
20740
20741
20742
20743
20744
20746
20748
20749
20750
20751
20752
20754
20755
20757
20758
20759
20761
20762
20763
20764
20765
20766
20767
20768
20769
20770
20771
20772
20773
20774
20775
20776
20777
20779
20781
20782
20783
20784
20785
20787
20788
20790
20791
20792
20794
20796
20797
20799
20800
20802
20803
20804
20805
20807
20808
20809
20810
20812
20813
20814
20815
20816
20817
20818
20819
20821
20822
20823
20826
20827
20828
20829
20830
20831
20832
20833
20834
20835
20836
20837
20838
20841
20843
20844
20845
20846
20848
20849
20850
20851
20852
20853
20854
20855
20856
20857
20858
20860
20861
20862
20863
20864
20865
20866
20867
20868
20869
20870
20871
20872
20873
20874
20875
20876
20877
20878
20879
20880
20881
20882
20883
20884
20886
20887
20888
20889
20890
20892
20894
20895
20897
20898
20899
20901
20902
20903
20905
20906
20908
20910
20911
20912
20913
20915
20917
20918
20919
20920
20923
20924
20927
20928
20929
20930
20932
20933
20934
20937
20938
20939
20940
20941
20943
20945
20946
20947
20948
20950
20951
20952
20953
20954
20955
20956
20957
20958
20959
20960
20961
20963
20966
20967
20968
20969
20970
20971
20972
20973
20974
20975
20978
20979
20980
20981
20982
20983
20984
20986
20987
20988
20990
20991
20992
20993
20996
20999
21000
21001
21002
21003
21004
21005
21006
21007
21011
21012
21013
21014
21016
21017
21018
21019
21021
21022
21023
21024
21025
21026
21027
21029
21031
21033
21034
21035
21036
21037
21038
21041
21042
21043
21044
21047
21048
21049
21050
21051
21054
21055
21056
21059
21061
21064
21065
21066
21068
21069
21070
21072
21073
21074
21076
21077
21078
21079
21080
21081
21083
21084
21087
21090
21091
21092
21093
21094
21095
21096
21097
21101
21102
21103
21104
21105
21106
21107
21108
21109
21111
21112
21113
21114
21116
21117
21118
21119
21120
21121
21122
21123
21124
21125
21126
21127
21129
21130
21131
21132
21133
21134
21135
21136
21138
21139
21141
21142
21143
21144
21145
21146
21147
21148
21149
21150
21151
21152
21153
21154
21155
21157
21158
21159
21160
21161
21162
21163
21164
21165
21166
21167
21168
21170
21171
21172
21174
21176
21177
21179
21181
21182
21183
21184
21186
21187
21188
21189
21190
21191
21192
21193
21194
21195
21196
21197
21199
21200
21201
21202
21203
21204
21205
21206
21207
21208
21211
21213
21214
21215
21216
21217
21218
21220
21221
21222
21223
21224
21226
21227
21228
21229
21230
21232
21234
21235
21236
21237
21238
21239
21240
21241
21242
21243
21244
21245
21248
21249
21250
21251
21252
21253
21254
21255
21256
21257
21258
21259
21260
21261
21262
21263
21264
21267
21268
21269
21270
21271
21272
21273
21275
21276
21278
21279
21280
21281
21282
21283
21285
21286
21288
21290
21291
21292
21293
21294
21295
21296
21297
21298
21299
21301
21303
21304
21306
21307
21309
21310
21311
21312
21316
21318
21320
21321
21322
21323
21324
21325
21327
21328
21329
21330
21333
21335
21337
21339
21340
21341
21342
21343
21344
21345
21347
21349
21351
21352
21353
21354
21355
21356
21357
21358
21359
21360
21362
21363
21365
21366
21367
21368
21369
21370
21371
21372
21373
21374
21375
21378
21380
21381
21384
21386
21387
21389
21390
21391
21392
21394
21396
21397
21398
21399
21400
21402
21403
21405
21406
21407
21408
21409
21411
21412
21413
21414
21415
21417
21419
21420
21421
21423
21424
21425
21426
21427
21428
21429
21431
21433
21434
21435
21436
21437
21439
21440
21442
21446
21447
21450
21451
21452
21453
21454
21455
21456
21457
21458
21459
21460
21461
21463
21464
21465
21469
21471
21472
21473
21474
21475
21477
21479
21481
21482
21483
21485
21486
21487
21488
21489
21490
21492
21493
21494
21496
21497
21498
21500
21502
21503
21504
21505
21506
21507
21508
21510
21511
21512
21513
21515
21516
21517
21518
21521
21525
21527
21528
21529
21530
21532
21533
21534
21535
21536
21537
21538
21539
21540
21541
21542
21543
21544
21545
21546
21548
21549
21550
21551
21553
21555
21556
21557
21558
21559
21560
21561
21562
21563
21564
21565
21566
21567
21568
21569
21571
21572
21573
21575
21576
21577
21578
21579
21580
21587
21588
21589
21590
21592
21593
21594
21595
21597
21598
21599
21600
21603
21604
21605
21606
21607
21608
21609
21610
21611
21612
21613
21614
21616
21617
21618
21619
21620
21621
21622
21624
21626
21627
21628
21629
21630
21631
21632
21633
21634
21635
21637
21638
21639
21640
21641
21642
21643
21645
21646
21647
21649
21650
21655
21656
21657
21658
21660
21661
21663
21665
21666
21668
21670
21671
21672
21674
21675
21676
21678
21680
21681
21682
21683
21684
21685
21688
21689
21690
21691
21692
21693
21694
21695
21696
21697
21698
21699
21700
21701
21703
21704
21705
21707
21708
21710
21711
21712
21714
21715
21716
21718
21719
21721
21722
21724
21725
21726
21728
21729
21730
21731
21733
21734
21735
21736
21737
21738
21739
21740
21742
21743
21744
21745
21746
21747
21748
21749
21750
21751
21753
21754
21755
21756
21758
21761
21762
21764
21766
21767
21768
21769
21772
21773
21774
21775
21776
21777
21778
21779
21780
21782
21784
21786
21788
21789
21790
21791
21792
21793
21794
21795
21798
21799
21801
21803
21804
21805
21806
21808
21809
21811
21812
21813
21814
21817
21819
21820
21822
21823
21824
21825
21826
21828
21830
21833
21835
21840
21841
21842
21843
21844
21845
21846
21848
21849
21850
21851
21852
21853
21854
21856
21857
21858
21859
21860
21863
21864
21866
21867
21868
21869
21870
21871
21872
21873
21874
21875
21876
21878
21879
21880
21881
21883
21884
21886
21887
21888
21890
21891
21892
21893
21894
21895
21897
21898
21899
21900
21901
21902
21903
21904
21905
21906
21907
21908
21909
21910
21911
21912
21914
21915
21916
21917
21919
21921
21922
21924
21925
21926
21928
21929
21930
21933
21934
21935
21936
21938
21939
21940
21941
21943
21945
21946
21948
21949
21950
21951
21952
21954
21955
21956
21957
21958
21961
21962
21963
21964
21965
21966
21967
21968
21970
21971
21972
21973
21974
21976
21977
21979
21981
21982
21983
21985
21986
21987
21988
21989
21990
21992
21994
21995
21997
21998
21999
22000
22001
22002
22003
22004
22005
22006
22007
22008
22009
22010
22013
22014
22016
22017
22019
22021
22022
22023
22024
22025
22026
22027
22028
22030
22031
22032
22033
22034
22036
22038
22039
22040
22041
22042
22043
22044
22045
22046
22048
22050
22052
22054
22055
22057
22059
22060
22061
22062
22063
22064
22066
22067
22068
22070
22071
22072
22073
22075
22076
22079
22080
22081
22082
22084
22085
22086
22087
22089
22090
22091
22092
22093
22095
22096
22098
22099
22100
22101
22102
22104
22106
22107
22109
22112
22113
22114
22115
22116
22117
22120
22121
22123
22125
22126
22127
22128
22129
22130
22131
22134
22136
22137
22138
22139
22140
22141
22142
22143
22144
22146
22147
22149
22150
22151
22152
22153
22154
22155
22156
22157
22158
22159
22161
22162
22163
22165
22166
22167
22169
22171
22172
22175
22176
22177
22179
22180
22181
22182
22183
22184
22187
22188
22189
22190
22191
22195
22197
22198
22200
22202
22205
22206
22207
22208
22209
22211
22212
22213
22214
22217
22218
22219
22221
22222
22224
22225
22226
22227
22228
22229
22230
22231
22232
22233
22234
22235
22236
22238
22239
22240
22241
22242
22243
22244
22245
22246
22247
22248
22249
22250
22251
22253
22254
22255
22256
22257
22258
22259
22260
22263
22266
22268
22269
22270
22271
22272
22273
22274
22275
22276
22278
22279
22281
22282
22283
22284
22285
22287
22289
22290
22291
22293
22294
22295
22296
22299
22301
22302
22304
22305
22306
22307
22308
22309
22310
22312
22313
22315
22316
22318
22319
22320
22321
22322
22324
22325
22326
22327
22329
22330
22331
22332
22333
22334
22335
22336
22338
22339
22341
22342
22344
22345
22348
22349
22350
22353
22354
22355
22357
22358
22359
22361
22362
22365
22367
22369
22370
22371
22372
22373
22374
22375
22377
22378
22379
22380
22381
22382
22383
22384
22386
22387
22389
22390
22391
22392
22394
22395
22397
22398
22399
22401
22404
22405
22406
22407
22408
22411
22412
22415
22416
22417
22418
22419
22420
22421
22423
22424
22430
22431
22433
22435
22436
22437
22439
22440
22441
22442
22443
22444
22445
22446
22447
22448
22449
22450
22451
22452
22453
22455
22456
22458
22459
22460
22461
22462
22464
22465
22467
22468
22469
22470
22471
22472
22473
22474
22475
22476
22477
22479
22480
22481
22484
22486
22487
22489
22491
22493
22494
22495
22496
22498
22499
22500
22501
22502
22503
22505
22506
22507
22509
22510
22511
22512
22513
22514
22515
22516
22517
22518
22519
22522
22523
22524
22525
22526
22527
22528
22530
22531
22532
22533
22534
22536
22537
22538
22541
22542
22544
22545
22546
22549
22550
22551
22552
22553
22556
22558
22559
22560
22561
22562
22564
22565
22567
22569
22570
22572
22573
22575
22576
22577
22578
22579
22580
22581
22582
22583
22584
22585
22587
22588
22590
22591
22592
22593
22594
22595
22597
22598
22599
22602
22603
22605
22606
22609
22613
22614
22617
22618
22619
22621
22622
22623
22624
22625
22626
22627
22628
22629
22630
22631
22632
22634
22636
22637
22638
22639
22640
22641
22642
22643
22644
22645
22646
22647
22648
22649
22651
22653
22655
22656
22657
22658
22659
22660
22661
22663
22664
22665
22666
22668
22669
22670
22671
22672
22673
22674
22675
22676
22677
22678
22679
22680
22681
22682
22684
22685
22687
22690
22692
22693
22695
22696
22697
22698
22699
22701
22702
22703
22705
22706
22707
22708
22709
22710
22711
22713
22714
22715
22716
22718
22721
22724
22725
22727
22728
22729
22731
22732
22737
22738
22739
22740
22741
22742
22743
22744
22745
22746
22747
22748
22749
22750
22753
22754
22755
22756
22759
22760
22761
22762
22763
22764
22765
22766
22767
22768
22769
22770
22771
22772
22773
22775
22777
22778
22779
22780
22782
22783
22784
22785
22786
22788
22789
22790
22791
22792
22793
22794
22796
22797
22798
22800
22801
22802
22804
22805
22806
22807
22809
22810
22811
22812
22814
22815
22820
22821
22822
22823
22824
22825
22826
22827
22828
22830
22832
22834
22835
22838
22840
22841
22842
22844
22845
22846
22847
22848
22849
22850
22852
22854
22855
22856
22857
22858
22859
22860
22861
22862
22863
22864
22865
22866
22867
22868
22869
22870
22871
22872
22873
22875
22876
22877
22878
22879
22880
22881
22882
22885
22887
22889
22890
22891
22892
22893
22894
22895
22897
22898
22899
22900
22901
22902
22903
22904
22905
22906
22907
22908
22910
22911
22912
22913
22915
22916
22917
22918
22920
22921
22922
22923
22926
22927
22928
22929
22930
22931
22933
22934
22935
22937
22939
22941
22942
22943
22944
22945
22946
22947
22948
22949
22950
22951
22952
22953
22956
22957
22958
22960
22961
22963
22964
22965
22966
22968
22969
22970
22973
22974
22976
22977
22978
22979
22980
22981
22982
22983
22984
22985
22986
22987
22988
22990
22991
22992
22993
22994
22995
22996
22997
22998
23001
23002
23003
23004
23005
23007
23008
23009
23010
23012
23014
23016
23017
23018
23021
23022
23023
23024
23025
23026
23027
23028
23029
23030
23032
23033
23036
23038
23040
23041
23044
23046
23047
23049
23053
23057
23060
23061
23063
23064
23065
23066
23067
23069
23070
23071
23072
23073
23074
23075
23077
23080
23081
23082
23083
23084
23085
23086
23087
23088
23092
23093
23094
23095
23097
23098
23099
23101
23102
23103
23104
23105
23106
23107
23108
23109
23111
23112
23113
23114
23115
23116
23117
23119
23120
23121
23122
23123
23124
23128
23129
23130
23132
23134
23135
23137
23139
23140
23141
23144
23145
23146
23152
23153
23155
23156
23157
23158
23160
23161
23163
23164
23165
23166
23170
23173
23174
23177
23180
23181
23182
23183
23184
23185
23186
23187
23189
23190
23191
23192
23193
23194
23196
23197
23199
23200
23201
23202
23204
23205
23207
23209
23210
23211
23212
23213
23214
23215
23217
23218
23219
23221
23222
23223
23225
23226
23227
23229
23231
23232
23233
23235
23237
23238
23239
23241
23243
23244
23245
23246
23248
23249
23251
23254
23255
23256
23257
23258
23259
23261
23262
23263
23264
23265
23267
23269
23270
23271
23272
23273
23274
23275
23276
23277
23278
23279
23280
23281
23282
23283
23284
23285
23287
23288
23290
23291
23293
23294
23295
23296
23297
23298
23299
23300
23302
23303
23304
23305
23307
23308
23310
23311
23312
23313
23314
23315
23316
23317
23318
23319
23320
23322
23323
23324
23325
23326
23327
23329
23331
23332
23335
23336
23338
23341
23342
23343
23344
23345
23346
23348
23352
23353
23354
23355
23356
23357
23358
23359
23360
23361
23362
23364
23367
23368
23371
23372
23373
23374
23376
23377
23378
23379
23380
23381
23382
23383
23384
23385
23387
23389
23391
23393
23394
23395
23396
23397
23398
23400
23401
23402
23403
23405
23406
23407
23408
23409
23410
23411
23412
23413
23414
23415
23416
23417
23419
23421
23422
23423
23424
23425
23426
23427
23428
23429
23431
23432
23435
23436
23437
23439
23442
23443
23444
23446
23447
23448
23449
23450
23451
23452
23454
23455
23456
23458
23459
23461
23464
23465
23466
23467
23468
23470
23472
23474
23475
23476
23477
23478
23479
23481
23482
23483
23484
23485
23486
23489
23491
23493
23494
23495
23496
23497
23498
23499
23500
23501
23502
23505
23506
23507
23508
23509
23510
23511
23512
23513
23515
23516
23517
23520
23521
23522
23523
23524
23525
23526
23527
23529
23530
23531
23532
23533
23534
23535
23536
23538
23540
23541
23543
23544
23545
23546
23547
23548
23549
23550
23551
23554
23556
23557
23559
23560
23561
23563
23564
23565
23566
23567
23568
23570
23571
23572
23573
23575
23578
23579
23580
23581
23582
23583
23584
23586
23587
23588
23590
23591
23592
23593
23594
23596
23597
23598
23600
23601
23603
23604
23605
23606
23607
23608
23609
23610
23612
23613
23614
23615
23616
23617
23618
23619
23625
23626
23628
23629
23630
23631
23635
23636
23637
23638
23639
23640
23641
23642
23644
23645
23647
23648
23650
23651
23652
23657
23658
23659
23661
23662
23663
23664
23665
23668
23670
23672
23674
23675
23676
23677
23678
23679
23681
23682
23683
23685
23686
23689
23690
23693
23695
23697
23699
23700
23702
23703
23704
23705
23707
23708
23709
23711
23712
23713
23714
23715
23716
23718
23719
23720
23721
23722
23726
23728
23729
23730
23731
23732
23733
23734
23735
23736
23737
23738
23739
23740
23741
23744
23746
23747
23748
23749
23752
23753
23754
23755
23756
23757
23758
23759
23760
23762
23764
23768
23769
23770
23771
23772
23773
23775
23776
23777
23778
23780
23783
23784
23785
23786
23787
23790
23791
23792
23793
23794
23795
23796
23797
23799
23800
23801
23804
23805
23806
23807
23808
23809
23811
23812
23814
23815
23816
23817
23818
23819
23821
23822
23823
23825
23826
23828
23829
23830
23831
23832
23833
23834
23835
23836
23837
23838
23839
23841
23843
23844
23845
23846
23847
23848
23849
23850
23851
23852
23853
23854
23855
23856
23857
23859
23860
23862
23864
23866
23867
23868
23870
23871
23873
23874
23875
23877
23878
23879
23880
23882
23883
23884
23885
23886
23887
23889
23890
23891
23892
23893
23894
23895
23896
23897
23898
23899
23900
23901
23903
23905
23906
23907
23908
23909
23910
23911
23912
23913
23914
23915
23917
23919
23921
23922
23923
23925
23926
23927
23930
23932
23933
23934
23935
23936
23937
23938
23941
23942
23944
23945
23946
23948
23949
23950
23951
23952
23953
23954
23956
23957
23958
23959
23960
23961
23962
23963
23964
23965
23966
23967
23968
23969
23970
23971
23972
23973
23975
23976
23977
23978
23979
23980
23982
23983
23985
23986
23987
23989
23990
23991
23994
23995
23996
23997
23999
24001
24002
24003
24004
24005
24006
24007
24009
24010
24011
24012
24013
24014
24015
24016
24018
24019
24020
24022
24023
24024
24025
24026
24027
24028
24030
24031
24033
24034
24035
24036
24037
24038
24040
24041
24043
24046
24047
24048
24049
24050
24051
24053
24054
24056
24057
24058
24060
24061
24062
24063
24064
24065
24067
24068
24073
24074
24075
24076
24077
24078
24079
24080
24082
24083
24084
24085
24087
24088
24090
24091
24092
24093
24094
24095
24096
24097
24098
24100
24101
24102
24103
24105
24106
24108
24109
24110
24111
24112
24113
24115
24116
24117
24118
24119
24120
24121
24122
24123
24124
24125
24127
24129
24132
24133
24136
24137
24138
24140
24141
24142
24145
24147
24151
24152
24153
24154
24155
24156
24158
24160
24161
24162
24163
24166
24167
24168
24169
24170
24173
24175
24176
24177
24178
24179
24181
24183
24184
24185
24186
24188
24191
24193
24194
24195
24197
24198
24199
24200
24201
24202
24203
24204
24205
24206
24207
24209
24210
24211
24213
24214
24216
24217
24218
24219
24220
24221
24222
24223
24224
24226
24227
24228
24229
24230
24231
24232
24233
24236
24237
24240
24241
24242
24243
24244
24245
24247
24250
24251
24252
24253
24254
24255
24261
24262
24264
24265
24266
24268
24269
24271
24272
24274
24275
24276
24277
24278
24280
24281
24282
24283
24284
24285
24289
24290
24291
24292
24293
24295
24297
24298
24299
24300
24302
24303
24304
24305
24308
24309
24310
24311
24312
24313
24314
24315
24316
24317
24319
24321
24322
24323
24324
24325
24328
24329
24330
24331
24332
24334
24336
24337
24340
24341
24342
24343
24344
24345
24346
24348
24349
24350
24351
24352
24353
24354
24355
24356
24358
24359
24360
24363
24364
24365
24366
24367
24368
24369
24370
24372
24373
24374
24375
24376
24377
24379
24382
24383
24384
24385
24386
24390
24392
24393
24396
24398
24399
24401
24403
24407
24408
24409
24412
24413
24415
24416
24419
24420
24421
24422
24423
24424
24425
24426
24427
24429
24432
24434
24435
24436
24437
24438
24439
24440
24442
24443
24444
24445
24446
24447
24448
24449
24450
24451
24453
24454
24455
24456
24458
24459
24460
24461
24462
24463
24466
24468
24469
24470
24471
24472
24475
24476
24477
24478
24480
24481
24484
24485
24486
24487
24488
24490
24491
24493
24495
24496
24497
24499
24500
24501
24502
24503
24504
24505
24507
24508
24509
24510
24511
24512
24513
24515
24516
24517
24518
24519
24520
24521
24522
24523
24524
24526
24527
24528
24529
24530
24531
24533
24534
24535
24536
24541
24542
24543
24544
24545
24546
24547
24548
24550
24551
24552
24553
24554
24555
24556
24557
24558
24559
24561
24562
24563
24564
24565
24566
24567
24568
24571
24572
24573
24574
24575
24578
24579
24580
24582
24583
24584
24586
24587
24590
24591
24592
24595
24596
24597
24599
24600
24601
24602
24603
24604
24605
24606
24608
24609
24611
24612
24614
24616
24617
24618
24620
24622
24624
24625
24627
24628
24629
24631
24632
24633
24634
24635
24636
24637
24638
24639
24641
24642
24643
24644
24645
24646
24647
24648
24649
24652
24654
24655
24656
24657
24658
24659
24660
24661
24662
24663
24664
24665
24666
24667
24668
24669
24670
24671
24672
24674
24675
24676
24677
24678
24679
24681
24685
24689
24690
24691
24693
24695
24696
24698
24699
24700
24701
24702
24703
24704
24706
24708
24710
24712
24713
24714
24715
24716
24718
24719
24720
24721
24722
24724
24725
24726
24727
24728
24731
24732
24733
24734
24735
24736
24737
24738
24739
24740
24742
24744
24745
24746
24747
24749
24751
24752
24753
24755
24756
24757
24762
24763
24764
24765
24766
24768
24769
24770
24772
24773
24775
24776
24777
24778
24779
24780
24781
24782
24783
24784
24785
24787
24788
24790
24791
24792
24794
24795
24797
24798
24799
24800
24801
24802
24804
24806
24807
24810
24811
24812
24813
24815
24816
24817
24818
24819
24820
24821
24822
24824
24825
24826
24827
24828
24829
24830
24831
24833
24834
24835
24837
24838
24840
24841
24842
24845
24846
24847
24848
24849
24850
24851
24852
24853
24854
24855
24856
24857
24858
24860
24861
24862
24863
24864
24865
24866
24867
24868
24869
24870
24873
24874
24875
24876
24878
24880
24881
24883
24886
24887
24888
24890
24891
24892
24893
24894
24895
24896
24898
24899
24900
24901
24902
24903
24904
24905
24906
24907
24911
24912
24915
24918
24919
24921
24924
24927
24928
24929
24930
24932
24933
24935
24936
24937
24938
24939
24940
24941
24942
24943
24944
24945
24946
24947
24948
24949
24951
24952
24953
24954
24955
24956
24958
24959
24960
24962
24963
24964
24965
24967
24968
24970
24972
24973
24974
24976
24977
24979
24980
24981
24982
24983
24985
24986
24987
24988
24989
24990
24991
24992
24993
24999
25000
25001
25002
25004
25005
25006
25007
25009
25010
25013
25015
25016
25017
25018
25019
25020
25023
25025
25026
25027
25028
25030
25031
25032
25033
25034
25035
25036
25037
25038
25039
25041
25042
25043
25044
25045
25047
25048
25050
25051
25052
25053
25054
25055
25056
25058
25060
25061
25062
25063
25064
25065
25067
25068
25070
25072
25073
25074
25075
25077
25078
25079
25080
25081
25082
25083
25084
25085
25086
25087
25089
25091
25092
25093
25094
25095
25096
25097
25098
25099
25100
25101
25103
25104
25105
25111
25112
25113
25114
25115
25116
25117
25118
25119
25122
25123
25124
25126
25127
25128
25129
25130
25131
25132
25133
25134
25136
25137
25138
25140
25141
25142
25143
25144
25145
25146
25147
25148
25149
25150
25151
25152
25153
25155
25156
25157
25158
25160
25161
25162
25163
25164
25165
25166
25167
25168
25169
25170
25171
25172
25173
25175
25177
25178
25179
25180
25181
25182
25183
25184
25185
25186
25187
25188
25190
25192
25195
25196
25197
25200
25201
25204
25207
25208
25209
25210
25211
25212
25213
25214
25215
25216
25217
25218
25219
25220
25221
25222
25223
25224
25225
25227
25228
25229
25230
25231
25232
25234
25236
25237
25243
25244
25245
25246
25247
25248
25249
25250
25251
25252
25254
25255
25256
25257
25258
25260
25261
25262
25264
25265
25267
25269
25270
25271
25273
25274
25277
25278
25279
25280
25282
25283
25284
25285
25286
25287
25289
25291
25293
25294
25296
25297
25299
25300
25301
25303
25304
25306
25307
25309
25310
25311
25312
25313
25314
25316
25317
25318
25319
25320
25321
25322
25324
25325
25326
25328
25329
25330
25331
25332
25333
25334
25335
25336
25337
25338
25339
25340
25341
25343
25344
25346
25347
25349
25351
25352
25353
25354
25357
25358
25362
25364
25365
25367
25369
25370
25371
25374
25376
25377
25378
25379
25382
25383
25385
25386
25387
25388
25389
25391
25392
25393
25394
25395
25396
25397
25398
25399
25400
25402
25403
25404
25406
25407
25408
25410
25412
25413
25416
25419
25420
25421
25423
25424
25425
25426
25427
25428
25429
25430
25432
25433
25434
25435
25436
25439
25440
25442
25446
25447
25448
25449
25451
25452
25455
25456
25458
25459
25460
25461
25462
25463
25464
25465
25466
25467
25468
25469
25470
25471
25472
25473
25474
25475
25476
25478
25479
25480
25481
25482
25484
25486
25487
25489
25490
25492
25493
25494
25497
25498
25499
25500
25501
25502
25503
25504
25506
25507
25508
25509
25510
25513
25514
25516
25517
25518
25519
25522
25523
25524
25527
25528
25530
25532
25536
25537
25538
25539
25540
25542
25543
25544
25546
25547
25548
25549
25550
25551
25552
25553
25555
25557
25558
25559
25561
25562
25563
25564
25565
25566
25567
25569
25570
25571
25572
25573
25574
25575
25576
25577
25580
25581
25582
25583
25584
25586
25587
25590
25591
25592
25593
25594
25595
25597
25598
25599
25600
25601
25602
25603
25605
25606
25607
25609
25610
25611
25612
25613
25614
25615
25616
25617
25618
25619
25620
25621
25622
25625
25626
25627
25628
25629
25631
25632
25633
25634
25635
25636
25637
25638
25639
25640
25641
25642
25643
25644
25645
25646
25647
25654
25655
25656
25658
25659
25662
25663
25664
25665
25666
25667
25668
25670
25673
25674
25675
25676
25677
25678
25679
25680
25681
25682
25686
25688
25689
25690
25691
25692
25693
25694
25695
25696
25697
25699
25700
25701
25702
25704
25705
25706
25708
25709
25710
25711
25712
25714
25716
25717
25718
25719
25720
25721
25722
25723
25724
25725
25726
25728
25729
25730
25731
25736
25737
25738
25739
25740
25741
25742
25744
25745
25746
25747
25748
25749
25751
25752
25753
25756
25757
25758
25761
25762
25763
25764
25766
25769
25770
25771
25772
25773
25774
25776
25777
25779
25780
25781
25785
25786
25787
25788
25790
25791
25792
25795
25797
25798
25800
25801
25802
25803
25804
25805
25806
25807
25808
25810
25811
25812
25814
25816
25817
25818
25819
25820
25821
25822
25823
25824
25825
25826
25827
25828
25830
25831
25832
25833
25835
25836
25837
25838
25839
25841
25842
25844
25845
25848
25849
25850
25851
25854
25856
25857
25858
25860
25861
25862
25863
25864
25866
25867
25868
25869
25874
25875
25876
25877
25880
25881
25883
25884
25885
25887
25888
25889
25890
25891
25893
25895
25896
25897
25898
25900
25901
25902
25903
25905
25907
25908
25910
25911
25913
25914
25917
25918
25919
25924
25926
25927
25929
25930
25931
25932
25933
25936
25938
25939
25940
25941
25943
25944
25945
25946
25949
25950
25951
25952
25953
25957
25958
25960
25961
25962
25963
25964
25965
25966
25968
25969
25970
25971
25974
25975
25976
25977
25979
25984
25988
25989
25990
25992
25993
25994
25997
25998
26000
26002
26003
26004
26005
26006
26007
26008
26010
26011
26012
26013
26014
26015
26017
26018
26019
26021
26022
26023
26024
26025
26026
26027
26028
26030
26031
26032
26033
26035
26036
26037
26038
26039
26040
26041
26042
26044
26045
26048
26049
26050
26052
26054
26055
26056
26060
26061
26062
26063
26065
26067
26068
26071
26072
26073
26074
26077
26079
26080
26081
26083
26084
26087
26089
26091
26093
26094
26096
26097
26098
26099
26101
26102
26103
26104
26105
26106
26107
26108
26109
26110
26111
26112
26114
26115
26117
26121
26122
26123
26124
26125
26126
26127
26128
26129
26131
26132
26134
26135
26137
26138
26139
26140
26141
26142
26143
26146
26147
26148
26150
26152
26153
26154
26155
26156
26157
26158
26159
26160
26161
26162
26163
26164
26165
26166
26167
26168
26170
26171
26172
26173
26174
26175
26177
26178
26179
26180
26181
26182
26183
26184
26187
26189
26190
26191
26192
26194
26195
26196
26197
26200
26202
26204
26205
26206
26207
26208
26209
26211
26214
26218
26219
26222
26223
26224
26226
26227
26228
26229
26230
26231
26233
26234
26235
26236
26237
26238
26239
26241
26242
26246
26247
26249
26250
26252
26253
26254
26255
26257
26258
26259
26260
26261
26262
26263
26264
26265
26267
26270
26271
26273
26274
26275
26277
26278
26280
26282
26283
26284
26287
26288
26289
26290
26291
26292
26294
26295
26297
26298
26299
26300
26301
26303
26305
26306
26307
26308
26309
26311
26312
26313
26314
26316
26317
26320
26321
26322
26323
26324
26325
26326
26327
26328
26329
26331
26333
26334
26335
26336
26337
26338
26339
26340
26341
26342
26343
26344
26345
26346
26348
26349
26350
26352
26353
26354
26355
26356
26357
26358
26359
26360
26362
26363
26364
26365
26366
26368
26370
26371
26372
26373
26378
26379
26380
26381
26384
26385
26386
26387
26388
26389
26390
26391
26392
26393
26395
26396
26398
26401
26403
26404
26405
26406
26407
26410
26411
26412
26415
26418
26419
26420
26423
26424
26425
26426
26427
26429
26432
26433
26434
26436
26437
26438
26442
26443
26446
26448
26450
26451
26452
26453
26454
26456
26457
26458
26460
26462
26463
26464
26466
26468
26472
26473
26475
26477
26478
26479
26482
26483
26484
26487
26488
26489
26490
26492
26493
26494
26498
26500
26501
26502
26503
26504
26506
26510
26512
26515
26516
26517
26518
26520
26521
26524
26525
26526
26527
26528
26530
26531
26532
26533
26534
26536
26537
26539
26540
26542
26543
26545
26546
26547
26548
26549
26550
26551
26552
26554
26555
26556
26557
26558
26561
26564
26565
26566
26568
26569
26570
26571
26572
26574
26577
26579
26581
26582
26583
26584
26585
26586
26587
26588
26590
26593
26596
26597
26599
26600
26602
26604
26605
26606
26608
26610
26611
26612
26613
26614
26615
26616
26618
26619
26621
26622
26623
26624
26625
26626
26627
26628
26629
26630
26631
26632
26634
26635
26637
26639
26640
26641
26642
26643
26644
26645
26646
26647
26649
26650
26651
26653
26655
26657
26658
26659
26660
26661
26663
26664
26665
26666
26667
26669
26670
26671
26672
26674
26677
26678
26679
26680
26681
26682
26683
26685
26686
26687
26689
26690
26691
26693
26699
26701
26702
26703
26704
26705
26707
26708
26709
26710
26711
26713
26714
26715
26716
26721
26722
26723
26724
26727
26728
26729
26730
26731
26732
26733
26734
26735
26736
26738
26743
26745
26748
26749
26750
26752
26753
26754
26755
26756
26758
26759
26760
26762
26763
26764
26765
26766
26767
26768
26769
26770
26772
26773
26774
26775
26777
26778
26779
26781
26782
26783
26784
26785
26786
26788
26790
26791
26793
26795
26802
26803
26804
26805
26806
26807
26808
26810
26812
26814
26816
26817
26818
26820
26821
26823
26824
26829
26831
26834
26836
26837
26838
26839
26841
26842
26843
26844
26845
26846
26849
26850
26852
26855
26858
26859
26860
26861
26862
26863
26864
26865
26867
26869
26870
26871
26873
26875
26876
26878
26879
26880
26881
26882
26883
26884
26886
26887
26889
26891
26894
26895
26896
26898
26900
26901
26902
26903
26904
26905
26907
26908
26909
26911
26912
26915
26917
26918
26920
26921
26923
26925
26926
26927
26929
26930
26931
26932
26933
26934
26936
26937
26938
26939
26940
26941
26943
26946
26947
26949
26952
26953
26954
26955
26956
26957
26961
26962
26963
26964
26967
26968
26969
26970
26971
26972
26973
26974
26975
26977
26978
26980
26982
26985
26986
26988
26990
26991
26992
26993
26994
26996
26998
26999
27000
27002
27003
27004
27005
27006
27007
27008
27009
27010
27011
27012
27015
27016
27017
27018
27020
27021
27022
27023
27024
27025
27027
27028
27030
27031
27032
27033
27034
27035
27036
27038
27040
27041
27043
27044
27045
27047
27050
27053
27054
27055
27056
27059
27063
27064
27065
27066
27067
27068
27069
27072
27073
27078
27079
27080
27082
27083
27084
27086
27087
27088
27089
27091
27092
27093
27094
27095
27097
27099
27101
27102
27103
27104
27105
27106
27107
27108
27110
27111
27113
27114
27116
27118
27119
27120
27121
27122
27123
27124
27126
27127
27128
27129
27130
27132
27133
27135
27136
27139
27140
27142
27143
27149
27150
27151
27153
27155
27156
27158
27159
27160
27161
27162
27164
27166
27167
27168
27169
27171
27172
27173
27174
27175
27179
27181
27182
27183
27185
27186
27188
27189
27190
27191
27192
27193
27194
27195
27196
27197
27198
27199
27200
27203
27204
27205
27208
27209
27210
27211
27212
27214
27216
27217
27218
27221
27222
27223
27224
27225
27226
27227
27228
27229
27230
27231
27232
27235
27237
27238
27239
27240
27241
27242
27243
27245
27247
27248
27251
27253
27255
27256
27257
27259
27260
27263
27265
27266
27268
27271
27272
27273
27275
27277
27280
27281
27282
27284
27285
27287
27288
27289
27290
27291
27292
27293
27296
27297
27299
27301
27305
27307
27308
27309
27310
27312
27313
27317
27318
27320
27321
27322
27323
27324
27325
27327
27329
27331
27332
27334
27335
27336
27337
27338
27339
27341
27342
27343
27344
27345
27346
27350
27351
27352
27354
27355
27357
27358
27359
27360
27362
27363
27365
27366
27367
27369
27370
27371
27372
27373
27374
27375
27376
27378
27379
27380
27381
27382
27383
27384
27385
27386
27387
27389
27390
27391
27392
27393
27395
27396
27398
27400
27401
27402
27403
27404
27405
27406
27408
27409
27410
27411
27412
27413
27416
27417
27419
27420
27421
27422
27423
27424
27425
27426
27427
27428
27430
27432
27433
27434
27435
27436
27437
27438
27439
27441
27442
27443
27445
27446
27449
27450
27451
27452
27454
27456
27460
27462
27464
27465
27466
27467
27471
27472
27475
27476
27477
27478
27480
27482
27483
27484
27485
27486
27487
27488
27489
27490
27491
27492
27493
27494
27495
27496
27501
27502
27504
27509
27510
27512
27513
27514
27515
27517
27519
27520
27521
27522
27523
27524
27525
27526
27527
27528
27530
27531
27532
27533
27534
27536
27538
27540
27543
27544
27545
27546
27547
27549
27550
27551
27553
27556
27557
27558
27559
27560
27563
27565
27566
27567
27568
27571
27572
27573
27574
27575
27577
27578
27580
27582
27583
27584
27585
27586
27587
27588
27589
27590
27591
27592
27593
27595
27596
27597
27599
27600
27602
27603
27604
27605
27607
27608
27609
27612
27613
27614
27615
27616
27618
27619
27620
27621
27622
27623
27624
27625
27626
27628
27629
27630
27631
27632
27633
27635
27638
27639
27641
27642
27645
27647
27648
27650
27651
27652
27653
27654
27655
27656
27657
27661
27662
27663
27664
27665
27666
27667
27668
27670
27673
27674
27675
27676
27678
27679
27680
27682
27683
27684
27685
27686
27688
27689
27690
27692
27693
27694
27695
27696
27697
27698
27699
27700
27701
27702
27704
27705
27706
27707
27709
27710
27711
27712
27713
27714
27715
27716
27717
27718
27719
27720
27722
27723
27724
27726
27727
27728
27730
27731
27732
27733
27734
27735
27736
27737
27738
27739
27740
27741
27742
27743
27745
27746
27747
27748
27749
27750
27751
27753
27754
27755
27756
27757
27758
27759
27760
27761
27762
27763
27764
27765
27766
27767
27768
27769
27772
27775
27776
27777
27778
27779
27780
27781
27782
27784
27786
27787
27788
27790
27791
27793
27794
27795
27796
27797
27798
27800
27802
27803
27805
27806
27808
27811
27812
27815
27817
27819
27820
27821
27822
27823
27824
27826
27828
27830
27832
27833
27836
27837
27838
27840
27841
27843
27844
27845
27846
27848
27849
27850
27852
27854
27857
27858
27859
27860
27861
27862
27863
27864
27865
27866
27867
27868
27869
27870
27872
27876
27879
27881
27884
27885
27887
27889
27890
27891
27892
27893
27894
27895
27896
27899
27900
27903
27904
27905
27906
27907
27908
27909
27910
27911
27912
27915
27916
27917
27918
27919
27920
27921
27922
27923
27924
27925
27926
27927
27928
27929
27930
27931
27933
27934
27935
27936
27938
27940
27942
27943
27944
27945
27946
27948
27950
27952
27953
27955
27958
27959
27960
27962
27963
27964
27965
27966
27967
27969
27970
27971
27973
27974
27975
27976
27978
27979
27980
27981
27984
27987
27988
27990
27991
27993
27994
27995
27996
27997
27998
27999
28000
28001
28002
28003
28006
28007
28008
28009
28011
28013
28014
28017
28018
28020
28021
28024
28025
28026
28028
28029
28032
28033
28035
28036
28039
28040
28041
28042
28043
28044
28048
28049
28054
28057
28058
28060
28061
28062
28063
28064
28065
28066
28067
28068
28070
28071
28072
28073
28074
28075
28076
28077
28079
28080
28081
28082
28085
28086
28087
28088
28089
28090
28091
28092
28095
28096
28097
28098
28100
28101
28103
28104
28105
28107
28109
28110
28111
28112
28113
28115
28116
28118
28121
28125
28126
28127
28129
28132
28133
28136
28137
28138
28140
28141
28142
28143
28144
28145
28147
28149
28150
28151
28152
28155
28156
28157
28158
28161
28163
28164
28165
28166
28167
28168
28169
28170
28171
28172
28173
28174
28176
28177
28180
28181
28183
28184
28185
28188
28189
28190
28191
28192
28193
28197
28198
28199
28200
28201
28203
28205
28207
28208
28210
28211
28214
28215
28216
28217
28218
28219
28221
28222
28223
28225
28227
28229
28230
28232
28233
28234
28235
28236
28237
28238
28239
28240
28241
28243
28244
28245
28246
28247
28248
28249
28252
28253
28254
28255
28257
28258
28259
28260
28261
28262
28263
28265
28266
28267
28268
28269
28271
28272
28274
28276
28280
28281
28284
28286
28288
28290
28291
28292
28295
28296
28297
28298
28299
28300
28301
28302
28303
28304
28305
28306
28308
28311
28312
28313
28315
28317
28318
28320
28321
28323
28326
28327
28328
28329
28330
28331
28335
28336
28337
28338
28339
28340
28341
28342
28343
28347
28348
28349
28350
28352
28354
28355
28356
28357
28358
28360
28362
28365
28366
28367
28368
28370
28372
28373
28377
28378
28380
28381
28382
28384
28385
28389
28390
28391
28392
28395
28396
28398
28399
28400
28401
28402
28403
28404
28405
28407
28409
28410
28412
28414
28416
28421
28422
28423
28425
28426
28427
28428
28430
28431
28432
28433
28434
28436
28438
28439
28440
28441
28442
28443
28444
28445
28446
28448
28449
28450
28451
28453
28454
28456
28457
28458
28459
28461
28463
28464
28465
28468
28469
28470
28471
28472
28474
28475
28476
28477
28481
28482
28484
28485
28486
28488
28489
28490
28492
28493
28494
28495
28496
28497
28498
28501
28502
28504
28505
28507
28508
28509
28510
28513
28514
28516
28517
28518
28519
28520
28521
28522
28523
28524
28525
28526
28528
28530
28531
28532
28534
28535
28537
28538
28539
28540
28541
28542
28543
28545
28546
28547
28548
28549
28550
28552
28554
28556
28558
28559
28560
28561
28562
28563
28565
28566
28567
28568
28569
28571
28572
28573
28575
28578
28579
28581
28582
28584
28586
28587
28589
28592
28593
28594
28596
28597
28598
28599
28600
28603
28604
28609
28610
28613
28617
28621
28622
28623
28624
28625
28627
28628
28629
28631
28632
28633
28637
28638
28639
28640
28641
28644
28645
28646
28647
28648
28649
28651
28655
28658
28659
28660
28661
28662
28663
28667
28669
28670
28671
28672
28673
28674
28675
28676
28677
28678
28679
28681
28682
28683
28684
28685
28686
28687
28688
28689
28690
28691
28692
28693
28694
28695
28697
28699
28700
28701
28704
28705
28706
28707
28708
28709
28710
28712
28713
28714
28715
28717
28718
28721
28723
28726
28727
28729
28730
28731
28732
28736
28737
28738
28739
28740
28741
28742
28746
28749
28750
28751
28755
28756
28757
28758
28759
28760
28761
28762
28763
28766
28767
28768
28769
28770
28771
28772
28774
28776
28778
28782
28783
28784
28786
28788
28789
28790
28791
28792
28793
28794
28797
28798
28799
28800
28802
28803
28804
28805
28807
28811
28812
28815
28816
28817
28819
28820
28821
28822
28825
28826
28828
28829
28830
28831
28833
28837
28838
28839
28840
28841
28842
28843
28844
28845
28846
28847
28849
28852
28853
28854
28855
28856
28857
28858
28860
28862
28864
28866
28867
28868
28872
28873
28874
28875
28876
28879
28880
28881
28882
28883
28885
28887
28888
28889
28892
28893
28894
28895
28896
28898
28899
28900
28901
28902
28904
28906
28907
28909
28910
28913
28915
28916
28917
28918
28919
28920
28921
28923
28924
28926
28931
28932
28936
28937
28938
28942
28943
28944
28945
28946
28947
28948
28949
28950
28952
28953
28954
28955
28956
28958
28960
28961
28962
28964
28970
28972
28973
28974
28975
28976
28977
28979
28980
28981
28983
28985
28986
28988
28989
28990
28992
28993
28995
28996
28997
28998
28999
29000
29001
29002
29005
29006
29007
29009
29010
29012
29013
29014
29015
29016
29017
29018
29019
29021
29022
29025
29026
29027
29029
29031
29033
29035
29038
29039
29040
29041
29042
29044
29045
29046
29047
29048
29049
29051
29052
29053
29057
29058
29059
29060
29062
29063
29064
29066
29067
29068
29069
29070
29075
29076
29078
29080
29081
29082
29085
29088
29089
29090
29091
29092
29093
29094
29095
29096
29097
29100
29101
29103
29105
29106
29108
29109
29110
29112
29113
29114
29115
29116
29118
29120
29121
29122
29127
29128
29129
29130
29131
29133
29134
29138
29139
29140
29144
29145
29146
29148
29149
29150
29151
29153
29155
29157
29158
29159
29160
29161
29162
29164
29165
29166
29167
29169
29170
29173
29174
29175
29176
29177
29178
29179
29180
29182
29183
29184
29187
29189
29190
29192
29193
29196
29197
29202
29203
29204
29206
29207
29208
29210
29211
29212
29213
29217
29218
29219
29220
29221
29222
29225
29229
29230
29233
29234
29235
29237
29238
29239
29242
29243
29245
29246
29249
29251
29255
29256
29259
29260
29261
29262
29263
29264
29267
29268
29269
29272
29273
29274
29275
29278
29279
29280
29282
29283
29284
29287
29288
29289
29292
29293
29295
29297
29298
29299
29301
29302
29303
29304
29306
29308
29309
29310
29311
29312
29313
29315
29316
29317
29318
29321
29322
29325
29326
29327
29328
29329
29330
29331
29332
29333
29334
29343
29346
29347
29348
29349
29350
29351
29353
29355
29357
29358
29359
29360
29361
29362
29363
29364
29366
29368
29369
29370
29371
29372
29373
29375
29377
29378
29379
29381
29382
29384
29386
29387
29388
29389
29390
29391
29392
29393
29396
29397
29400
29401
29406
29407
29408
29410
29411
29412
29413
29414
29415
29416
29419
29420
29421
29422
29423
29424
29425
29426
29428
29429
29430
29431
29433
29435
29436
29438
29439
29440
29441
29443
29445
29446
29448
29449
29450
29451
29454
29455
29456
29457
29458
29460
29462
29464
29465
29466
29468
29470
29471
29472
29473
29474
29475
29476
29477
29478
29479
29482
29485
29486
29487
29490
29491
29492
29493
29495
29499
29500
29501
29502
29503
29504
29505
29506
29507
29508
29509
29510
29511
29512
29516
29517
29518
29519
29520
29521
29522
29523
29525
29526
29527
29530
29531
29533
29534
29535
29536
29538
29540
29541
29542
29543
29544
29545
29549
29550
29551
29552
29553
29554
29555
29556
29557
29558
29560
29561
29562
29563
29564
29567
29568
29569
29570
29571
29572
29573
29574
29575
29576
29577
29578
29579
29580
29581
29582
29584
29585
29586
29587
29588
29589
29591
29593
29594
29595
29596
29599
29601
29602
29605
29607
29609
29611
29612
29614
29615
29616
29617
29618
29621
29622
29623
29624
29625
29629
29630
29631
29635
29636
29637
29639
29641
29642
29643
29645
29646
29647
29648
29649
29650
29652
29653
29654
29656
29657
29658
29659
29663
29665
29666
29668
29669
29670
29671
29672
29674
29675
29677
29678
29680
29681
29682
29683
29685
29686
29687
29688
29689
29690
29691
29692
29693
29694
29695
29696
29697
29699
29700
29701
29702
29705
29707
29709
29711
29712
29713
29715
29716
29720
29721
29722
29723
29725
29726
29727
29729
29730
29731
29732
29733
29734
29736
29738
29741
29744
29745
29746
29747
29748
29749
29750
29751
29752
29753
29754
29755
29756
29760
29761
29762
29763
29764
29765
29767
29768
29769
29771
29773
29774
29775
29776
29777
29778
29780
29781
29784
29785
29786
29792
29793
29794
29795
29796
29797
29798
29800
29803
29804
29805
29806
29808
29809
29811
29812
29814
29815
29816
29817
29818
29820
29821
29822
29824
29826
29827
29828
29830
29831
29832
29833
29834
29835
29836
29838
29839
29840
29843
29844
29845
29846
29847
29849
29850
29851
29852
29853
29854
29855
29858
29860
29863
29865
29866
29868
29869
29870
29871
29872
29873
29875
29877
29878
29879
29880
29881
29883
29884
29885
29886
29887
29889
29890
29891
29892
29893
29897
29898
29899
29900
29901
29902
29903
29904
29905
29906
29908
29910
29913
29914
29916
29918
29919
29920
29921
29922
29924
29925
29926
29927
29928
29929
29930
29931
29932
29933
29934
29935
29938
29939
29941
29944
29945
29949
29950
29951
29954
29956
29958
29959
29964
29965
29967
29968
29969
29970
29972
29973
29974
29975
29976
29978
29983
29984
29985
29986
29988
29991
29992
29993
29997
29998
29999
30000
30001
30002
30003
30006
30009
30010
30011
30012
30014
30015
30016
30017
30018
30020
30021
30022
30023
30025
30027
30028
30029
30032
30035
30036
30037
30038
30039
30040
30043
30045
30046
30047
30049
30050
30052
30053
30054
30056
30057
30058
30063
30064
30066
30069
30070
30071
30074
30075
30078
30081
30083
30084
30086
30087
30088
30089
30090
30091
30092
30094
30095
30096
30097
30098
30101
30102
30103
30104
30106
30107
30108
30111
30113
30114
30115
30116
30117
30118
30119
30120
30122
30123
30124
30125
30126
30127
30128
30132
30135
30138
30139
30140
30141
30142
30143
30144
30145
30146
30147
30148
30149
30150
30151
30152
30154
30155
30157
30160
30162
30163
30164
30165
30171
30172
30173
30174
30175
30177
30179
30180
30181
30182
30183
30185
30186
30187
30189
30191
30192
30193
30196
30197
30198
30202
30204
30205
30207
30208
30209
30211
30212
30214
30215
30216
30217
30218
30219
30220
30221
30224
30226
30227
30229
30230
30231
30232
30235
30236
30237
30238
30240
30242
30243
30244
30245
30246
30248
30249
30250
30251
30252
30253
30255
30257
30258
30260
30261
30262
30263
30264
30269
30271
30272
30274
30276
30278
30279
30280
30283
30284
30285
30286
30287
30289
30291
30292
30293
30294
30295
30296
30298
30299
30300
30303
30304
30306
30307
30308
30309
30314
30315
30316
30317
30318
30319
30320
30321
30323
30324
30326
30327
30328
30331
30334
30335
30336
30337
30339
30340
30342
30344
30345
30346
30347
30351
30352
30357
30358
30359
30360
30361
30362
30363
30364
30365
30366
30367
30368
30369
30370
30371
30372
30373
30374
30376
30377
30378
30379
30382
30383
30385
30387
30389
30390
30392
30394
30396
30397
30398
30399
30401
30402
30405
30406
30407
30408
30410
30412
30413
30417
30419
30420
30421
30422
30423
30425
30427
30430
30431
30433
30434
30435
30436
30437
30438
30441
30442
30443
30445
30446
30450
30451
30452
30453
30455
30456
30458
30459
30460
30461
30463
30465
30466
30467
30470
30471
30472
30474
30475
30476
30478
30481
30487
30488
30492
30493
30494
30495
30496
30498
30499
30503
30506
30508
30510
30511
30512
30515
30516
30518
30519
30520
30521
30523
30525
30527
30529
30530
30531
30533
30535
30536
30537
30539
30541
30543
30544
30545
30546
30551
30558
30559
30561
30562
30563
30564
30567
30568
30571
30575
30576
30577
30578
30579
30582
30584
30586
30591
30593
30594
30595
30596
30599
30600
30601
30603
30604
30605
30606
30608
30609
30610
30611
30613
30615
30616
30618
30619
30620
30621
30622
30623
30624
30625
30626
30630
30632
30634
30635
30636
30637
30638
30639
30640
30641
30642
30644
30645
30646
30647
30648
30649
30650
30651
30652
30653
30654
30655
30656
30657
30659
30661
30662
30663
30664
30666
30667
30668
30669
30670
30672
30674
30675
30676
30677
30678
30680
30682
30683
30684
30686
30687
30688
30689
30690
30691
30692
30694
30695
30697
30698
30699
30700
30701
30702
30703
30704
30705
30706
30707
30710
30713
30714
30715
30719
30723
30724
30725
30727
30728
30729
30730
30732
30733
30734
30738
30741
30742
30744
30745
30746
30747
30748
30749
30750
30753
30755
30756
30758
30760
30761
30762
30763
30764
30765
30766
30768
30773
30775
30776
30777
30778
30779
30781
30782
30783
30784
30785
30787
30788
30789
30790
30793
30794
30796
30799
30800
30801
30803
30804
30805
30806
30807
30808
30810
30812
30814
30816
30819
30821
30823
30824
30826
30827
30828
30833
30834
30835
30836
30837
30838
30839
30840
30841
30847
30848
30849
30850
30851
30852
30854
30855
30857
30858
30859
30861
30862
30863
30864
30865
30867
30869
30870
30871
30873
30874
30875
30876
30877
30878
30880
30882
30883
30885
30886
30887
30888
30889
30890
30895
30899
30900
30901
30903
30904
30906
30907
30909
30910
30912
30913
30914
30915
30917
30918
30919
30921
30923
30924
30925
30927
30928
30929
30933
30935
30936
30937
30938
30939
30941
30944
30948
30949
30951
30952
30953
30954
30956
30957
30958
30959
30960
30961
30962
30965
30966
30968
30969
30971
30972
30973
30974
30975
30976
30977
30979
30982
30983
30988
30990
30992
30993
30994
30996
30997
30998
30999
31000
31003
31004
31008
31009
31010
31011
31012
31013
31015
31016
31020
31022
31023
31024
31025
31028
31030
31032
31034
31036
31037
31038
31039
31042
31045
31046
31047
31048
31049
31050
31051
31052
31053
31054
31056
31057
31058
31060
31061
31062
31063
31064
31065
31066
31067
31071
31072
31074
31075
31076
31078
31079
31080
31082
31083
31084
31085
31086
31088
31090
31091
31092
31093
31095
31096
31097
31098
31099
31100
31101
31102
31103
31105
31106
31107
31109
31114
31115
31118
31120
31124
31126
31127
31128
31129
31130
31133
31134
31136
31137
31138
31139
31142
31143
31144
31145
31147
31149
31150
31151
31152
31153
31154
31156
31157
31162
31165
31167
31168
31169
31170
31172
31173
31176
31179
31180
31181
31182
31183
31184
31185
31186
31190
31192
31193
31195
31196
31197
31198
31199
31200
31201
31205
31207
31208
31209
31210
31211
31212
31213
31215
31216
31217
31218
31219
31220
31221
31223
31224
31225
31226
31227
31228
31230
31231
31233
31234
31236
31238
31239
31240
31241
31242
31243
31244
31247
31248
31249
31251
31255
31256
31257
31258
31259
31260
31261
31262
31264
31265
31267
31270
31271
31273
31275
31276
31278
31279
31281
31282
31285
31286
31287
31288
31291
31292
31294
31296
31297
31299
31301
31302
31303
31304
31305
31307
31308
31309
31310
31311
31312
31313
31314
31315
31317
31318
31321
31324
31325
31326
31327
31328
31329
31330
31332
31337
31338
31339
31340
31341
31342
31343
31344
31345
31346
31348
31349
31350
31351
31353
31354
31355
31356
31358
31360
31361
31363
31366
31367
31368
31369
31371
31374
31376
31377
31379
31381
31383
31384
31386
31388
31389
31391
31392
31393
31394
31397
31398
31403
31404
31405
31407
31409
31410
31411
31413
31414
31415
31417
31418
31419
31420
31424
31425
31428
31430
31431
31432
31434
31435
31436
31437
31439
31440
31441
31442
31443
31445
31446
31448
31450
31451
31453
31454
31456
31459
31461
31462
31464
31466
31467
31470
31471
31477
31478
31479
31480
31481
31483
31484
31485
31487
31488
31489
31490
31491
31493
31494
31495
31498
31499
31502
31503
31504
31505
31507
31508
31509
31510
31512
31515
31516
31517
31519
31520
31521
31522
31524
31525
31526
31529
31530
31533
31534
31536
31538
31539
31540
31541
31542
31543
31544
31546
31547
31548
31550
31551
31552
31555
31556
31557
31558
31559
31561
31562
31564
31565
31566
31567
31571
31572
31574
31575
31579
31580
31581
31582
31584
31588
31589
31590
31591
31592
31593
31595
31598
31600
31602
31603
31606
31609
31610
31611
31612
31615
31616
31617
31619
31621
31622
31623
31624
31625
31626
31627
31628
31629
31631
31633
31634
31635
31636
31637
31639
31640
31641
31642
31644
31645
31646
31647
31649
31650
31651
31652
31654
31656
31659
31660
31661
31662
31663
31664
31665
31666
31668
31669
31670
31671
31672
31677
31679
31685
31686
31687
31688
31689
31690
31692
31693
31694
31695
31696
31697
31698
31699
31701
31702
31703
31705
31706
31708
31709
31710
31711
31712
31713
31714
31716
31717
31718
31720
31721
31722
31723
31724
31725
31727
31728
31731
31732
31733
31734
31735
31736
31737
31738
31740
31741
31744
31748
31749
31750
31751
31752
31753
31754
31755
31759
31760
31761
31762
31763
31764
31765
31766
31768
31769
31770
31773
31774
31776
31777
31778
31780
31781
31785
31788
31789
31790
31791
31792
31793
31794
31795
31797
31798
31799
31800
31801
31802
31803
31809
31810
31811
31812
31813
31815
31816
31820
31821
31822
31823
31824
31826
31829
31830
31832
31833
31835
31837
31838
31839
31841
31842
31846
31847
31849
31850
31854
31855
31856
31859
31860
31861
31862
31869
31871
31872
31874
31875
31878
31879
31881
31882
31883
31884
31885
31886
31887
31888
31889
31890
31891
31893
31896
31897
31899
31900
31901
31902
31904
31906
31907
31911
31913
31914
31918
31919
31920
31921
31923
31925
31928
31930
31931
31932
31933
31935
31936
31937
31938
31939
31941
31942
31943
31945
31947
31949
31950
31951
31954
31955
31957
31959
31960
31961
31964
31965
31966
31968
31969
31970
31971
31972
31973
31975
31978
31979
31980
31983
31984
31985
31986
31987
31988
31989
31990
31991
31992
31994
31995
31996
31997
31998
31999
32000
32001
32002
32003
32004
32005
32006
32007
32008
32009
32010
32011
32013
32014
32015
32016
32017
32018
32019
32022
32029
32031
32032
32035
32037
32039
32042
32043
32044
32045
32048
32049
32052
32055
32058
32061
32062
32064
32065
32071
32074
32075
32076
32078
32080
32082
32083
32084
32085
32086
32087
32088
32092
32093
32095
32096
32097
32098
32099
32100
32102
32104
32105
32107
32108
32113
32114
32115
32116
32117
32118
32120
32123
32124
32125
32127
32128
32129
32130
32131
32132
32133
32135
32137
32138
32139
32140
32141
32143
32144
32145
32146
32147
32148
32149
32150
32153
32154
32156
32157
32158
32159
32160
32161
32162
32163
32164
32166
32168
32170
32171
32173
32174
32175
32176
32177
32178
32179
32184
32185
32187
32188
32189
32190
32191
32192
32193
32194
32195
32198
32199
32201
32202
32205
32208
32209
32210
32212
32218
32219
32220
32222
32224
32225
32226
32227
32228
32229
32230
32231
32234
32235
32236
32237
32238
32239
32241
32242
32244
32245
32246
32247
32248
32249
32250
32251
32252
32254
32255
32256
32257
32258
32259
32260
32261
32262
32264
32265
32266
32267
32268
32269
32277
32279
32280
32282
32283
32284
32285
32286
32287
32288
32289
32290
32291
32292
32293
32294
32295
32296
32300
32302
32303
32304
32306
32308
32310
32312
32313
32314
32315
32317
32318
32319
32320
32321
32323
32325
32327
32328
32330
32331
32332
32333
32334
32335
32341
32342
32343
32344
32345
32346
32348
32349
32351
32352
32354
32357
32359
32360
32362
32364
32365
32366
32367
32368
32369
32370
32372
32373
32374
32375
32376
32378
32379
32380
32381
32382
32383
32384
32386
32387
32388
32389
32390
32391
32392
32393
32394
32396
32410
32412
32416
32417
32418
32421
32423
32424
32425
32427
32428
32429
32430
32431
32432
32433
32434
32439
32440
32442
32443
32445
32447
32449
32450
32451
32452
32453
32454
32455
32456
32457
32462
32463
32465
32466
32467
32468
32469
32471
32472
32475
32476
32477
32479
32480
32481
32483
32484
32485
32488
32489
32490
32491
32492
32493
32494
32495
32496
32497
32499
32501
32503
32504
32505
32506
32507
32508
32509
32511
32515
32516
32521
32522
32523
32524
32525
32526
32528
32530
32532
32534
32541
32543
32544
32545
32546
32547
32548
32549
32550
32551
32554
32555
32556
32558
32560
32561
32562
32563
32564
32566
32567
32568
32570
32571
32572
32574
32578
32579
32580
32581
32582
32589
32590
32591
32592
32594
32595
32596
32597
32601
32602
32603
32604
32606
32607
32608
32609
32611
32612
32613
32614
32615
32616
32617
32619
32620
32623
32624
32625
32626
32627
32628
32629
32631
32633
32634
32635
32636
32637
32638
32639
32640
32641
32644
32645
32646
32647
32650
32651
32652
32653
32654
32655
32656
32657
32658
32659
32661
32663
32664
32665
32666
32667
32668
32671
32672
32673
32674
32675
32676
32677
32678
32680
32683
32684
32685
32686
32688
32689
32690
32691
32692
32693
32694
32695
32696
32698
32699
32702
32703
32704
32708
32709
32710
32712
32713
32715
32717
32718
32719
32720
32721
32723
32725
32726
32727
32728
32730
32734
32735
32736
32740
32741
32742
32743
32744
32745
32746
32748
32749
32751
32752
32753
32754
32755
32759
32760
32763
32764
32765
32766
32767
32768
32769
32770
32772
32773
32776
32777
32778
32780
32781
32783
32784
32785
32786
32787
32788
32790
32792
32793
32795
32796
32797
32798
32799
32800
32801
32802
32804
32805
32808
32809
32810
32811
32814
32815
32816
32817
32819
32820
32821
32822
32823
32825
32828
32830
32832
32834
32835
32837
32838
32842
32844
32848
32849
32850
32852
32853
32854
32856
32857
32858
32859
32861
32862
32866
32868
32872
32873
32875
32878
32879
32880
32881
32882
32883
32884
32885
32887
32888
32889
32890
32892
32893
32894
32895
32897
32898
32899
32902
32903
32905
32906
32907
32909
32912
32915
32916
32917
32920
32921
32922
32923
32924
32925
32926
32927
32928
32929
32930
32931
32932
32933
32934
32935
32936
32939
32940
32941
32942
32943
32944
32945
32946
32947
32949
32950
32951
32952
32953
32954
32955
32956
32958
32961
32964
32967
32968
32969
32971
32974
32975
32976
32977
32979
32980
32982
32983
32984
32985
32988
32989
32990
32994
32995
32997
32998
33001
33003
33004
33005
33006
33007
33009
33010
33011
33017
33018
33020
33021
33023
33024
33025
33027
33029
33030
33031
33032
33033
33034
33035
33036
33039
33041
33045
33050
33051
33052
33053
33054
33056
33057
33058
33059
33060
33063
33064
33066
33067
33068
33069
33070
33072
33074
33075
33079
33082
33083
33085
33088
33089
33091
33092
33093
33094
33095
33096
33098
33100
33101
33102
33105
33106
33107
33108
33109
33110
33111
33112
33113
33114
33115
33116
33118
33119
33120
33122
33124
33125
33126
33129
33130
33131
33134
33135
33138
33139
33142
33143
33146
33147
33149
33151
33152
33153
33154
33158
33159
33160
33161
33163
33165
33167
33170
33171
33177
33179
33181
33182
33184
33185
33187
33188
33190
33191
33192
33193
33196
33198
33203
33204
33208
33210
33211
33214
33215
33217
33218
33220
33221
33222
33224
33226
33229
33230
33233
33234
33235
33237
33238
33239
33240
33241
33242
33244
33245
33248
33251
33254
33256
33259
33260
33261
33262
33263
33264
33265
33267
33268
33269
33270
33271
33272
33273
33274
33275
33276
33277
33278
33279
33283
33284
33285
33286
33287
33289
33290
33291
33292
33293
33294
33295
33296
33298
33299
33301
33302
33303
33304
33305
33306
33308
33310
33311
33312
33313
33314
33317
33318
33319
33320
33323
33324
33326
33329
33331
33332
33333
33334
33335
33336
33337
33340
33341
33342
33343
33344
33345
33346
33347
33349
33350
33351
33352
33353
33354
33355
33356
33358
33360
33361
33362
33363
33365
33367
33371
33373
33374
33376
33377
33378
33379
33380
33381
33382
33385
33387
33388
33389
33390
33392
33393
33395
33396
33398
33400
33401
33402
33403
33406
33407
33408
33410
33411
33412
33413
33414
33420
33421
33423
33424
33425
33426
33427
33429
33430
33431
33432
33435
33436
33439
33440
33441
33444
33445
33447
33449
33450
33451
33452
33453
33455
33457
33458
33459
33462
33464
33467
33468
33471
33472
33473
33474
33475
33476
33478
33479
33481
33483
33485
33486
33488
33489
33490
33491
33493
33495
33498
33499
33501
33504
33505
33507
33508
33509
33510
33513
33514
33515
33516
33517
33518
33519
33522
33524
33525
33527
33528
33532
33535
33537
33539
33540
33541
33544
33545
33546
33549
33550
33552
33555
33556
33557
33558
33559
33565
33567
33569
33570
33573
33575
33578
33579
33580
33582
33583
33584
33585
33586
33587
33588
33589
33590
33591
33593
33596
33597
33599
33601
33603
33604
33606
33607
33608
33609
33610
33611
33613
33614
33617
33618
33620
33621
33622
33625
33626
33628
33630
33631
33632
33633
33634
33635
33637
33639
33640
33642
33644
33647
33648
33651
33652
33654
33655
33658
33659
33660
33661
33662
33664
33665
33666
33667
33669
33671
33672
33673
33675
33676
33678
33679
33684
33685
33686
33687
33690
33691
33692
33694
33696
33700
33701
33702
33705
33706
33707
33708
33709
33710
33711
33712
33713
33714
33715
33716
33718
33719
33720
33722
33723
33724
33725
33729
33730
33731
33732
33733
33735
33740
33742
33743
33744
33745
33746
33749
33750
33751
33752
33753
33754
33756
33758
33761
33762
33763
33764
33765
33767
33768
33771
33772
33773
33774
33775
33776
33777
33778
33779
33780
33781
33782
33783
33784
33786
33787
33789
33790
33791
33793
33794
33795
33797
33799
33801
33802
33803
33805
33807
33810
33811
33812
33813
33814
33816
33817
33820
33822
33825
33827
33829
33830
33831
33832
33836
33837
33839
33840
33841
33843
33845
33847
33848
33849
33850
33852
33853
33854
33860
33861
33863
33865
33868
33869
33871
33874
33875
33876
33877
33880
33886
33887
33889
33892
33893
33894
33895
33898
33899
33900
33901
33902
33903
33904
33905
33909
33910
33911
33915
33916
33917
33922
33924
33926
33928
33930
33931
33932
33933
33934
33936
33939
33940
33943
33944
33945
33946
33949
33950
33951
33952
33953
33955
33956
33957
33958
33960
33963
33965
33967
33969
33970
33971
33972
33973
33974
33975
33976
33979
33980
33981
33983
33984
33986
33987
33988
33989
33990
33991
33993
33994
33995
33996
34000
34001
34003
34005
34006
34007
34009
34012
34015
34016
34017
34018
34019
34020
34021
34022
34023
34024
34027
34028
34029
34030
34032
34033
34034
34037
34038
34040
34041
34042
34043
34045
34046
34047
34048
34051
34052
34053
34054
34055
34058
34059
34060
34062
34065
34066
34067
34071
34072
34073
34074
34077
34078
34080
34081
34082
34084
34085
34086
34088
34091
34092
34093
34094
34097
34098
34099
34100
34102
34103
34104
34105
34106
34108
34109
34110
34111
34112
34114
34116
34118
34120
34122
34123
34124
34125
34126
34130
34131
34132
34133
34134
34135
34136
34137
34139
34141
34142
34143
34144
34145
34146
34147
34149
34150
34153
34154
34156
34157
34163
34164
34165
34167
34169
34170
34171
34172
34173
34174
34176
34177
34178
34180
34181
34182
34183
34184
34185
34186
34187
34188
34189
34191
34192
34195
34196
34197
34198
34199
34201
34202
34203
34204
34206
34207
34209
34210
34211
34215
34217
34218
34219
34220
34222
34224
34225
34228
34229
34230
34231
34232
34234
34236
34237
34238
34241
34243
34248
34249
34250
34251
34253
34254
34255
34256
34257
34259
34260
34261
34263
34265
34267
34271
34272
34274
34275
34276
34277
34279
34281
34282
34283
34284
34287
34288
34289
34290
34291
34293
34294
34295
34296
34298
34301
34303
34304
34305
34306
34309
34310
34311
34312
34313
34314
34317
34318
34319
34320
34322
34323
34325
34326
34327
34328
34329
34330
34333
34334
34337
34338
34343
34344
34347
34349
34350
34352
34353
34354
34356
34359
34361
34362
34364
34365
34366
34367
34369
34372
34373
34374
34375
34376
34377
34379
34380
34383
34385
34386
34387
34391
34392
34393
34394
34395
34396
34397
34398
34402
34405
34406
34407
34409
34410
34412
34413
34414
34415
34416
34417
34419
34420
34421
34422
34424
34426
34427
34429
34431
34432
34433
34435
34436
34437
34438
34439
34445
34447
34448
34449
34451
34454
34455
34459
34460
34461
34462
34463
34464
34465
34467
34468
34470
34471
34473
34474
34475
34482
34483
34489
34490
34491
34492
34493
34494
34495
34498
34499
34500
34502
34503
34506
34507
34508
34509
34510
34512
34513
34514
34515
34516
34519
34521
34523
34524
34525
34526
34527
34529
34531
34532
34533
34534
34535
34536
34537
34538
34539
34540
34541
34542
34543
34545
34546
34547
34548
34549
34551
34555
34557
34558
34559
34560
34562
34563
34564
34569
34572
34573
34574
34577
34578
34579
34580
34583
34584
34585
34588
34589
34593
34594
34595
34597
34600
34601
34602
34604
34605
34606
34608
34609
34611
34612
34613
34615
34617
34620
34621
34622
34624
34625
34626
34628
34632
34633
34634
34635
34636
34638
34639
34643
34644
34645
34646
34647
34648
34649
34651
34652
34654
34655
34656
34660
34661
34663
34667
34669
34670
34672
34673
34674
34675
34676
34677
34678
34679
34680
34681
34682
34683
34685
34686
34692
34693
34695
34697
34700
34702
34703
34705
34706
34707
34708
34709
34710
34711
34713
34714
34716
34717
34718
34719
34722
34724
34725
34726
34727
34728
34731
34733
34734
34735
34736
34738
34740
34741
34742
34743
34746
34748
34750
34752
34755
34757
34761
34762
34764
34766
34767
34768
34771
34772
34773
34774
34777
34779
34780
34781
34783
34785
34786
34788
34789
34790
34792
34793
34794
34795
34797
34800
34801
34802
34805
34806
34808
34809
34810
34811
34812
34814
34816
34818
34819
34821
34822
34825
34827
34828
34831
34833
34835
34841
34842
34843
34844
34846
34848
34849
34850
34852
34853
34855
34856
34858
34860
34862
34865
34866
34867
34868
34870
34871
34872
34874
34877
34878
34879
34880
34881
34884
34885
34886
34887
34888
34889
34890
34893
34896
34898
34900
34902
34903
34904
34905
34906
34907
34908
34910
34912
34915
34916
34918
34920
34921
34922
34923
34926
34929
34930
34932
34933
34935
34936
34937
34938
34939
34940
34942
34943
34944
34946
34951
34952
34953
34956
34959
34960
34962
34963
34966
34969
34970
34971
34973
34978
34979
34980
34982
34983
34987
34988
34991
34992
34993
34994
34995
34996
34997
34998
35000
35002
35005
35006
35007
35009
35011
35012
35013
35015
35016
35018
35019
35021
35022
35023
35024
35025
35027
35028
35030
35031
35032
35033
35034
35035
35036
35037
35039
35040
35044
35045
35046
35047
35048
35049
35050
35051
35053
35054
35055
35056
35057
35060
35061
35065
35067
35070
35072
35073
35074
35075
35076
35079
35080
35081
35084
35087
35088
35090
35091
35092
35093
35094
35095
35096
35097
35098
35099
35100
35103
35104
35106
35107
35108
35109
35110
35112
35114
35116
35117
35118
35120
35121
35122
35123
35124
35125
35126
35128
35131
35133
35134
35136
35137
35138
35139
35140
35141
35142
35144
35145
35146
35149
35150
35152
35153
35155
35156
35157
35159
35161
35162
35164
35165
35166
35167
35169
35173
35175
35177
35178
35181
35182
35183
35184
35185
35186
35187
35188
35191
35194
35195
35196
35198
35199
35200
35201
35203
35204
35205
35207
35208
35210
35211
35212
35213
35214
35216
35218
35220
35221
35222
35224
35225
35226
35229
35231
35232
35235
35237
35238
35239
35240
35242
35243
35244
35246
35247
35249
35250
35251
35252
35255
35257
35259
35260
35262
35264
35265
35268
35269
35270
35271
35273
35274
35275
35276
35277
35281
35282
35284
35286
35288
35289
35294
35295
35296
35298
35299
35302
35303
35306
35307
35308
35309
35311
35312
35313
35316
35317
35318
35319
35322
35323
35324
35325
35326
35327
35329
35331
35334
35335
35336
35339
35340
35344
35348
35349
35351
35354
35355
35358
35359
35360
35361
35364
35366
35374
35375
35378
35380
35386
35390
35393
35395
35396
35397
35398
35399
35400
35403
35404
35406
35407
35409
35413
35414
35418
35419
35420
35422
35423
35424
35425
35426
35427
35430
35431
35433
35435
35436
35438
35439
35441
35444
35445
35446
35449
35451
35452
35453
35455
35460
35461
35462
35463
35464
35467
35468
35471
35472
35473
35474
35475
35476
35478
35479
35480
35481
35482
35483
35485
35488
35489
35490
35491
35492
35494
35495
35497
35501
35503
35504
35509
35510
35511
35512
35513
35514
35515
35516
35517
35519
35522
35529
35530
35531
35532
35533
35535
35536
35537
35538
35539
35540
35541
35542
35543
35545
35546
35547
35548
35550
35551
35555
35558
35559
35560
35562
35564
35565
35568
35569
35570
35571
35575
35576
35577
35578
35580
35583
35584
35585
35588
35589
35590
35593
35594
35595
35597
35599
35601
35602
35603
35604
35606
35607
35608
35609
35612
35613
35614
35615
35617
35618
35619
35620
35621
35623
35629
35632
35633
35634
35635
35637
35638
35639
35640
35642
35643
35644
35645
35646
35647
35648
35649
35650
35653
35655
35657
35659
35661
35662
35664
35665
35667
35668
35671
35672
35673
35674
35675
35677
35678
35679
35680
35682
35683
35686
35687
35688
35690
35691
35692
35693
35695
35697
35698
35699
35700
35701
35702
35704
35706
35707
35709
35710
35711
35713
35715
35716
35718
35719
35721
35724
35725
35726
35727
35728
35732
35733
35735
35737
35739
35740
35742
35744
35746
35747
35748
35749
35750
35751
35752
35754
35755
35758
35759
35762
35764
35765
35766
35768
35769
35771
35775
35778
35779
35780
35783
35784
35785
35786
35787
35788
35790
35792
35793
35794
35795
35797
35798
35800
35801
35806
35807
35808
35809
35811
35812
35817
35819
35821
35822
35824
35825
35826
35831
35832
35835
35836
35838
35840
35841
35842
35843
35844
35845
35846
35847
35849
35850
35851
35853
35856
35859
35861
35862
35864
35865
35867
35868
35871
35872
35873
35875
35876
35878
35880
35881
35883
35885
35886
35887
35888
35889
35891
35892
35893
35894
35895
35899
35900
35901
35904
35907
35908
35909
35911
35912
35913
35914
35917
35919
35920
35922
35923
35924
35925
35926
35927
35929
35930
35931
35932
35934
35935
35936
35937
35940
35941
35944
35945
35946
35947
35951
35953
35955
35956
35959
35960
35962
35967
35968
35969
35970
35971
35972
35975
35977
35978
35979
35980
35981
35983
35984
35985
35986
35988
35989
35990
35992
35993
35994
35995
35996
35998
36000
36001
36004
36007
36008
36009
36010
36011
36012
36014
36015
36016
36017
36021
36022
36023
36024
36025
36026
36027
36028
36029
36034
36035
36036
36038
36040
36042
36043
36044
36046
36048
36049
36050
36052
36053
36055
36059
36066
36068
36070
36072
36074
36075
36076
36079
36080
36084
36088
36089
36090
36091
36093
36095
36097
36098
36100
36101
36102
36105
36106
36109
36110
36111
36112
36113
36114
36115
36117
36118
36119
36120
36121
36123
36126
36128
36129
36131
36132
36133
36134
36137
36138
36139
36140
36142
36143
36145
36146
36147
36151
36152
36155
36156
36157
36158
36159
36160
36162
36164
36165
36166
36167
36168
36169
36171
36174
36175
36176
36180
36182
36184
36185
36186
36189
36190
36191
36192
36193
36195
36196
36197
36199
36200
36201
36204
36205
36206
36207
36208
36211
36212
36213
36214
36215
36218
36221
36222
36223
36225
36230
36231
36234
36235
36237
36238
36245
36246
36247
36249
36253
36254
36256
36257
36259
36260
36261
36263
36265
36268
36269
36272
36275
36276
36277
36278
36279
36280
36282
36287
36290
36292
36294
36295
36296
36297
36299
36301
36303
36304
36306
36308
36309
36311
36312
36313
36314
36315
36317
36319
36320
36321
36322
36323
36325
36327
36328
36329
36331
36332
36333
36334
36335
36336
36338
36343
36344
36346
36347
36348
36349
36350
36351
36353
36354
36357
36361
36363
36364
36365
36366
36367
36368
36369
36370
36372
36373
36375
36376
36377
36379
36382
36384
36386
36389
36391
36393
36394
36395
36397
36398
36400
36403
36405
36406
36407
36408
36409
36410
36414
36415
36416
36418
36419
36420
36422
36423
36424
36425
36426
36429
36432
36435
36436
36438
36441
36445
36446
36448
36449
36450
36453
36454
36456
36457
36459
36460
36461
36463
36464
36465
36466
36467
36468
36469
36472
36474
36475
36478
36479
36480
36482
36483
36485
36487
36489
36491
36492
36495
36496
36497
36498
36499
36500
36501
36503
36504
36506
36507
36513
36514
36515
36516
36517
36520
36521
36523
36524
36526
36527
36529
36530
36531
36534
36535
36536
36537
36538
36539
36540
36544
36546
36547
36550
36551
36552
36553
36554
36555
36556
36557
36560
36563
36565
36566
36569
36570
36571
36572
36573
36574
36576
36577
36578
36582
36583
36584
36586
36588
36589
36590
36591
36592
36593
36594
36595
36597
36598
36599
36601
36602
36603
36605
36606
36607
36609
36610
36612
36614
36615
36616
36618
36623
36624
36626
36627
36628
36629
36630
36631
36633
36634
36636
36637
36638
36639
36640
36641
36642
36643
36647
36648
36649
36651
36652
36654
36658
36660
36662
36663
36664
36667
36670
36671
36674
36675
36676
36679
36681
36683
36684
36685
36687
36688
36691
36693
36698
36700
36702
36703
36704
36706
36709
36712
36714
36715
36717
36719
36720
36722
36723
36724
36725
36730
36732
36733
36734
36736
36737
36740
36743
36744
36745
36746
36748
36749
36751
36754
36758
36760
36762
36763
36764
36765
36766
36769
36773
36774
36775
36776
36777
36779
36780
36783
36784
36785
36787
36789
36792
36793
36794
36796
36798
36799
36800
36801
36802
36803
36804
36805
36806
36807
36809
36810
36814
36816
36817
36819
36820
36822
36823
36824
36827
36831
36833
36834
36835
36836
36838
36839
36840
36841
36843
36844
36846
36851
36852
36853
36855
36859
36861
36863
36864
36865
36866
36867
36870
36874
36875
36876
36877
36878
36879
36882
36883
36884
36885
36887
36889
36890
36891
36892
36893
36895
36897
36898
36899
36900
36901
36902
36903
36904
36906
36907
36908
36909
36910
36912
36914
36915
36920
36923
36924
36925
36926
36928
36931
36933
36934
36935
36938
36939
36940
36943
36944
36945
36948
36949
36951
36953
36954
36956
36957
36960
36962
36965
36967
36968
36969
36970
36973
36974
36975
36976
36978
36979
36980
36981
36982
36983
36984
36985
36986
36987
36988
36990
36993
36996
36997
36999
37002
37003
37004
37005
37006
37008
37010
37011
37012
37013
37014
37015
37016
37017
37018
37019
37020
37022
37023
37024
37025
37027
37028
37029
37032
37033
37034
37035
37036
37037
37038
37040
37041
37042
37043
37044
37047
37048
37049
37051
37052
37054
37056
37057
37058
37060
37061
37063
37066
37067
37069
37070
37072
37073
37075
37077
37078
37079
37081
37083
37085
37086
37088
37090
37092
37093
37094
37098
37099
37102
37103
37104
37105
37107
37108
37109
37112
37113
37115
37116
37118
37121
37125
37126
37128
37130
37134
37135
37136
37138
37139
37140
37141
37142
37144
37145
37146
37147
37149
37150
37152
37153
37154
37155
37157
37158
37159
37160
37162
37163
37164
37166
37168
37169
37170
37172
37173
37174
37175
37176
37178
37179
37180
37182
37183
37185
37186
37189
37193
37194
37197
37198
37201
37202
37203
37205
37207
37208
37210
37211
37212
37213
37214
37216
37218
37219
37220
37222
37223
37224
37225
37226
37228
37229
37230
37231
37232
37233
37234
37235
37236
37237
37238
37240
37244
37245
37246
37247
37248
37249
37250
37252
37254
37255
37259
37263
37264
37266
37267
37270
37271
37272
37274
37276
37277
37280
37281
37284
37287
37288
37289
37292
37294
37296
37297
37299
37300
37301
37303
37304
37305
37306
37307
37308
37309
37310
37311
37312
37314
37315
37316
37317
37319
37321
37326
37327
37328
37329
37331
37332
37334
37336
37337
37339
37340
37341
37344
37348
37350
37352
37353
37355
37356
37357
37358
37359
37360
37361
37363
37364
37366
37367
37368
37370
37371
37372
37374
37378
37380
37381
37382
37383
37384
37385
37388
37391
37393
37394
37395
37396
37397
37398
37400
37401
37403
37404
37405
37406
37408
37410
37411
37412
37413
37416
37417
37418
37421
37423
37424
37425
37427
37428
37429
37431
37432
37433
37435
37436
37437
37438
37441
37442
37445
37447
37448
37450
37451
37456
37457
37458
37459
37460
37461
37463
37465
37466
37467
37471
37473
37475
37476
37477
37481
37482
37485
37486
37487
37488
37490
37492
37493
37494
37496
37497
37499
37500
37501
37504
37506
37508
37509
37514
37515
37516
37518
37520
37523
37525
37526
37527
37529
37531
37532
37533
37534
37535
37536
37537
37538
37539
37540
37542
37543
37544
37546
37547
37549
37550
37551
37553
37554
37555
37556
37561
37562
37564
37566
37569
37570
37574
37579
37582
37586
37587
37589
37590
37592
37593
37595
37596
37600
37602
37603
37604
37606
37608
37609
37612
37613
37616
37617
37618
37619
37621
37623
37625
37627
37628
37631
37633
37634
37637
37638
37639
37640
37641
37642
37643
37645
37646
37647
37652
37653
37654
37655
37656
37657
37658
37659
37660
37662
37663
37664
37665
37667
37668
37670
37672
37673
37675
37676
37679
37681
37683
37685
37687
37688
37689
37690
37691
37693
37695
37696
37698
37699
37700
37701
37702
37703
37704
37705
37707
37708
37709
37710
37714
37715
37716
37719
37721
37722
37725
37726
37727
37729
37730
37731
37732
37733
37734
37735
37737
37738
37739
37740
37741
37742
37744
37746
37747
37748
37749
37752
37753
37754
37758
37759
37760
37761
37764
37765
37769
37770
37774
37775
37779
37780
37781
37782
37784
37785
37786
37787
37789
37792
37793
37794
37795
37797
37798
37799
37800
37801
37802
37804
37805
37806
37807
37809
37812
37813
37815
37817
37818
37819
37820
37823
37824
37825
37826
37827
37828
37830
37831
37832
37833
37835
37836
37839
37844
37845
37847
37848
37849
37852
37853
37857
37858
37860
37863
37865
37866
37868
37870
37871
37872
37874
37876
37877
37878
37879
37880
37882
37883
37885
37886
37887
37889
37890
37892
37894
37895
37896
37897
37899
37904
37907
37908
37911
37912
37913
37915
37916
37917
37918
37920
37921
37923
37924
37928
37931
37932
37934
37935
37936
37938
37939
37941
37942
37943
37944
37947
37951
37953
37954
37955
37956
37957
37958
37960
37963
37964
37965
37967
37968
37969
37971
37972
37974
37977
37978
37980
37981
37983
37984
37985
37986
37989
37990
37992
37993
37994
37995
37996
37997
37998
37999
38000
38001
38002
38003
38004
38005
38008
38009
38010
38011
38012
38013
38015
38016
38019
38024
38026
38027
38028
38029
38030
38033
38035
38036
38037
38039
38040
38044
38045
38049
38050
38052
38054
38056
38059
38060
38061
38062
38063
38065
38066
38067
38068
38069
38070
38073
38074
38075
38076
38079
38081
38083
38084
38085
38086
38087
38088
38089
38090
38091
38092
38093
38094
38097
38098
38099
38100
38104
38107
38109
38111
38112
38113
38117
38121
38123
38126
38127
38129
38131
38132
38135
38136
38138
38139
38141
38142
38143
38144
38147
38148
38149
38152
38154
38155
38156
38157
38158
38161
38163
38166
38167
38168
38169
38170
38171
38172
38173
38175
38176
38177
38178
38180
38182
38183
38185
38186
38187
38188
38190
38191
38192
38193
38194
38195
38196
38197
38200
38203
38204
38205
38206
38207
38208
38209
38211
38213
38214
38215
38216
38217
38220
38222
38223
38225
38226
38227
38228
38231
38233
38236
38237
38238
38239
38243
38245
38247
38248
38249
38251
38253
38255
38256
38258
38260
38261
38264
38265
38266
38269
38270
38273
38274
38276
38278
38279
38280
38281
38283
38285
38287
38289
38294
38296
38297
38298
38300
38302
38303
38304
38306
38308
38311
38314
38315
38316
38318
38320
38321
38323
38324
38325
38326
38327
38329
38331
38332
38333
38334
38339
38341
38343
38344
38345
38346
38347
38348
38349
38350
38351
38352
38354
38356
38357
38360
38361
38362
38363
38364
38365
38368
38369
38372
38373
38375
38376
38377
38378
38380
38381
38383
38387
38390
38391
38392
38393
38394
38397
38399
38400
38402
38403
38406
38408
38410
38412
38416
38417
38418
38420
38422
38424
38425
38426
38429
38430
38433
38434
38436
38442
38443
38444
38445
38447
38449
38450
38451
38453
38454
38459
38460
38461
38463
38465
38469
38470
38473
38474
38476
38477
38478
38479
38481
38482
38483
38484
38485
38486
38488
38489
38490
38491
38493
38494
38495
38499
38501
38502
38503
38505
38506
38507
38508
38510
38511
38512
38514
38515
38516
38517
38518
38519
38523
38527
38528
38530
38531
38532
38533
38535
38536
38537
38538
38540
38543
38545
38546
38548
38549
38551
38553
38555
38556
38557
38559
38562
38563
38566
38568
38569
38570
38572
38574
38575
38576
38577
38580
38581
38584
38585
38586
38589
38591
38592
38593
38594
38595
38597
38598
38601
38603
38606
38607
38609
38610
38611
38613
38615
38617
38618
38619
38621
38622
38623
38624
38625
38626
38627
38628
38629
38631
38632
38633
38634
38636
38637
38638
38639
38640
38641
38642
38643
38644
38645
38646
38647
38648
38649
38650
38652
38653
38655
38656
38658
38660
38661
38662
38663
38664
38666
38667
38668
38669
38671
38672
38673
38675
38676
38678
38679
38680
38681
38685
38686
38688
38689
38690
38691
38693
38694
38695
38696
38698
38699
38701
38703
38704
38706
38707
38708
38710
38712
38714
38715
38718
38723
38724
38725
38726
38727
38728
38729
38733
38734
38737
38738
38739
38740
38742
38743
38746
38749
38753
38754
38755
38756
38760
38762
38763
38764
38766
38767
38769
38770
38771
38773
38774
38775
38776
38778
38779
38780
38783
38784
38786
38788
38789
38790
38793
38795
38797
38798
38799
38800
38802
38803
38806
38807
38808
38810
38812
38813
38814
38816
38817
38819
38821
38823
38824
38827
38828
38829
38830
38831
38832
38834
38835
38836
38837
38838
38841
38843
38844
38845
38848
38851
38852
38855
38856
38857
38860
38862
38864
38865
38867
38870
38872
38874
38877
38879
38880
38882
38883
38886
38888
38889
38890
38891
38892
38894
38898
38899
38901
38902
38903
38904
38906
38910
38913
38915
38916
38920
38921
38922
38923
38925
38926
38928
38930
38931
38932
38935
38937
38939
38942
38943
38944
38945
38946
38947
38951
38953
38955
38956
38957
38958
38959
38960
38962
38963
38964
38965
38968
38970
38971
38972
38973
38974
38976
38978
38980
38981
38982
38983
38984
38986
38989
38990
38994
38997
38999
39001
39002
39007
39008
39009
39010
39011
39013
39016
39017
39018
39021
39023
39025
39028
39030
39031
39032
39033
39034
39035
39037
39038
39039
39041
39042
39044
39046
39047
39048
39049
39050
39051
39052
39054
39058
39059
39061
39062
39063
39064
39065
39066
39067
39070
39071
39072
39073
39074
39075
39076
39078
39080
39081
39082
39084
39085
39087
39088
39089
39090
39094
39095
39096
39098
39099
39100
39101
39102
39103
39105
39108
39109
39110
39111
39113
39114
39116
39117
39118
39119
39121
39122
39125
39126
39127
39129
39130
39131
39134
39135
39136
39140
39141
39143
39147
39148
39149
39150
39151
39153
39157
39158
39160
39161
39163
39165
39167
39168
39170
39173
39174
39176
39178
39179
39180
39181
39182
39183
39184
39185
39186
39187
39188
39189
39190
39191
39193
39194
39195
39196
39197
39198
39200
39202
39205
39206
39209
39210
39211
39213
39214
39215
39219
39220
39221
39222
39223
39224
39225
39226
39228
39231
39232
39233
39234
39235
39236
39237
39238
39239
39240
39242
39243
39244
39245
39246
39247
39248
39249
39250
39252
39255
39258
39261
39262
39264
39267
39268
39270
39271
39272
39273
39275
39277
39278
39280
39281
39282
39284
39285
39286
39287
39289
39291
39292
39293
39294
39295
39297
39299
39301
39302
39303
39304
39308
39309
39311
39314
39315
39318
39325
39326
39328
39329
39330
39331
39334
39335
39336
39339
39341
39342
39343
39344
39345
39346
39347
39349
39350
39352
39354
39355
39356
39358
39360
39361
39364
39365
39366
39367
39369
39372
39373
39375
39378
39380
39381
39382
39383
39386
39387
39388
39389
39390
39393
39394
39395
39397
39399
39401
39402
39403
39405
39409
39411
39412
39416
39417
39419
39420
39422
39424
39426
39428
39429
39430
39432
39435
39436
39437
39439
39440
39441
39442
39443
39444
39446
39450
39451
39452
39455
39456
39460
39464
39466
39467
39468
39470
39472
39476
39478
39480
39484
39487
39488
39489
39491
39492
39493
39495
39496
39497
39498
39499
39500
39505
39506
39507
39509
39510
39511
39512
39513
39516
39519
39520
39524
39527
39529
39530
39532
39534
39535
39539
39540
39543
39545
39547
39551
39552
39554
39556
39557
39558
39559
39562
39563
39564
39565
39566
39567
39569
39570
39571
39572
39575
39578
39581
39582
39583
39585
39587
39588
39589
39591
39592
39594
39597
39599
39601
39602
39603
39604
39610
39614
39616
39618
39619
39621
39622
39623
39626
39627
39629
39630
39633
39634
39635
39636
39637
39640
39641
39643
39644
39645
39646
39647
39648
39649
39651
39652
39653
39654
39655
39656
39657
39659
39661
39662
39663
39664
39665
39668
39671
39672
39673
39674
39675
39676
39678
39681
39682
39685
39686
39688
39689
39691
39692
39693
39696
39698
39699
39700
39701
39702
39703
39707
39708
39710
39711
39714
39716
39717
39718
39721
39722
39723
39725
39726
39728
39730
39732
39736
39737
39740
39741
39742
39744
39745
39746
39747
39748
39751
39752
39754
39755
39756
39757
39758
39759
39760
39761
39762
39764
39765
39770
39771
39773
39774
39775
39776
39777
39778
39779
39781
39782
39785
39786
39787
39788
39792
39793
39795
39796
39797
39799
39800
39801
39803
39805
39809
39811
39812
39813
39814
39816
39817
39818
39820
39821
39823
39824
39826
39827
39833
39834
39835
39836
39839
39840
39842
39843
39844
39845
39846
39847
39849
39850
39851
39852
39853
39856
39857
39858
39865
39866
39867
39868
39869
39870
39871
39874
39875
39876
39879
39881
39882
39885
39886
39887
39891
39892
39895
39897
39899
39901
39903
39904
39905
39907
39909
39912
39914
39915
39916
39918
39919
39920
39922
39923
39924
39925
39927
39928
39929
39930
39931
39934
39937
39938
39939
39940
39941
39943
39944
39945
39949
39950
39951
39952
39960
39961
39962
39963
39964
39965
39967
39968
39972
39973
39974
39975
39979
39982
39983
39984
39985
39986
39988
39991
39992
39994
39995
39996
39997
39998
39999
40001
40002
40003
40004
40007
40008
40009
40011
40012
40013
40014
40016
40019
40020
40022
40024
40025
40027
40028
40033
40034
40038
40039
40040
40041
40043
40044
40048
40049
40050
40052
40056
40057
40059
40061
40062
40064
40066
40068
40070
40071
40072
40073
40074
40077
40079
40082
40083
40084
40085
40086
40087
40088
40089
40090
40092
40093
40094
40095
40097
40098
40099
40101
40102
40103
40104
40106
40107
40108
40110
40111
40112
40113
40115
40116
40117
40118
40119
40121
40122
40124
40125
40127
40128
40129
40130
40132
40133
40134
40135
40136
40138
40139
40144
40145
40147
40148
40151
40152
40153
40155
40156
40161
40162
40163
40164
40165
40167
40170
40171
40173
40174
40176
40179
40182
40183
40186
40188
40189
40190
40193
40197
40198
40199
40201
40202
40203
40207
40208
40210
40212
40214
40215
40224
40225
40226
40229
40230
40231
40232
40233
40234
40238
40239
40240
40241
40245
40247
40248
40249
40250
40252
40253
40255
40256
40257
40259
40261
40262
40263
40267
40268
40270
40271
40272
40274
40275
40276
40277
40278
40281
40282
40283
40284
40286
40287
40290
40292
40293
40294
40295
40298
40301
40302
40305
40307
40309
40310
40312
40314
40317
40323
40324
40328
40329
40330
40335
40336
40337
40338
40340
40341
40342
40343
40344
40345
40346
40347
40348
40349
40350
40351
40352
40355
40358
40359
40362
40365
40366
40367
40369
40370
40372
40374
40378
40380
40381
40385
40386
40387
40390
40392
40393
40394
40396
40397
40398
40399
40400
40401
40403
40404
40405
40406
40409
40413
40414
40415
40416
40419
40420
40422
40424
40426
40427
40428
40429
40431
40432
40435
40436
40438
40440
40441
40443
40444
40446
40447
40449
40450
40451
40452
40453
40456
40457
40458
40459
40461
40464
40467
40468
40469
40473
40474
40476
40477
40478
40479
40480
40481
40485
40486
40488
40490
40492
40493
40495
40496
40497
40498
40499
40500
40501
40502
40503
40504
40505
40506
40507
40509
40510
40512
40513
40514
40516
40518
40522
40523
40525
40526
40527
40529
40530
40532
40534
40535
40536
40538
40539
40541
40542
40544
40545
40546
40548
40549
40551
40554
40555
40556
40557
40558
40559
40561
40563
40564
40565
40568
40569
40570
40571
40572
40573
40574
40575
40576
40578
40579
40580
40581
40582
40583
40587
40588
40591
40592
40593
40597
40598
40601
40602
40604
40608
40609
40610
40611
40612
40613
40614
40617
40619
40621
40622
40624
40625
40626
40627
40628
40629
40632
40633
40635
40637
40638
40639
40640
40642
40645
40647
40650
40652
40653
40655
40657
40660
40661
40662
40663
40664
40665
40666
40667
40669
40671
40672
40673
40677
40679
40681
40682
40683
40684
40687
40688
40691
40692
40693
40696
40697
40698
40699
40701
40707
40708
40709
40711
40712
40715
40716
40717
40718
40719
40721
40722
40723
40724
40726
40727
40729
40730
40733
40734
40735
40737
40739
40741
40742
40745
40746
40748
40751
40755
40756
40757
40758
40759
40760
40763
40764
40767
40768
40769
40770
40773
40775
40776
40780
40781
40782
40783
40784
40785
40786
40787
40788
40789
40790
40791
40792
40795
40797
40798
40799
40802
40804
40805
40806
40810
40813
40814
40816
40817
40818
40819
40821
40822
40823
40825
40827
40828
40829
40830
40832
40833
40834
40835
40837
40838
40839
40840
40841
40843
40846
40848
40849
40851
40852
40853
40854
40855
40856
40857
40858
40860
40861
40863
40864
40872
40874
40876
40878
40883
40884
40885
40886
40887
40889
40890
40891
40893
40894
40895
40896
40899
40900
40901
40904
40905
40906
40907
40909
40910
40911
40912
40915
40917
40921
40922
40923
40924
40926
40927
40928
40929
40931
40933
40934
40935
40937
40939
40941
40945
40946
40947
40948
40949
40950
40952
40953
40954
40956
40957
40958
40959
40961
40964
40969
40970
40971
40973
40976
40977
40978
40979
40980
40981
40982
40983
40984
40986
40987
40988
40990
40994
40996
40998
41003
41006
41008
41009
41010
41011
41012
41014
41015
41016
41017
41019
41020
41022
41024
41025
41027
41028
41031
41032
41034
41036
41039
41040
41041
41042
41046
41047
41048
41050
41052
41053
41054
41055
41058
41059
41062
41064
41066
41067
41069
41075
41076
41080
41082
41085
41086
41088
41089
41095
41096
41100
41101
41102
41103
41105
41108
41111
41113
41114
41120
41122
41124
41125
41126
41128
41129
41130
41131
41132
41133
41134
41135
41139
41140
41141
41142
41143
41144
41145
41146
41147
41150
41151
41152
41153
41155
41156
41157
41158
41159
41160
41162
41163
41164
41165
41166
41169
41170
41171
41172
41173
41176
41177
41178
41179
41182
41183
41185
41186
41187
41190
41191
41195
41196
41197
41199
41200
41201
41204
41208
41209
41211
41212
41213
41220
41221
41222
41223
41224
41227
41228
41229
41230
41231
41232
41233
41235
41238
41239
41242
41243
41244
41246
41247
41250
41252
41255
41256
41257
41258
41259
41261
41262
41263
41264
41266
41267
41268
41269
41270
41271
41272
41275
41278
41279
41280
41281
41282
41285
41286
41287
41288
41289
41290
41292
41293
41294
41295
41298
41303
41304
41305
41306
41307
41309
41310
41314
41315
41316
41317
41318
41320
41322
41323
41325
41326
41327
41330
41332
41333
41334
41337
41339
41341
41343
41345
41347
41352
41354
41355
41359
41363
41365
41366
41367
41368
41369
41372
41375
41376
41378
41379
41380
41382
41383
41384
41385
41389
41390
41391
41392
41393
41395
41396
41397
41398
41401
41402
41403
41404
41405
41407
41408
41409
41411
41412
41413
41414
41415
41418
41419
41424
41426
41433
41434
41435
41436
41437
41438
41439
41440
41442
41443
41445
41446
41451
41452
41453
41454
41455
41457
41458
41459
41461
41462
41463
41464
41468
41469
41470
41472
41473
41475
41476
41477
41478
41479
41480
41484
41487
41488
41489
41490
41491
41492
41493
41496
41497
41498
41499
41501
41502
41504
41506
41507
41508
41509
41510
41512
41513
41515
41517
41520
41521
41522
41523
41525
41528
41529
41530
41532
41533
41534
41535
41536
41538
41539
41540
41541
41542
41545
41547
41548
41550
41551
41552
41553
41554
41557
41559
41560
41561
41563
41567
41568
41569
41570
41571
41573
41575
41578
41579
41583
41584
41586
41587
41589
41590
41591
41592
41602
41603
41604
41605
41606
41609
41614
41615
41616
41618
41619
41621
41625
41626
41627
41630
41632
41636
41638
41639
41641
41642
41643
41647
41648
41650
41651
41652
41654
41656
41657
41658
41659
41661
41662
41663
41664
41665
41666
41667
41668
41669
41671
41675
41679
41681
41683
41684
41685
41687
41688
41689
41695
41697
41698
41700
41702
41703
41704
41705
41706
41707
41708
41710
41711
41712
41716
41717
41718
41720
41722
41726
41728
41731
41736
41737
41738
41740
41742
41743
41744
41745
41747
41748
41750
41751
41753
41755
41758
41760
41761
41763
41764
41766
41768
41769
41770
41774
41776
41777
41778
41779
41780
41781
41784
41786
41787
41788
41789
41790
41791
41793
41794
41795
41796
41799
41800
41801
41802
41803
41805
41807
41808
41812
41813
41814
41815
41816
41821
41823
41824
41825
41827
41829
41830
41831
41832
41833
41834
41835
41836
41839
41843
41846
41848
41849
41853
41857
41860
41861
41862
41864
41866
41867
41868
41869
41870
41871
41872
41874
41876
41877
41878
41880
41881
41882
41884
41888
41890
41891
41893
41894
41895
41898
41900
41901
41902
41903
41904
41906
41911
41912
41915
41916
41918
41919
41920
41921
41923
41924
41925
41926
41929
41930
41931
41932
41933
41936
41937
41939
41940
41942
41943
41944
41946
41947
41948
41951
41952
41954
41955
41956
41959
41960
41962
41963
41964
41966
41968
41969
41971
41972
41973
41974
41975
41977
41978
41979
41980
41981
41982
41984
41985
41986
41990
41992
41994
41997
41999
42000
42001
42003
42005
42006
42008
42009
42012
42013
42015
42016
42017
42019
42020
42022
42023
42024
42026
42027
42028
42029
42030
42032
42033
42035
42037
42042
42044
42045
42047
42048
42049
42050
42051
42052
42054
42055
42056
42061
42062
42065
42067
42068
42069
42070
42071
42073
42075
42076
42077
42078
42079
42080
42082
42085
42087
42088
42091
42092
42093
42096
42097
42098
42099
42100
42101
42102
42103
42105
42106
42107
42108
42109
42112
42115
42116
42117
42119
42120
42123
42124
42126
42127
42128
42132
42133
42136
42139
42140
42141
42143
42145
42146
42147
42149
42151
42152
42154
42155
42157
42158
42161
42162
42164
42165
42166
42167
42168
42169
42170
42171
42173
42174
42177
42178
42179
42181
42185
42187
42188
42191
42193
42196
42199
42200
42201
42203
42204
42205
42206
42208
42209
42212
42214
42215
42216
42221
42225
42227
42228
42229
42232
42236
42237
42238
42239
42241
42242
42243
42246
42247
42249
42251
42253
42254
42256
42261
42262
42264
42266
42267
42268
42272
42274
42275
42278
42279
42280
42281
42282
42284
42286
42288
42290
42295
42297
42299
42300
42301
42302
42303
42305
42306
42307
42309
42310
42313
42314
42318
42325
42326
42328
42329
42330
42331
42332
42333
42334
42335
42336
42338
42339
42341
42343
42346
42347
42349
42350
42351
42353
42354
42355
42356
42359
42360
42363
42364
42365
42366
42367
42368
42369
42370
42371
42374
42376
42377
42380
42381
42382
42385
42387
42389
42391
42392
42393
42396
42398
42400
42402
42403
42404
42406
42407
42410
42412
42414
42416
42417
42418
42419
42423
42424
42427
42428
42429
42431
42436
42438
42439
42441
42444
42445
42446
42447
42449
42450
42451
42452
42453
42458
42459
42460
42461
42463
42465
42466
42467
42469
42470
42471
42472
42473
42474
42475
42476
42477
42480
42481
42483
42484
42485
42487
42488
42490
42491
42492
42495
42497
42498
42499
42500
42501
42503
42506
42508
42510
42513
42514
42517
42520
42524
42525
42527
42529
42530
42531
42532
42534
42535
42540
42544
42547
42553
42555
42557
42559
42560
42561
42568
42571
42573
42574
42579
42580
42581
42583
42585
42587
42589
42590
42592
42595
42597
42598
42601
42602
42604
42605
42606
42608
42610
42611
42613
42614
42615
42616
42617
42618
42622
42625
42626
42628
42629
42630
42634
42635
42637
42638
42642
42643
42644
42646
42648
42650
42651
42653
42654
42658
42661
42662
42663
42664
42665
42667
42668
42669
42673
42674
42676
42678
42679
42680
42683
42684
42685
42688
42689
42693
42694
42695
42697
42700
42701
42705
42707
42709
42711
42712
42714
42715
42716
42717
42720
42721
42722
42723
42726
42727
42728
42732
42733
42736
42737
42738
42739
42741
42742
42743
42744
42745
42746
42747
42748
42750
42753
42754
42755
42756
42757
42758
42759
42760
42762
42763
42764
42765
42767
42768
42769
42770
42771
42773
42777
42779
42780
42781
42782
42784
42786
42788
42789
42790
42791
42792
42793
42795
42796
42797
42798
42799
42800
42801
42802
42808
42809
42812
42815
42816
42818
42821
42823
42824
42826
42827
42832
42833
42835
42836
42837
42838
42843
42845
42848
42849
42850
42852
42855
42857
42859
42860
42862
42863
42864
42866
42868
42869
42870
42872
42874
42876
42877
42878
42879
42880
42881
42883
42884
42885
42887
42889
42890
42895
42896
42897
42898
42901
42902
42903
42905
42907
42909
42911
42913
42914
42916
42918
42926
42929
42930
42931
42932
42933
42935
42937
42938
42939
42940
42943
42944
42946
42948
42950
42951
42954
42955
42957
42959
42960
42962
42963
42964
42966
42967
42968
42969
42971
42972
42973
42974
42977
42978
42979
42980
42983
42984
42985
42986
42988
42989
42991
42993
42994
42996
42997
42998
43000
43001
43004
43005
43006
43007
43009
43010
43013
43014
43015
43016
43018
43019
43021
43023
43024
43029
43030
43031
43032
43033
43036
43038
43039
43042
43043
43046
43047
43048
43049
43050
43051
43054
43055
43058
43060
43061
43062
43063
43064
43065
43066
43067
43070
43071
43072
43074
43075
43077
43078
43079
43081
43082
43083
43088
43090
43091
43092
43093
43095
43098
43099
43100
43101
43104
43105
43107
43111
43114
43116
43117
43120
43121
43123
43124
43127
43128
43129
43130
43132
43133
43135
43136
43137
43138
43139
43140
43141
43143
43146
43147
43148
43150
43153
43155
43156
43157
43159
43160
43161
43164
43166
43168
43169
43173
43174
43176
43179
43181
43182
43187
43188
43189
43190
43191
43193
43195
43196
43197
43202
43204
43205
43206
43207
43208
43209
43210
43211
43214
43215
43216
43217
43218
43219
43220
43222
43224
43225
43226
43227
43230
43233
43236
43240
43242
43243
43244
43245
43250
43251
43252
43254
43257
43260
43265
43266
43267
43268
43269
43270
43271
43272
43274
43275
43278
43279
43280
43281
43284
43285
43287
43289
43291
43294
43295
43296
43298
43299
43300
43301
43303
43305
43306
43309
43311
43313
43314
43315
43317
43318
43320
43323
43325
43327
43328
43329
43333
43334
43335
43337
43339
43342
43343
43345
43346
43347
43348
43353
43354
43355
43357
43362
43364
43365
43366
43367
43372
43373
43374
43375
43377
43379
43380
43381
43386
43387
43388
43389
43390
43391
43393
43394
43395
43400
43401
43402
43406
43407
43408
43409
43412
43413
43414
43417
43418
43421
43423
43424
43426
43427
43429
43430
43433
43436
43437
43441
43443
43444
43445
43446
43448
43449
43450
43451
43454
43456
43459
43460
43462
43465
43466
43467
43468
43469
43471
43472
43473
43476
43478
43479
43480
43481
43483
43486
43487
43488
43490
43492
43493
43494
43495
43497
43498
43499
43502
43503
43505
43506
43507
43508
43509
43510
43511
43515
43517
43518
43520
43521
43522
43523
43524
43525
43526
43527
43528
43529
43532
43533
43535
43536
43540
43543
43544
43545
43546
43547
43548
43551
43552
43555
43558
43561
43563
43564
43565
43566
43567
43568
43570
43571
43576
43577
43579
43580
43581
43582
43583
43584
43585
43586
43588
43589
43592
43594
43595
43596
43600
43601
43605
43610
43612
43613
43614
43615
43617
43618
43619
43623
43625
43626
43628
43630
43632
43635
43638
43639
43640
43643
43644
43645
43647
43649
43650
43652
43655
43656
43660
43661
43663
43664
43668
43670
43673
43674
43675
43677
43679
43680
43687
43688
43690
43692
43693
43694
43697
43699
43700
43701
43702
43705
43706
43707
43709
43711
43712
43715
43716
43717
43719
43722
43723
43724
43726
43727
43731
43732
43733
43735
43736
43737
43738
43739
43741
43742
43743
43745
43746
43748
43749
43750
43756
43757
43761
43762
43764
43765
43766
43770
43771
43773
43774
43779
43780
43781
43782
43783
43786
43788
43789
43792
43795
43796
43797
43798
43801
43804
43805
43806
43809
43812
43813
43814
43816
43818
43819
43822
43823
43827
43828
43830
43831
43832
43835
43838
43839
43843
43844
43846
43847
43848
43850
43852
43853
43854
43855
43859
43861
43862
43864
43865
43866
43867
43870
43871
43873
43874
43876
43879
43881
43882
43884
43885
43889
43891
43892
43893
43896
43897
43899
43900
43902
43906
43908
43909
43910
43911
43913
43914
43915
43917
43919
43920
43921
43922
43923
43924
43925
43927
43928
43929
43931
43934
43936
43938
43939
43940
43941
43943
43944
43945
43946
43947
43948
43949
43952
43957
43958
43959
43960
43964
43965
43967
43969
43971
43975
43977
43979
43981
43982
43983
43984
43987
43991
43992
43996
43997
43998
44002
44005
44006
44007
44008
44009
44012
44013
44014
44017
44018
44020
44023
44025
44026
44028
44029
44030
44031
44034
44035
44036
44037
44039
44040
44041
44042
44043
44044
44045
44047
44048
44049
44050
44051
44052
44053
44056
44061
44062
44063
44064
44066
44067
44071
44072
44074
44075
44078
44079
44080
44083
44084
44086
44089
44090
44091
44094
44095
44096
44098
44099
44101
44102
44103
44109
44111
44114
44115
44116
44118
44119
44121
44122
44123
44125
44127
44128
44133
44135
44136
44137
44139
44140
44142
44143
44144
44145
44147
44148
44149
44152
44154
44155
44156
44157
44158
44160
44165
44166
44169
44171
44173
44174
44175
44177
44178
44182
44183
44184
44192
44193
44196
44197
44199
44200
44201
44202
44204
44205
44206
44207
44208
44211
44212
44213
44215
44218
44219
44220
44221
44222
44225
44227
44228
44229
44231
44232
44233
44236
44237
44239
44240
44242
44243
44244
44246
44247
44248
44249
44250
44252
44255
44257
44258
44268
44269
44272
44274
44275
44276
44277
44282
44283
44286
44287
44289
44290
44292
44293
44295
44296
44297
44298
44300
44301
44303
44304
44305
44311
44312
44318
44321
44324
44327
44328
44329
44330
44333
44334
44336
44337
44338
44340
44341
44344
44345
44346
44349
44350
44351
44354
44356
44361
44362
44363
44364
44366
44369
44370
44373
44374
44375
44378
44380
44383
44386
44390
44394
44396
44397
44399
44401
44407
44408
44409
44411
44412
44413
44414
44415
44417
44418
44421
44424
44431
44433
44435
44439
44442
44443
44444
44446
44447
44449
44450
44454
44456
44457
44458
44459
44462
44463
44464
44465
44467
44469
44472
44473
44474
44475
44476
44479
44480
44481
44482
44483
44484
44485
44486
44487
44491
44492
44497
44498
44500
44501
44504
44505
44506
44507
44509
44510
44511
44515
44517
44521
44523
44524
44525
44526
44527
44528
44529
44530
44532
44533
44543
44544
44546
44548
44549
44550
44551
44552
44555
44556
44557
44559
44561
44564
44568
44570
44572
44573
44575
44576
44577
44578
44583
44585
44586
44587
44588
44590
44593
44595
44596
44598
44600
44601
44602
44606
44608
44610
44614
44615
44616
44618
44619
44622
44623
44625
44626
44627
44628
44629
44631
44634
44635
44636
44638
44639
44641
44644
44646
44647
44649
44652
44654
44656
44657
44659
44662
44663
44665
44667
44669
44670
44671
44672
44673
44674
44675
44676
44678
44679
44681
44683
44684
44686
44687
44690
44692
44693
44696
44697
44698
44699
44700
44702
44706
44708
44712
44713
44716
44717
44718
44719
44721
44722
44725
44729
44730
44731
44732
44733
44734
44739
44741
44744
44746
44748
44749
44752
44754
44756
44757
44758
44760
44761
44764
44766
44768
44771
44772
44776
44777
44778
44780
44781
44782
44783
44784
44786
44787
44788
44789
44791
44794
44796
44799
44800
44802
44805
44808
44810
44811
44812
44813
44816
44819
44820
44823
44824
44826
44827
44829
44831
44833
44839
44843
44844
44845
44846
44847
44849
44850
44852
44856
44858
44859
44861
44863
44867
44868
44870
44872
44874
44876
44878
44880
44881
44883
44884
44885
44887
44888
44889
44891
44896
44897
44898
44899
44900
44901
44903
44904
44907
44909
44911
44912
44916
44921
44922
44923
44924
44925
44929
44932
44933
44934
44935
44936
44937
44939
44940
44942
44943
44944
44946
44947
44948
44950
44952
44957
44958
44959
44962
44963
44966
44967
44968
44970
44971
44972
44974
44975
44976
44978
44979
44981
44984
44986
44988
44989
44991
44993
44996
44999
45002
45003
45005
45006
45007
45009
45011
45012
45013
45015
45019
45021
45022
45023
45024
45026
45028
45030
45031
45032
45034
45035
45036
45037
45038
45039
45041
45042
45044
45045
45047
45048
45049
45050
45051
45052
45053
45055
45056
45058
45059
45061
45066
45067
45069
45070
45072
45074
45076
45077
45079
45082
45083
45084
45085
45086
45087
45090
45091
45092
45094
45096
45097
45099
45101
45104
45106
45109
45111
45112
45115
45119
45123
45124
45126
45127
45128
45129
45130
45132
45134
45135
45136
45137
45138
45140
45142
45143
45147
45148
45151
45152
45153
45154
45156
45157
45158
45161
45163
45164
45165
45167
45168
45171
45173
45174
45175
45176
45180
45181
45182
45183
45184
45186
45188
45189
45191
45193
45195
45196
45197
45199
45202
45203
45205
45207
45208
45209
45210
45211
45212
45214
45215
45217
45218
45221
45223
45224
45227
45228
45229
45230
45231
45232
45235
45236
45237
45238
45239
45240
45241
45243
45244
45246
45247
45249
45250
45251
45252
45254
45256
45258
45259
45260
45261
45262
45263
45264
45265
45266
45268
45270
45271
45272
45275
45276
45277
45279
45283
45285
45286
45287
45289
45290
45292
45294
45299
45300
45304
45305
45306
45307
45308
45309
45310
45311
45313
45315
45319
45324
45326
45327
45328
45329
45330
45332
45333
45334
45336
45338
45342
45343
45344
45345
45347
45348
45349
45350
45351
45353
45354
45355
45356
45358
45361
45362
45366
45367
45368
45369
45371
45372
45373
45374
45375
45376
45379
45380
45382
45388
45391
45392
45393
45395
45397
45398
45400
45401
45402
45403
45404
45406
45407
45409
45411
45414
45415
45416
45417
45418
45421
45422
45424
45425
45426
45427
45429
45430
45432
45437
45438
45440
45444
45445
45446
45447
45448
45450
45452
45453
45456
45457
45458
45460
45462
45465
45467
45469
45472
45477
45478
45479
45481
45482
45483
45487
45490
45492
45494
45495
45497
45498
45499
45500
45502
45503
45507
45509
45510
45511
45514
45522
45525
45526
45528
45529
45530
45531
45535
45537
45538
45540
45542
45543
45544
45545
45547
45548
45551
45553
45555
45557
45559
45560
45561
45562
45566
45567
45568
45569
45573
45577
45579
45583
45584
45588
45591
45592
45594
45595
45597
45599
45600
45601
45604
45605
45606
45607
45608
45609
45610
45613
45614
45615
45616
45617
45620
45621
45623
45624
45625
45626
45627
45628
45629
45632
45633
45635
45636
45637
45638
45639
45640
45642
45643
45648
45649
45651
45652
45657
45658
45660
45664
45665
45668
45670
45672
45674
45676
45677
45678
45680
45682
45684
45685
45686
45687
45688
45690
45691
45692
45695
45696
45697
45700
45701
45702
45704
45705
45707
45709
45712
45714
45715
45717
45718
45719
45720
45722
45723
45724
45726
45730
45731
45732
45733
45734
45735
45736
45737
45738
45739
45740
45743
45744
45745
45746
45747
45748
45750
45752
45754
45757
45759
45760
45762
45765
45766
45771
45772
45775
45776
45777
45778
45779
45783
45784
45785
45787
45788
45790
45793
45794
45796
45802
45804
45806
45807
45808
45809
45811
45814
45816
45817
45822
45823
45826
45827
45829
45830
45831
45832
45838
45839
45841
45842
45843
45845
45847
45848
45849
45850
45851
45852
45853
45855
45856
45858
45859
45860
45862
45863
45866
45867
45868
45871
45875
45876
45877
45878
45879
45881
45883
45884
45885
45886
45887
45888
45891
45893
45894
45895
45896
45897
45899
45900
45901
45902
45904
45905
45911
45912
45913
45914
45918
45919
45920
45922
45924
45925
45926
45928
45929
45930
45932
45933
45935
45936
45937
45938
45939
45940
45941
45942
45943
45944
45947
45948
45949
45950
45951
45956
45957
45959
45962
45964
45965
45966
45969
45972
45974
45975
45978
45979
45983
45985
45986
45991
45992
45993
45994
45995
45996
45997
45998
46000
46001
46003
46004
46006
46008
46009
46011
46012
46015
46017
46018
46019
46024
46025
46026
46028
46029
46030
46031
46032
46034
46035
46038
46040
46041
46043
46046
46048
46050
46051
46052
46053
46055
46056
46057
46059
46061
46064
46065
46066
46069
46070
46071
46072
46073
46074
46075
46076
46080
46083
46088
46089
46091
46094
46095
46096
46100
46101
46103
46105
46106
46107
46108
46110
46113
46116
46117
46120
46124
46125
46126
46128
46129
46130
46131
46132
46133
46134
46135
46137
46138
46139
46142
46146
46148
46150
46154
46156
46160
46161
46163
46165
46166
46168
46169
46170
46174
46175
46176
46177
46181
46182
46183
46184
46185
46186
46187
46188
46192
46194
46196
46199
46201
46202
46203
46204
46205
46206
46207
46208
46210
46211
46212
46213
46214
46216
46219
46226
46227
46228
46229
46230
46235
46236
46238
46239
46242
46243
46245
46247
46250
46252
46254
46255
46257
46259
46260
46261
46262
46263
46264
46265
46267
46268
46270
46271
46272
46275
46277
46278
46279
46283
46284
46286
46287
46288
46290
46291
46292
46293
46295
46296
46298
46299
46300
46303
46306
46307
46309
46310
46311
46314
46315
46316
46318
46324
46326
46328
46329
46332
46333
46335
46336
46337
46338
46339
46341
46345
46346
46347
46348
46349
46351
46352
46353
46361
46363
46365
46366
46367
46369
46371
46373
46374
46376
46377
46378
46379
46380
46383
46384
46385
46388
46389
46391
46394
46395
46397
46398
46399
46400
46402
46403
46405
46407
46408
46414
46416
46417
46418
46419
46420
46421
46422
46423
46424
46426
46427
46429
46431
46433
46434
46437
46438
46439
46440
46441
46442
46443
46446
46450
46451
46452
46453
46455
46456
46459
46462
46463
46464
46465
46466
46467
46469
46471
46472
46474
46478
46479
46480
46481
46482
46484
46485
46487
46490
46491
46492
46493
46494
46495
46497
46500
46501
46505
46506
46508
46509
46517
46518
46519
46520
46521
46522
46525
46526
46528
46529
46531
46532
46534
46535
46536
46537
46541
46543
46544
46548
46549
46552
46553
46554
46556
46557
46560
46565
46567
46568
46570
46571
46573
46574
46575
46577
46578
46579
46581
46586
46587
46590
46591
46592
46593
46594
46595
46596
46598
46602
46604
46607
46608
46609
46610
46611
46614
46616
46617
46619
46620
46621
46622
46625
46627
46629
46630
46631
46633
46634
46636
46639
46643
46644
46649
46651
46652
46654
46655
46656
46657
46659
46660
46661
46663
46668
46670
46671
46674
46676
46680
46687
46689
46691
46692
46693
46694
46695
46696
46698
46699
46701
46702
46703
46705
46707
46708
46710
46714
46715
46717
46719
46720
46721
46723
46724
46726
46727
46728
46729
46730
46731
46732
46734
46736
46737
46738
46739
46742
46743
46744
46747
46749
46751
46755
46756
46757
46758
46759
46761
46762
46765
46767
46768
46772
46773
46774
46776
46778
46779
46780
46781
46782
46783
46785
46789
46790
46792
46793
46796
46797
46798
46799
46800
46804
46805
46806
46808
46813
46815
46817
46819
46820
46822
46824
46825
46826
46828
46830
46833
46834
46838
46839
46840
46841
46842
46847
46848
46849
46850
46853
46854
46855
46857
46860
46863
46865
46867
46868
46870
46871
46873
46877
46878
46880
46881
46884
46886
46889
46890
46892
46894
46899
46902
46903
46904
46905
46907
46909
46910
46913
46914
46916
46918
46921
46922
46923
46924
46925
46927
46928
46929
46930
46931
46933
46936
46937
46938
46940
46941
46943
46945
46946
46947
46949
46950
46952
46954
46956
46957
46958
46962
46965
46966
46967
46968
46972
46973
46974
46977
46980
46982
46983
46984
46986
46987
46988
46989
46990
46992
46997
47000
47003
47004
47006
47007
47010
47011
47012
47013
47017
47021
47022
47023
47026
47029
47032
47033
47034
47037
47038
47040
47045
47046
47050
47051
47057
47058
47061
47062
47063
47064
47065
47066
47067
47072
47074
47079
47080
47082
47083
47087
47089
47091
47092
47093
47094
47095
47096
47097
47099
47103
47104
47105
47106
47108
47111
47115
47116
47117
47118
47119
47121
47122
47124
47125
47126
47127
47128
47129
47130
47132
47133
47134
47136
47138
47139
47140
47141
47143
47145
47147
47149
47153
47154
47156
47157
47159
47160
47161
47162
47163
47164
47165
47171
47172
47173
47175
47179
47181
47182
47186
47187
47188
47190
47191
47192
47193
47194
47197
47198
47201
47202
47203
47204
47206
47210
47211
47213
47214
47216
47217
47218
47219
47221
47225
47226
47228
47229
47231
47235
47236
47237
47238
47239
47241
47243
47245
47246
47248
47249
47252
47255
47257
47264
47265
47266
47268
47271
47272
47274
47275
47277
47279
47280
47283
47285
47286
47288
47289
47290
47292
47294
47295
47298
47299
47300
47302
47303
47305
47307
47308
47309
47310
47311
47312
47313
47318
47319
47321
47324
47325
47326
47328
47332
47334
47335
47336
47338
47339
47341
47345
47346
47347
47352
47353
47354
47355
47357
47358
47361
47362
47363
47364
47366
47368
47371
47372
47374
47375
47377
47380
47383
47387
47388
47389
47391
47392
47396
47397
47399
47401
47402
47404
47407
47409
47410
47411
47415
47417
47419
47420
47421
47422
47424
47426
47427
47432
47433
47435
47436
47437
47438
47440
47441
47442
47443
47444
47445
47446
47448
47450
47451
47452
47455
47456
47457
47459
47460
47461
47464
47466
47469
47470
47471
47472
47473
47475
47476
47477
47478
47479
47480
47481
47482
47484
47488
47492
47493
47495
47496
47499
47500
47501
47502
47503
47506
47508
47512
47514
47517
47522
47524
47532
47533
47534
47535
47538
47540
47543
47546
47548
47550
47551
47553
47554
47555
47557
47559
47561
47563
47564
47567
47572
47573
47575
47577
47579
47580
47582
47584
47585
47587
47588
47590
47591
47594
47596
47597
47599
47600
47601
47602
47603
47614
47615
47616
47620
47621
47622
47624
47625
47626
47627
47628
47630
47631
47632
47634
47639
47640
47642
47643
47645
47646
47648
47650
47651
47652
47654
47655
47656
47658
47661
47663
47665
47667
47669
47673
47675
47676
47678
47681
47685
47687
47688
47690
47692
47694
47696
47697
47699
47700
47701
47702
47704
47707
47709
47710
47711
47712
47716
47717
47718
47719
47720
47722
47723
47725
47727
47728
47729
47730
47731
47732
47733
47736
47737
47739
47740
47742
47746
47748
47749
47752
47753
47755
47756
47757
47759
47760
47763
47764
47766
47767
47769
47770
47771
47772
47773
47774
47775
47779
47780
47781
47785
47788
47789
47790
47793
47794
47795
47796
47798
47799
47800
47801
47802
47804
47806
47807
47808
47812
47816
47818
47821
47822
47823
47824
47826
47829
47830
47831
47833
47834
47837
47838
47842
47843
47846
47848
47849
47851
47852
47855
47857
47858
47859
47861
47862
47863
47865
47866
47868
47869
47870
47874
47875
47876
47880
47883
47885
47887
47889
47890
47891
47892
47894
47895
47897
47898
47900
47901
47902
47905
47906
47907
47910
47913
47917
47918
47919
47920
47925
47926
47927
47928
47930
47932
47933
47934
47935
47936
47939
47940
47944
47946
47948
47952
47953
47954
47955
47956
47957
47959
47961
47962
47964
47970
47971
47973
47974
47975
47976
47977
47978
47979
47980
47981
47983
47984
47985
47986
47988
47989
47991
47993
47994
47996
47997
47999
48000
48002
48004
48005
48007
48008
48011
48013
48015
48016
48017
48018
48020
48021
48023
48024
48025
48026
48029
48030
48033
48034
48035
48036
48037
48038
48039
48040
48041
48042
48043
48044
48047
48052
48054
48055
48057
48062
48063
48064
48066
48068
48069
48070
48071
48072
48073
48074
48075
48076
48077
48078
48080
48081
48082
48085
48086
48087
48088
48089
48092
48093
48095
48097
48098
48099
48102
48103
48109
48110
48111
48112
48113
48114
48116
48117
48118
48119
48120
48122
48124
48125
48127
48128
48129
48130
48131
48135
48136
48137
48138
48142
48143
48144
48145
48147
48148
48151
48152
48153
48154
48155
48158
48162
48163
48164
48166
48167
48168
48169
48170
48173
48178
48179
48180
48181
48184
48185
48187
48189
48196
48200
48203
48204
48205
48206
48212
48213
48215
48217
48218
48219
48220
48221
48222
48223
48225
48227
48231
48232
48233
48235
48236
48237
48241
48242
48248
48251
48254
48258
48260
48261
48263
48264
48265
48270
48271
48272
48274
48275
48277
48279
48282
48285
48287
48288
48289
48290
48292
48293
48296
48297
48300
48301
48302
48303
48304
48306
48307
48308
48309
48310
48311
48312
48313
48315
48316
48317
48318
48320
48322
48325
48327
48330
48335
48336
48337
48338
48339
48340
48342
48343
48344
48345
48347
48348
48351
48352
48353
48354
48355
48356
48357
48359
48360
48361
48363
48366
48370
48371
48372
48373
48374
48375
48376
48377
48379
48382
48385
48386
48387
48388
48389
48390
48392
48393
48394
48395
48396
48397
48398
48399
48400
48401
48403
48404
48407
48408
48409
48411
48412
48414
48416
48417
48419
48420
48421
48422
48424
48427
48428
48429
48430
48434
48437
48438
48440
48441
48445
48452
48453
48454
48455
48458
48459
48461
48462
48465
48468
48470
48473
48475
48478
48480
48481
48482
48483
48485
48487
48489
48496
48497
48501
48503
48504
48505
48507
48508
48509
48510
48512
48515
48517
48518
48519
48520
48522
48524
48528
48529
48531
48536
48538
48540
48542
48547
48549
48551
48553
48554
48557
48560
48562
48563
48564
48566
48567
48568
48569
48570
48571
48572
48575
48576
48577
48578
48580
48583
48585
48588
48592
48593
48594
48596
48600
48601
48604
48606
48608
48611
48612
48621
48622
48624
48625
48628
48630
48631
48632
48633
48634
48635
48636
48637
48639
48641
48645
48647
48650
48651
48652
48654
48656
48657
48658
48659
48660
48661
48662
48663
48664
48665
48667
48668
48669
48671
48672
48673
48675
48677
48678
48679
48680
48683
48684
48685
48689
48690
48693
48694
48696
48698
48699
48700
48702
48704
48706
48707
48708
48710
48713
48717
48718
48719
48721
48725
48727
48728
48730
48733
48734
48736
48738
48739
48740
48743
48744
48749
48752
48753
48754
48757
48758
48759
48761
48763
48765
48767
48768
48770
48773
48775
48778
48779
48781
48782
48784
48786
48787
48788
48790
48791
48793
48794
48795
48796
48798
48804
48805
48806
48808
48809
48810
48811
48812
48814
48818
48819
48820
48821
48822
48825
48826
48829
48832
48833
48837
48839
48841
48843
48845
48847
48848
48851
48852
48854
48855
48856
48857
48860
48862
48864
48865
48866
48867
48868
48870
48872
48876
48877
48879
48880
48881
48886
48887
48889
48890
48891
48892
48893
48894
48895
48898
48905
48906
48907
48908
48909
48911
48912
48913
48917
48918
48919
48920
48922
48924
48926
48927
48928
48929
48930
48932
48934
48935
48937
48939
48940
48942
48945
48947
48950
48955
48956
48957
48959
48962
48963
48964
48965
48967
48970
48971
48973
48975
48976
48978
48979
48982
48983
48985
48986
48988
48992
48993
48994
48997
48998
48999
49001
49002
49004
49006
49007
49008
49009
49010
49011
49012
49014
49015
49016
49017
49019
49020
49021
49022
49023
49024
49026
49028
49029
49031
49032
49035
49036
49039
49040
49041
49042
49044
49045
49046
49047
49051
49054
49055
49057
49059
49061
49062
49063
49064
49065
49066
49068
49069
49070
49077
49078
49079
49080
49082
49087
49088
49096
49097
49101
49103
49105
49107
49108
49110
49112
49113
49114
49117
49120
49121
49124
49125
49126
49128
49129
49131
49133
49134
49135
49139
49140
49141
49142
49143
49146
49147
49148
49150
49153
49154
49157
49158
49159
49161
49162
49164
49165
49168
49169
49170
49171
49172
49174
49175
49183
49184
49186
49187
49188
49189
49190
49191
49197
49198
49203
49204
49205
49208
49209
49210
49211
49213
49215
49216
49217
49218
49219
49221
49222
49223
49227
49228
49229
49231
49232
49236
49237
49238
49241
49242
49243
49245
49246
49247
49248
49250
49251
49252
49256
49257
49259
49261
49262
49264
49265
49266
49267
49268
49269
49270
49272
49273
49274
49276
49278
49279
49280
49282
49284
49287
49288
49289
49290
49291
49292
49297
49298
49300
49302
49305
49309
49310
49313
49314
49315
49318
49319
49320
49322
49323
49324
49325
49326
49328
49329
49330
49331
49332
49333
49334
49336
49337
49339
49340
49343
49345
49346
49347
49348
49349
49350
49351
49352
49353
49354
49355
49359
49360
49362
49363
49364
49365
49367
49368
49369
49374
49376
49377
49378
49379
49380
49382
49386
49387
49388
49390
49392
49393
49395
49398
49399
49400
49403
49405
49406
49407
49409
49414
49415
49416
49418
49422
49423
49424
49428
49430
49432
49433
49434
49435
49438
49439
49442
49443
49445
49449
49450
49452
49455
49456
49457
49458
49459
49461
49462
49463
49464
49465
49467
49468
49470
49471
49472
49476
49477
49484
49485
49487
49488
49491
49492
49493
49494
49495
49496
49497
49498
49501
49502
49503
49509
49512
49513
49514
49516
49517
49520
49522
49523
49525
49527
49531
49534
49536
49539
49540
49545
49547
49548
49550
49552
49553
49554
49555
49556
49557
49558
49559
49560
49562
49563
49564
49567
49568
49571
49572
49573
49574
49575
49578
49579
49580
49581
49582
49583
49584
49586
49587
49591
49593
49595
49596
49597
49598
49600
49601
49605
49606
49608
49612
49617
49618
49620
49621
49622
49623
49624
49625
49627
49629
49632
49634
49639
49644
49647
49648
49649
49650
49651
49653
49654
49655
49657
49660
49662
49663
49664
49669
49671
49672
49673
49675
49676
49677
49681
49682
49683
49684
49687
49690
49692
49694
49695
49697
49699
49701
49702
49703
49705
49707
49708
49709
49710
49711
49712
49713
49714
49715
49716
49717
49718
49719
49720
49721
49722
49723
49724
49725
49728
49729
49731
49733
49735
49737
49741
49743
49745
49747
49748
49752
49753
49754
49755
49756
49760
49761
49763
49764
49765
49766
49768
49769
49771
49772
49773
49774
49776
49785
49787
49788
49790
49792
49795
49796
49798
49799
49800
49801
49802
49808
49809
49810
49813
49819
49820
49822
49823
49825
49826
49827
49828
49830
49831
49832
49835
49837
49839
49840
49841
49842
49844
49845
49847
49848
49850
49852
49858
49859
49861
49863
49868
49869
49870
49873
49874
49875
49876
49877
49878
49879
49880
49881
49882
49883
49884
49886
49887
49889
49890
49891
49895
49897
49898
49900
49901
49902
49904
49907
49908
49909
49913
49915
49916
49917
49918
49919
49922
49924
49926
49927
49928
49929
49930
49931
49934
49935
49936
49940
49941
49942
49945
49948
49953
49956
49959
49960
49961
49962
49964
49966
49967
49970
49971
49972
49973
49976
49980
49982
49985
49986
49988
49989
49990
49991
49994
49996
49999
50000
50003
50004
50005
50006
50009
50011
50016
50019
50021
50026
50027
50029
50030
50031
50033
50038
50042
50049
50051
50053
50054
50055
50056
50057
50059
50060
50062
50063
50064
50066
50067
50068
50073
50076
50077
50078
50080
50081
50082
50083
50086
50087
50089
50090
50093
50094
50098
50100
50101
50103
50105
50106
50107
50110
50113
50114
50115
50116
50118
50120
50121
50123
50124
50125
50128
50129
50131
50132
50136
50137
50139
50143
50145
50147
50148
50151
50152
50153
50154
50155
50157
50161
50163
50167
50169
50170
50174
50175
50176
50178
50180
50183
50184
50186
50187
50188
50190
50191
50192
50194
50195
50196
50199
50201
50202
50203
50204
50205
50206
50207
50213
50215
50216
50219
50222
50223
50224
50225
50226
50229
50232
50233
50242
50244
50245
50246
50247
50249
50251
50252
50254
50255
50257
50258
50259
50263
50266
50269
50272
50274
50277
50278
50285
50288
50289
50291
50292
50294
50296
50297
50298
50299
50300
50304
50305
50310
50311
50315
50317
50318
50319
50321
50322
50324
50329
50330
50331
50332
50333
50335
50336
50337
50339
50340
50341
50342
50345
50346
50348
50349
50350
50352
50354
50357
50358
50359
50360
50361
50362
50365
50367
50368
50370
50371
50372
50374
50376
50377
50381
50382
50383
50384
50385
50387
50389
50390
50396
50397
50398
50400
50402
50405
50408
50409
50410
50413
50415
50416
50422
50423
50425
50426
50427
50436
50437
50445
50446
50447
50448
50450
50451
50453
50454
50457
50458
50460
50461
50463
50465
50467
50468
50469
50472
50477
50480
50485
50486
50490
50491
50492
50495
50496
50500
50503
50504
50507
50508
50509
50510
50511
50515
50517
50520
50522
50523
50524
50525
50526
50528
50529
50530
50531
50534
50536
50537
50538
50539
50541
50543
50545
50546
50547
50554
50557
50559
50560
50561
50562
50564
50568
50569
50570
50572
50573
50574
50578
50579
50580
50581
50584
50585
50586
50588
50589
50591
50595
50597
50599
50606
50609
50610
50611
50612
50613
50615
50616
50617
50618
50622
50623
50624
50628
50629
50634
50635
50636
50637
50638
50639
50640
50641
50642
50643
50646
50647
50648
50651
50652
50653
50654
50656
50657
50658
50660
50661
50664
50665
50667
50668
50669
50670
50671
50675
50677
50679
50680
50681
50683
50686
50688
50689
50691
50692
50693
50695
50697
50698
50700
50701
50702
50703
50705
50706
50707
50708
50710
50712
50713
50714
50715
50716
50717
50718
50719
50724
50725
50726
50729
50730
50731
50732
50733
50734
50735
50736
50738
50743
50746
50747
50749
50750
50751
50752
50753
50754
50757
50760
50763
50764
50766
50767
50774
50776
50781
50782
50785
50786
50788
50789
50791
50792
50793
50794
50795
50796
50797
50799
50802
50803
50804
50808
50810
50811
50812
50813
50817
50819
50820
50823
50826
50831
50832
50837
50838
50841
50842
50844
50845
50846
50847
50849
50852
50853
50855
50857
50861
50866
50867
50869
50870
50871
50873
50875
50876
50877
50879
50881
50882
50885
50891
50893
50894
50897
50900
50901
50902
50903
50904
50905
50907
50908
50912
50913
50914
50921
50923
50925
50927
50932
50933
50935
50936
50937
50938
50939
50944
50945
50947
50949
50951
50952
50953
50955
50956
50957
50958
50959
50960
50962
50965
50966
50967
50970
50971
50974
50977
50980
50982
50985
50986
50988
50989
50990
50991
50992
50993
50996
50998
50999
51000
51001
51004
51005
51008
51009
51010
51011
51012
51013
51015
51016
51018
51021
51024
51026
51027
51028
51030
51031
51032
51033
51034
51035
51036
51038
51039
51041
51042
51043
51044
51046
51047
51049
51052
51053
51054
51055
51057
51058
51059
51061
51062
51065
51067
51068
51070
51071
51072
51073
51074
51076
51077
51078
51079
51081
51083
51085
51086
51087
51088
51089
51090
51091
51092
51093
51095
51098
51099
51101
51102
51103
51104
51105
51108
51110
51111
51112
51113
51116
51117
51118
51119
51128
51129
51130
51133
51136
51137
51138
51139
51140
51142
51143
51144
51145
51148
51149
51151
51152
51154
51155
51157
51158
51162
51165
51168
51171
51175
51177
51178
51179
51180
51183
51185
51187
51188
51189
51190
51191
51192
51193
51194
51197
51198
51200
51201
51202
51203
51204
51205
51207
51211
51212
51214
51215
51216
51217
51218
51220
51221
51224
51227
51230
51231
51234
51236
51241
51245
51247
51248
51249
51253
51256
51262
51263
51266
51268
51269
51272
51273
51274
51275
51277
51278
51280
51282
51284
51285
51286
51287
51288
51290
51292
51296
51300
51301
51302
51303
51305
51307
51308
51310
51311
51315
51316
51317
51319
51321
51323
51325
51326
51333
51334
51335
51337
51338
51339
51342
51343
51344
51346
51347
51349
51353
51354
51355
51360
51362
51365
51366
51368
51369
51370
51372
51376
51380
51382
51384
51387
51388
51389
51390
51392
51394
51398
51401
51403
51404
51406
51407
51412
51415
51416
51420
51422
51424
51425
51426
51427
51431
51433
51435
51442
51443
51444
51448
51449
51451
51453
51454
51456
51457
51460
51461
51462
51465
51468
51469
51470
51471
51473
51474
51476
51479
51480
51481
51483
51486
51487
51488
51491
51492
51493
51494
51495
51496
51497
51498
51499
51501
51503
51505
51507
51508
51509
51511
51512
51514
51515
51516
51517
51519
51520
51525
51526
51527
51529
51532
51533
51535
51536
51539
51541
51544
51545
51546
51556
51558
51560
51566
51567
51570
51571
51572
51574
51576
51577
51578
51579
51580
51581
51583
51584
51586
51587
51588
51590
51591
51594
51595
51596
51598
51599
51600
51601
51603
51604
51605
51611
51618
51619
51621
51622
51623
51624
51626
51629
51630
51633
51635
51636
51637
51638
51640
51642
51644
51648
51651
51654
51655
51657
51661
51663
51664
51666
51667
51669
51670
51671
51672
51673
51674
51675
51680
51681
51682
51689
51690
51691
51693
51694
51695
51696
51698
51699
51700
51702
51703
51704
51705
51710
51712
51714
51717
51719
51720
51721
51723
51729
51730
51733
51734
51735
51740
51741
51742
51744
51748
51755
51756
51758
51761
51762
51763
51765
51770
51772
51774
51775
51779
51781
51783
51785
51786
51790
51792
51796
51797
51800
51803
51804
51812
51814
51815
51819
51821
51826
51831
51833
51834
51835
51836
51839
51842
51844
51850
51851
51852
51853
51854
51855
51859
51860
51861
51862
51863
51864
51866
51867
51868
51870
51871
51874
51875
51877
51878
51880
51881
51882
51883
51884
51885
51886
51887
51888
51889
51890
51891
51893
51895
51896
51899
51900
51901
51902
51905
51906
51908
51913
51915
51916
51918
51922
51923
51924
51925
51927
51928
51929
51932
51934
51937
51940
51944
51946
51948
51950
51952
51953
51955
51958
51960
51964
51967
51969
51972
51975
51976
51977
51979
51980
51981
51983
51984
51985
51988
51989
51990
51993
51994
51997
52000
52001
52004
52006
52007
52013
52014
52015
52016
52017
52018
52019
52021
52025
52026
52028
52031
52032
52033
52035
52036
52038
52039
52041
52042
52045
52047
52048
52049
52053
52054
52055
52057
52058
52059
52060
52061
52062
52063
52065
52066
52067
52068
52070
52071
52072
52078
52081
52082
52086
52088
52089
52091
52092
52097
52100
52105
52106
52109
52110
52111
52112
52115
52116
52117
52119
52120
52123
52124
52125
52126
52129
52131
52132
52133
52135
52137
52140
52141
52144
52145
52146
52150
52152
52154
52155
52157
52160
52166
52167
52170
52172
52175
52176
52178
52180
52182
52183
52187
52189
52190
52191
52192
52194
52195
52197
52198
52200
52201
52202
52204
52207
52211
52213
52214
52215
52217
52218
52219
52220
52222
52223
52225
52226
52227
52230
52231
52232
52233
52234
52237
52238
52240
52242
52243
52244
52247
52248
52250
52254
52256
52257
52262
52264
52265
52266
52268
52270
52275
52276
52277
52278
52279
52281
52285
52287
52288
52289
52290
52292
52293
52294
52295
52297
52298
52300
52302
52303
52304
52305
52308
52309
52310
52311
52314
52318
52319
52321
52322
52326
52327
52329
52330
52332
52336
52337
52338
52339
52340
52341
52342
52343
52345
52346
52347
52349
52351
52352
52353
52354
52357
52363
52367
52368
52369
52371
52372
52373
52376
52379
52386
52390
52391
52393
52395
52396
52397
52401
52404
52405
52406
52410
52411
52412
52415
52416
52417
52419
52422
52424
52426
52433
52434
52436
52437
52439
52441
52443
52444
52446
52447
52448
52450
52451
52452
52453
52455
52456
52457
52458
52459
52462
52464
52465
52467
52468
52469
52470
52473
52474
52475
52476
52477
52481
52483
52486
52487
52488
52492
52493
52494
52496
52498
52499
52502
52504
52507
52511
52513
52514
52515
52516
52517
52518
52519
52524
52525
52531
52535
52537
52538
52540
52543
52549
52554
52557
52560
52561
52562
52563
52565
52567
52571
52573
52574
52575
52576
52579
52580
52581
52582
52584
52586
52588
52589
52591
52592
52594
52595
52599
52603
52604
52608
52609
52610
52611
52613
52615
52616
52617
52618
52620
52622
52623
52624
52625
52629
52634
52636
52638
52640
52641
52642
52643
52645
52648
52652
52653
52654
52655
52657
52658
52659
52662
52663
52665
52667
52670
52671
52677
52679
52680
52682
52684
52685
52688
52689
52691
52694
52696
52706
52707
52709
52711
52712
52714
52721
52722
52723
52724
52725
52726
52729
52730
52731
52733
52734
52735
52736
52738
52741
52742
52744
52745
52746
52747
52748
52749
52751
52752
52754
52758
52759
52760
52761
52763
52764
52765
52770
52771
52773
52775
52778
52779
52781
52782
52783
52784
52785
52788
52789
52791
52793
52794
52795
52796
52801
52805
52808
52809
52810
52812
52815
52816
52817
52819
52820
52821
52822
52823
52824
52825
52827
52828
52829
52830
52832
52833
52835
52838
52840
52841
52843
52845
52847
52848
52850
52851
52852
52853
52855
52857
52859
52865
52866
52870
52871
52876
52877
52878
52883
52887
52889
52891
52893
52894
52895
52896
52897
52901
52902
52903
52904
52906
52907
52910
52911
52912
52915
52916
52917
52919
52920
52922
52924
52929
52931
52932
52933
52934
52936
52938
52939
52940
52942
52943
52945
52947
52949
52951
52953
52954
52955
52956
52957
52960
52961
52965
52966
52967
52968
52969
52970
52972
52973
52975
52977
52979
52984
52990
52991
52992
52993
52994
52998
53004
53005
53007
53010
53012
53013
53014
53015
53017
53019
53020
53021
53022
53023
53024
53030
53031
53032
53033
53036
53037
53038
53039
53040
53041
53042
53044
53045
53046
53048
53049
53050
53057
53058
53060
53063
53064
53065
53067
53069
53070
53071
53072
53073
53074
53075
53077
53078
53079
53080
53082
53084
53085
53087
53090
53092
53094
53096
53100
53101
53102
53103
53104
53105
53106
53107
53108
53109
53112
53113
53114
53115
53116
53117
53118
53121
53125
53126
53127
53130
53132
53133
53137
53139
53140
53141
53142
53146
53147
53150
53152
53156
53158
53159
53160
53162
53163
53164
53166
53167
53169
53170
53172
53174
53176
53177
53178
53180
53182
53184
53187
53189
53192
53193
53194
53196
53198
53199
53201
53205
53206
53207
53208
53211
53215
53217
53220
53221
53222
53225
53228
53230
53235
53236
53237
53238
53239
53240
53244
53245
53246
53251
53257
53258
53259
53260
53261
53264
53265
53266
53268
53269
53270
53271
53274
53276
53277
53278
53280
53281
53282
53283
53284
53286
53287
53290
53293
53294
53296
53297
53300
53302
53303
53304
53306
53307
53309
53310
53312
53313
53315
53318
53319
53320
53321
53322
53324
53326
53327
53330
53332
53337
53339
53343
53344
53345
53347
53350
53353
53354
53356
53357
53358
53359
53361
53362
53365
53366
53367
53368
53369
53374
53376
53377
53378
53379
53380
53383
53384
53385
53387
53388
53390
53392
53394
53395
53399
53400
53405
53412
53413
53414
53415
53420
53424
53427
53429
53432
53434
53435
53436
53437
53439
53440
53441
53442
53443
53444
53447
53448
53452
53453
53456
53457
53458
53459
53461
53462
53463
53466
53469
53470
53473
53474
53475
53479
53482
53486
53488
53489
53490
53493
53495
53499
53503
53509
53510
53512
53513
53517
53518
53519
53520
53523
53526
53527
53528
53531
53532
53533
53535
53536
53537
53540
53546
53549
53557
53559
53562
53564
53566
53569
53571
53572
53573
53574
53577
53578
53579
53580
53582
53583
53586
53587
53589
53590
53595
53596
53597
53598
53601
53602
53606
53608
53609
53610
53611
53612
53613
53615
53616
53617
53618
53621
53624
53625
53630
53631
53632
53634
53635
53636
53637
53639
53640
53642
53643
53644
53645
53646
53650
53654
53656
53661
53663
53665
53668
53669
53670
53672
53675
53676
53677
53678
53679
53683
53686
53687
53688
53695
53699
53700
53701
53702
53703
53704
53706
53707
53708
53709
53710
53711
53712
53714
53715
53720
53721
53722
53723
53724
53725
53730
53731
53733
53739
53740
53744
53746
53747
53749
53750
53752
53753
53754
53757
53759
53760
53761
53763
53765
53766
53769
53772
53773
53775
53776
53778
53779
53780
53782
53784
53785
53786
53792
53793
53794
53795
53800
53802
53803
53808
53809
53810
53811
53812
53815
53817
53818
53822
53823
53824
53825
53826
53828
53829
53832
53833
53836
53837
53840
53842
53843
53844
53846
53850
53851
53852
53854
53856
53857
53858
53859
53861
53862
53863
53864
53865
53866
53867
53868
53870
53873
53876
53877
53878
53879
53880
53881
53882
53884
53885
53886
53888
53889
53893
53895
53897
53898
53899
53901
53902
53903
53904
53905
53908
53913
53915
53916
53919
53924
53925
53926
53927
53928
53931
53933
53934
53937
53942
53945
53946
53950
53951
53953
53954
53955
53959
53960
53961
53963
53968
53969
53970
53971
53973
53974
53975
53976
53977
53980
53981
53983
53985
53987
53989
53990
53991
53992
53993
53995
53997
53998
54001
54003
54004
54005
54006
54008
54009
54010
54013
54014
54015
54018
54022
54024
54026
54027
54029
54030
54031
54032
54033
54038
54040
54044
54045
54047
54048
54051
54052
54055
54056
54057
54058
54063
54065
54066
54067
54068
54069
54072
54073
54076
54079
54082
54084
54087
54088
54089
54091
54092
54093
54094
54095
54096
54097
54099
54100
54102
54106
54107
54109
54111
54112
54113
54114
54115
54116
54117
54118
54119
54120
54124
54128
54130
54131
54132
54133
54135
54138
54139
54140
54141
54145
54148
54150
54152
54154
54155
54157
54159
54162
54163
54164
54165
54167
54170
54172
54173
54174
54177
54178
54181
54183
54184
54185
54186
54188
54189
54190
54195
54197
54200
54202
54205
54209
54210
54214
54215
54218
54219
54220
54221
54222
54223
54225
54226
54227
54229
54233
54234
54236
54238
54239
54241
54243
54245
54246
54247
54249
54250
54251
54253
54254
54255
54256
54260
54261
54262
54263
54264
54265
54266
54267
54268
54275
54277
54278
54279
54281
54284
54285
54288
54289
54293
54294
54295
54296
54297
54298
54299
54301
54302
54304
54305
54306
54307
54309
54310
54311
54312
54313
54314
54315
54318
54322
54323
54324
54327
54328
54329
54331
54333
54335
54338
54340
54342
54343
54350
54359
54360
54361
54362
54363
54365
54367
54369
54370
54372
54374
54375
54376
54377
54378
54379
54381
54382
54383
54384
54385
54386
54387
54388
54390
54391
54392
54393
54394
54395
54396
54397
54399
54400
54407
54409
54412
54416
54419
54422
54425
54428
54429
54430
54431
54433
54434
54435
54437
54439
54440
54441
54444
54445
54446
54447
54449
54450
54452
54453
54454
54455
54457
54458
54462
54465
54467
54468
54472
54473
54474
54476
54478
54481
54484
54485
54488
54489
54491
54493
54497
54498
54499
54502
54503
54504
54507
54508
54509
54515
54518
54520
54522
54527
54528
54529
54531
54532
54533
54536
54539
54545
54551
54553
54554
54556
54557
54559
54561
54562
54563
54564
54565
54568
54569
54570
54572
54573
54574
54576
54577
54578
54582
54583
54584
54587
54588
54589
54590
54591
54592
54597
54598
54600
54603
54605
54607
54608
54613
54614
54615
54616
54617
54621
54622
54624
54625
54627
54628
54630
54631
54633
54634
54638
54640
54641
54644
54649
54651
54656
54659
54661
54664
54665
54667
54668
54669
54671
54675
54677
54678
54679
54680
54681
54682
54686
54687
54691
54692
54693
54695
54697
54698
54699
54703
54706
54707
54708
54709
54710
54712
54713
54714
54716
54717
54719
54722
54723
54731
54733
54734
54738
54740
54741
54743
54744
54748
54750
54751
54752
54754
54757
54759
54760
54763
54766
54768
54769
54771
54774
54775
54778
54782
54789
54791
54794
54796
54797
54802
54805
54806
54808
54809
54810
54811
54817
54818
54820
54824
54826
54829
54830
54833
54834
54835
54839
54840
54842
54843
54845
54851
54852
54853
54854
54855
54858
54859
54865
54866
54867
54869
54874
54875
54877
54878
54879
54880
54881
54883
54890
54891
54892
54893
54894
54896
54902
54903
54907
54908
54909
54911
54916
54917
54922
54923
54929
54931
54934
54935
54936
54938
54944
54949
54952
54953
54954
54958
54961
54962
54964
54965
54966
54967
54968
54969
54974
54978
54979
54980
54983
54985
54986
54987
54988
54989
54991
54992
54993
54994
54996
54998
55000
55006
55007
55008
55015
55016
55018
55019
55020
55021
55024
55025
55026
55027
55029
55031
55032
55033
55036
55038
55045
55046
55047
55048
55049
55053
55066
55067
55068
55070
55072
55073
55074
55076
55078
55079
55080
55081
55084
55087
55088
55089
55091
55092
55099
55100
55101
55106
55108
55110
55111
55112
55113
55114
55116
55117
55120
55121
55123
55124
55127
55129
55130
55131
55135
55139
55141
55142
55143
55144
55146
55147
55148
55150
55152
55153
55154
55156
55158
55161
55163
55164
55167
55169
55170
55171
55173
55175
55176
55182
55185
55186
55189
55190
55194
55198
55201
55203
55209
55213
55214
55216
55217
55219
55221
55223
55226
55227
55233
55238
55240
55241
55243
55244
55247
55249
55251
55254
55256
55257
55260
55266
55267
55268
55269
55273
55274
55275
55276
55278
55279
55281
55283
55288
55289
55290
55293
55297
55298
55299
55304
55305
55306
55307
55308
55311
55312
55313
55316
55320
55322
55323
55333
55334
55335
55340
55342
55343
55344
55347
55348
55352
55355
55357
55358
55359
55360
55361
55362
55363
55365
55368
55369
55370
55371
55373
55374
55375
55378
55379
55380
55383
55384
55385
55387
55394
55396
55399
55400
55402
55403
55404
55406
55408
55409
55410
55411
55413
55414
55415
55417
55418
55420
55423
55426
55427
55428
55431
55432
55434
55435
55436
55438
55439
55440
55441
55442
55444
55447
55448
55450
55451
55452
55456
55457
55460
55462
55463
55464
55465
55468
55471
55475
55478
55479
55482
55483
55487
55489
55491
55492
55496
55497
55499
55501
55502
55503
55504
55507
55508
55509
55511
55512
55513
55516
55521
55523
55525
55528
55529
55530
55531
55536
55541
55543
55544
55545
55546
55547
55549
55551
55552
55553
55556
55557
55558
55559
55564
55565
55566
55569
55571
55573
55574
55577
55579
55581
55582
55588
55589
55591
55592
55594
55599
55601
55602
55606
55609
55610
55613
55615
55616
55618
55619
55620
55623
55626
55627
55630
55635
55636
55639
55640
55641
55643
55646
55647
55649
55653
55656
55657
55658
55661
55665
55669
55670
55671
55672
55673
55677
55680
55682
55683
55684
55685
55686
55687
55688
55689
55690
55691
55692
55694
55697
55700
55702
55703
55704
55705
55706
55707
55708
55709
55711
55712
55713
55716
55717
55718
55719
55721
55722
55723
55727
55728
55729
55730
55731
55733
55734
55735
55737
55739
55740
55742
55743
55744
55746
55747
55748
55755
55762
55763
55769
55771
55773
55774
55775
55776
55778
55779
55781
55783
55786
55788
55789
55790
55791
55792
55793
55798
55799
55802
55803
55804
55807
55808
55810
55811
55812
55813
55814
55816
55818
55820
55821
55823
55824
55825
55827
55829
55831
55832
55833
55834
55839
55842
55844
55845
55848
55849
55851
55852
55853
55856
55857
55860
55864
55866
55868
55869
55874
55875
55876
55877
55878
55879
55881
55882
55883
55884
55885
55889
55891
55894
55897
55899
55900
55901
55905
55906
55910
55911
55914
55915
55917
55918
55919
55921
55922
55925
55926
55927
55928
55930
55931
55933
55938
55941
55943
55944
55945
55946
55947
55949
55950
55951
55953
55955
55956
55958
55959
55960
55961
55964
55965
55968
55971
55972
55975
55976
55979
55980
55981
55983
55984
55985
55992
55993
55994
56002
56004
56006
56009
56010
56014
56016
56017
56018
56024
56028
56029
56030
56031
56037
56039
56040
56041
56045
56047
56056
56059
56060
56061
56062
56063
56066
56067
56068
56072
56073
56074
56075
56077
56081
56082
56084
56088
56092
56094
56095
56098
56099
56100
56105
56107
56108
56109
56111
56113
56114
56115
56120
56121
56122
56123
56124
56125
56127
56128
56129
56130
56132
56133
56134
56138
56139
56141
56142
56144
56146
56147
56148
56150
56154
56161
56163
56165
56166
56168
56170
56172
56173
56174
56175
56180
56182
56183
56184
56189
56190
56193
56195
56198
56199
56200
56201
56202
56205
56206
56207
56212
56214
56215
56216
56222
56225
56227
56228
56232
56234
56240
56241
56242
56243
56246
56248
56250
56251
56253
56255
56256
56257
56259
56260
56262
56263
56265
56266
56267
56268
56270
56271
56274
56276
56277
56279
56280
56281
56285
56289
56290
56291
56292
56293
56301
56303
56304
56306
56307
56308
56314
56317
56320
56325
56326
56327
56328
56330
56331
56332
56333
56339
56341
56343
56346
56349
56352
56355
56356
56358
56360
56363
56364
56366
56367
56368
56369
56371
56373
56374
56376
56378
56380
56383
56385
56392
56394
56395
56397
56400
56402
56404
56405
56406
56407
56410
56415
56416
56421
56424
56427
56430
56433
56434
56435
56437
56438
56439
56440
56441
56443
56445
56446
56449
56450
56451
56452
56453
56455
56459
56460
56461
56462
56464
56465
56466
56467
56470
56476
56478
56480
56482
56483
56484
56485
56486
56489
56490
56491
56492
56495
56496
56497
56498
56501
56502
56504
56506
56507
56511
56512
56513
56518
56521
56523
56525
56526
56533
56534
56535
56536
56538
56539
56542
56545
56546
56547
56548
56550
56552
56553
56555
56556
56558
56559
56561
56564
56566
56568
56570
56571
56577
56578
56579
56581
56583
56586
56590
56593
56594
56597
56598
56602
56603
56604
56605
56606
56611
56612
56613
56621
56623
56626
56627
56630
56631
56637
56644
56645
56647
56649
56650
56652
56654
56656
56660
56665
56670
56671
56672
56678
56679
56682
56684
56686
56689
56690
56691
56695
56696
56697
56700
56702
56704
56707
56708
56713
56714
56715
56718
56721
56723
56724
56725
56727
56728
56732
56735
56736
56738
56740
56741
56742
56743
56745
56748
56749
56750
56751
56756
56758
56759
56761
56764
56768
56771
56774
56775
56776
56778
56779
56780
56785
56788
56791
56793
56794
56795
56796
56801
56804
56805
56808
56809
56810
56812
56816
56818
56819
56820
56821
56822
56823
56829
56830
56832
56833
56835
56837
56840
56847
56853
56855
56856
56857
56858
56860
56866
56867
56868
56870
56871
56874
56877
56879
56881
56882
56884
56885
56887
56888
56896
56897
56898
56899
56900
56902
56903
56905
56907
56909
56910
56911
56912
56913
56917
56919
56920
56921
56922
56924
56925
56926
56927
56928
56930
56932
56933
56934
56935
56936
56940
56941
56943
56944
56946
56948
56949
56950
56952
56953
56954
56959
56960
56964
56966
56967
56970
56972
56974
56976
56977
56978
56980
56983
56984
56986
56988
56991
56992
56993
56996
56997
56999
57000
57003
57004
57009
57010
57011
57013
57014
57019
57020
57021
57024
57025
57027
57028
57029
57032
57033
57035
57036
57038
57041
57042
57043
57044
57045
57048
57049
57053
57054
57057
57058
57060
57061
57062
57063
57064
57066
57068
57069
57070
57071
57074
57075
57077
57078
57079
57081
57084
57085
57086
57088
57093
57095
57102
57104
57106
57108
57109
57110
57112
57115
57116
57118
57123
57124
57125
57126
57127
57128
57129
57130
57138
57139
57141
57143
57144
57146
57147
57148
57150
57151
57152
57153
57154
57156
57158
57160
57164
57166
57167
57171
57172
57173
57175
57178
57179
57181
57183
57186
57190
57191
57194
57195
57199
57200
57201
57202
57205
57207
57208
57210
57212
57214
57215
57216
57218
57220
57221
57223
57224
57227
57229
57230
57231
57233
57235
57236
57238
57239
57241
57242
57246
57247
57248
57250
57254
57255
57256
57259
57260
57261
57262
57263
57265
57267
57268
57269
57271
57273
57278
57283
57284
57285
57286
57287
57289
57292
57296
57297
57298
57300
57304
57306
57308
57311
57312
57315
57316
57317
57320
57324
57326
57328
57330
57331
57334
57336
57338
57339
57341
57345
57347
57348
57350
57353
57354
57355
57357
57359
57360
57369
57370
57372
57373
57376
57378
57388
57389
57391
57393
57394
57396
57398
57402
57405
57406
57408
57409
57410
57411
57413
57415
57416
57417
57418
57419
57424
57427
57428
57431
57432
57434
57436
57438
57439
57440
57441
57442
57447
57448
57449
57450
57451
57452
57454
57455
57456
57458
57460
57463
57464
57465
57467
57468
57469
57471
57475
57477
57478
57479
57480
57482
57487
57488
57489
57491
57492
57496
57498
57501
57503
57504
57508
57509
57512
57513
57515
57517
57518
57519
57520
57529
57530
57532
57533
57534
57535
57536
57538
57542
57543
57545
57548
57550
57551
57552
57554
57555
57556
57559
57563
57569
57570
57571
57572
57573
57574
57575
57576
57582
57583
57584
57586
57589
57590
57592
57593
57595
57596
57598
57599
57600
57601
57603
57605
57607
57608
57609
57610
57615
57616
57617
57619
57620
57621
57623
57624
57625
57626
57627
57628
57634
57636
57637
57639
57643
57644
57645
57646
57647
57650
57652
57653
57655
57658
57660
57661
57666
57667
57668
57670
57671
57675
57677
57679
57681
57683
57684
57688
57689
57690
57691
57692
57694
57696
57703
57704
57705
57706
57707
57708
57711
57712
57713
57714
57715
57716
57717
57724
57728
57731
57732
57735
57736
57738
57739
57740
57742
57745
57749
57756
57759
57761
57762
57764
57767
57768
57772
57774
57775
57778
57779
57780
57784
57785
57787
57788
57790
57791
57796
57797
57802
57803
57804
57806
57807
57810
57811
57813
57814
57815
57817
57818
57821
57824
57825
57826
57831
57832
57833
57834
57835
57836
57838
57840
57844
57845
57846
57848
57854
57856
57857
57858
57860
57863
57865
57866
57867
57868
57870
57872
57875
57878
57879
57881
57884
57885
57889
57890
57893
57894
57895
57898
57899
57901
57904
57905
57907
57908
57909
57913
57914
57918
57924
57925
57927
57928
57930
57932
57933
57937
57939
57943
57945
57947
57949
57951
57953
57954
57956
57957
57963
57964
57965
57972
57975
57980
57985
57986
57990
57991
57993
57994
57996
57997
57998
57999
58002
58003
58008
58010
58013
58017
58021
58024
58025
58026
58027
58028
58031
58032
58033
58036
58038
58040
58042
58044
58045
58046
58047
58048
58050
58053
58055
58057
58058
58060
58066
58070
58071
58073
58075
58077
58081
58082
58084
58085
58087
58093
58095
58100
58108
58112
58115
58116
58117
58118
58120
58122
58123
58124
58126
58127
58129
58130
58133
58134
58135
58136
58140
58141
58142
58144
58146
58152
58153
58156
58157
58158
58160
58161
58162
58163
58168
58169
58170
58171
58172
58173
58176
58179
58181
58182
58183
58184
58191
58192
58194
58195
58196
58197
58199
58201
58203
58205
58206
58210
58214
58215
58216
58219
58222
58223
58231
58233
58234
58235
58236
58237
58239
58240
58241
58243
58247
58249
58250
58251
58252
58253
58256
58257
58259
58265
58266
58267
58273
58276
58277
58278
58280
58282
58284
58286
58288
58289
58291
58293
58295
58297
58299
58300
58301
58302
58304
58305
58306
58308
58309
58310
58312
58315
58317
58319
58320
58322
58324
58325
58327
58328
58333
58334
58335
58336
58339
58340
58341
58342
58344
58345
58347
58349
58350
58351
58354
58356
58360
58364
58366
58369
58370
58371
58373
58375
58377
58382
58383
58384
58387
58389
58391
58393
58396
58397
58400
58401
58405
58407
58409
58410
58411
58412
58413
58414
58417
58419
58420
58423
58424
58426
58430
58431
58432
58433
58434
58435
58437
58439
58444
58446
58449
58451
58452
58454
58456
58457
58458
58460
58462
58467
58469
58473
58475
58476
58477
58478
58481
58482
58483
58485
58486
58487
58490
58493
58494
58496
58497
58498
58499
58500
58502
58507
58510
58511
58514
58515
58516
58518
58523
58531
58532
58533
58536
58540
58541
58542
58544
58549
58550
58554
58556
58558
58559
58560
58564
58567
58571
58574
58575
58576
58581
58582
58583
58584
58587
58589
58590
58593
58594
58596
58597
58599
58600
58602
58603
58605
58606
58607
58609
58611
58612
58615
58616
58617
58621
58622
58623
58626
58629
58633
58634
58636
58643
58645
58646
58647
58648
58650
58651
58653
58655
58658
58659
58660
58668
58669
58671
58673
58676
58680
58681
58684
58687
58689
58693
58694
58698
58699
58701
58702
58705
58706
58713
58715
58716
58717
58721
58722
58723
58724
58725
58726
58729
58730
58737
58738
58739
58740
58741
58742
58744
58746
58747
58751
58752
58753
58754
58755
58759
58760
58762
58766
58768
58769
58773
58777
58778
58780
58781
58783
58785
58786
58789
58790
58791
58792
58793
58794
58796
58797
58799
58800
58802
58803
58806
58807
58811
58812
58814
58815
58818
58819
58824
58825
58826
58828
58829
58831
58832
58833
58839
58841
58843
58844
58845
58849
58851
58853
58855
58857
58858
58859
58860
58861
58863
58864
58865
58871
58874
58876
58877
58880
58881
58883
58884
58885
58888
58890
58895
58896
58897
58899
58900
58901
58902
58905
58906
58908
58910
58911
58913
58916
58917
58918
58919
58921
58922
58923
58924
58925
58926
58927
58931
58932
58934
58935
58936
58938
58940
58941
58942
58944
58945
58946
58949
58950
58953
58955
58957
58959
58961
58972
58975
58976
58977
58979
58980
58982
58983
58984
58985
58986
58987
58988
58991
58993
58995
58998
59003
59006
59007
59009
59010
59012
59014
59015
59016
59018
59022
59023
59024
59030
59031
59034
59036
59037
59038
59039
59040
59041
59042
59047
59049
59054
59055
59056
59057
59060
59061
59062
59064
59065
59068
59069
59070
59071
59077
59078
59079
59080
59082
59083
59084
59085
59086
59087
59088
59090
59092
59093
59094
59098
59099
59101
59102
59110
59112
59116
59118
59120
59121
59124
59128
59129
59135
59136
59138
59139
59140
59141
59143
59144
59145
59146
59148
59149
59150
59152
59155
59157
59159
59161
59162
59166
59168
59169
59171
59172
59173
59175
59176
59177
59178
59181
59182
59184
59185
59187
59189
59191
59192
59195
59198
59199
59204
59205
59208
59211
59213
59214
59215
59216
59217
59218
59220
59222
59224
59225
59226
59227
59229
59231
59233
59234
59236
59238
59239
59240
59242
59243
59251
59255
59256
59257
59265
59267
59268
59269
59271
59273
59275
59276
59278
59280
59284
59285
59286
59290
59294
59298
59300
59301
59303
59304
59307
59308
59310
59311
59312
59313
59314
59316
59317
59319
59320
59322
59323
59324
59326
59327
59328
59330
59334
59337
59338
59340
59341
59346
59348
59349
59355
59358
59360
59362
59363
59364
59365
59369
59370
59371
59376
59378
59380
59382
59385
59386
59387
59391
59397
59398
59399
59400
59401
59403
59405
59408
59410
59411
59417
59418
59419
59421
59422
59429
59431
59432
59433
59434
59435
59436
59441
59442
59443
59444
59446
59447
59448
59449
59451
59452
59454
59457
59460
59462
59463
59464
59465
59466
59467
59469
59470
59471
59474
59476
59477
59479
59480
59484
59486
59488
59489
59493
59494
59500
59501
59502
59506
59507
59511
59513
59514
59515
59517
59519
59521
59524
59525
59526
59528
59529
59530
59531
59533
59535
59536
59537
59538
59539
59540
59542
59543
59545
59548
59549
59552
59554
59555
59557
59560
59562
59563
59564
59566
59567
59569
59571
59576
59578
59581
59582
59583
59585
59586
59589
59593
59597
59598
59600
59605
59607
59608
59609
59610
59611
59613
59614
59615
59617
59618
59621
59622
59624
59626
59628
59629
59630
59632
59633
59635
59636
59637
59639
59640
59641
59642
59643
59644
59646
59649
59653
59654
59655
59656
59657
59659
59663
59666
59669
59670
59671
59672
59673
59676
59677
59679
59680
59683
59684
59686
59687
59688
59689
59691
59699
59700
59701
59702
59703
59707
59710
59716
59717
59718
59720
59724
59725
59728
59730
59731
59733
59735
59737
59738
59739
59740
59741
59742
59743
59745
59749
59754
59755
59756
59757
59760
59761
59762
59763
59768
59769
59770
59771
59775
59780
59781
59782
59784
59785
59786
59787
59788
59791
59793
59794
59797
59798
59799
59800
59802
59803
59808
59809
59811
59813
59816
59818
59820
59822
59824
59827
59828
59829
59830
59831
59836
59841
59842
59844
59848
59849
59851
59852
59853
59854
59855
59856
59857
59858
59860
59865
59868
59869
59870
59877
59879
59880
59882
59883
59884
59886
59887
59890
59891
59892
59895
59896
59897
59898
59899
59905
59907
59908
59910
59912
59914
59915
59916
59917
59918
59920
59924
59926
59928
59929
59930
59933
59934
59936
59937
59939
59944
59946
59948
59949
59950
59951
59952
59953
59954
59957
59959
59964
59965
59966
59968
59969
59970
59971
59973
59977
59981
59982
59985
59986
59987
59988
59990
59993
59994
59996
59999
60002
60003
60004
60008
60010
60012
60014
60018
60020
60025
60026
60028
60029
60030
60031
60032
60033
60035
60037
60039
60040
60047
60049
60051
60052
60055
60057
60059
60060
60066
60067
60069
60071
60073
60076
60077
60079
60081
60082
60083
60086
60088
60095
60098
60099
60100
60101
60102
60106
60107
60108
60109
60110
60111
60112
60123
60125
60126
60129
60130
60132
60133
60134
60137
60139
60142
60149
60150
60154
60156
60159
60162
60165
60167
60168
60172
60173
60174
60175
60176
60180
60181
60182
60183
60185
60187
60190
60194
60197
60199
60200
60202
60203
60204
60210
60215
60217
60220
60224
60226
60234
60237
60238
60239
60240
60242
60243
60244
60246
60254
60258
60259
60260
60262
60263
60264
60266
60267
60268
60271
60272
60273
60275
60277
60279
60280
60281
60282
60283
60284
60285
60286
60288
60291
60294
60295
60296
60298
60299
60300
60303
60304
60305
60306
60311
60312
60315
60316
60317
60318
60320
60322
60323
60325
60327
60333
60337
60338
60339
60343
60344
60346
60347
60348
60349
60352
60355
60359
60360
60362
60363
60364
60367
60369
60370
60372
60373
60374
60376
60377
60378
60383
60384
60385
60391
60392
60393
60396
60397
60400
60401
60403
60404
60406
60408
60412
60413
60416
60418
60420
60425
60426
60429
60431
60433
60436
60437
60439
60442
60443
60444
60445
60446
60447
60448
60450
60453
60456
60457
60459
60460
60461
60462
60465
60467
60468
60470
60473
60476
60477
60478
60480
60481
60482
60484
60485
60487
60488
60489
60491
60494
60495
60498
60504
60507
60508
60509
60514
60516
60518
60519
60520
60521
60522
60523
60526
60527
60528
60529
60530
60531
60532
60534
60535
60540
60542
60545
60546
60548
60549
60552
60553
60554
60557
60562
60564
60565
60568
60569
60570
60573
60574
60577
60584
60585
60587
60592
60593
60594
60595
60597
60600
60601
60602
60605
60606
60607
60608
60609
60610
60611
60612
60613
60614
60615
60617
60618
60619
60620
60623
60625
60627
60629
60630
60631
60632
60634
60635
60638
60640
60644
60646
60647
60648
60658
60662
60667
60668
60669
60670
60671
60675
60676
60678
60680
60682
60683
60685
60690
60691
60692
60693
60698
60701
60702
60703
60704
60705
60707
60712
60714
60719
60720
60725
60729
60730
60733
60734
60735
60736
60737
60738
60739
60741
60743
60744
60746
60748
60749
60752
60756
60759
60761
60763
60764
60765
60766
60767
60770
60772
60773
60774
60775
60779
60780
60781
60782
60783
60784
60785
60786
60792
60793
60794
60795
60796
60797
60800
60804
60806
60809
60810
60811
60814
60815
60816
60819
60822
60823
60825
60828
60829
60830
60831
60832
60833
60834
60840
60843
60845
60846
60851
60852
60854
60855
60856
60857
60858
60859
60861
60862
60865
60868
60869
60872
60875
60876
60879
60880
60881
60882
60883
60884
60889
60891
60893
60894
60895
60896
60897
60898
60901
60907
60908
60911
60914
60919
60921
60922
60923
60924
60925
60931
60934
60936
60937
60938
60939
60943
60944
60946
60947
60950
60954
60960
60963
60968
60969
60972
60973
60975
60976
60977
60979
60983
60984
60988
60991
60992
60993
60995
60996
60998
61002
61003
61005
61010
61016
61019
61021
61025
61028
61029
61030
61031
61032
61036
61037
61038
61039
61040
61050
61051
61052
61055
61056
61058
61059
61060
61062
61064
61066
61069
61070
61073
61074
61076
61077
61078
61079
61081
61082
61084
61086
61093
61094
61095
61098
61099
61103
61105
61106
61108
61109
61110
61112
61114
61116
61117
61120
61121
61124
61126
61128
61129
61130
61135
61138
61139
61140
61141
61142
61143
61144
61145
61147
61151
61153
61154
61161
61162
61165
61170
61179
61180
61185
61187
61188
61189
61190
61191
61192
61193
61195
61200
61203
61205
61209
61210
61212
61213
61218
61220
61221
61222
61223
61224
61228
61229
61234
61236
61237
61238
61239
61240
61243
61245
61247
61248
61249
61250
61252
61253
61254
61260
61261
61263
61264
61265
61267
61269
61270
61273
61274
61275
61276
61281
61282
61286
61288
61295
61296
61297
61300
61303
61305
61307
61309
61310
61311
61312
61315
61316
61320
61325
61326
61329
61331
61336
61337
61338
61341
61342
61345
61346
61354
61356
61357
61358
61359
61360
61361
61363
61364
61367
61368
61369
61370
61374
61375
61376
61377
61378
61382
61383
61384
61385
61386
61387
61388
61389
61391
61393
61394
61396
61399
61400
61401
61405
61406
61407
61408
61409
61410
61411
61412
61413
61415
61417
61429
61430
61431
61432
61433
61435
61436
61438
61441
61442
61443
61444
61446
61448
61450
61451
61452
61453
61457
61461
61462
61463
61464
61468
61471
61473
61476
61478
61479
61482
61483
61485
61487
61493
61494
61496
61499
61500
61501
61503
61507
61520
61521
61522
61525
61527
61528
61529
61533
61536
61538
61542
61543
61544
61545
61546
61548
61551
61552
61558
61564
61566
61568
61569
61570
61571
61574
61576
61578
61580
61582
61583
61584
61587
61593
61594
61596
61597
61598
61601
61604
61607
61608
61610
61611
61612
61613
61617
61619
61620
61621
61625
61631
61635
61636
61641
61643
61644
61645
61646
61659
61660
61661
61662
61670
61671
61672
61674
61676
61678
61680
61682
61683
61684
61685
61686
61688
61689
61692
61693
61694
61695
61696
61698
61701
61702
61703
61708
61709
61710
61711
61713
61715
61716
61717
61719
61720
61722
61726
61727
61730
61731
61732
61733
61737
61738
61739
61741
61745
61746
61748
61752
61758
61759
61762
61763
61764
61765
61766
61767
61768
61769
61772
61773
61774
61775
61778
61779
61781
61782
61784
61785
61786
61787
61788
61789
61791
61794
61798
61800
61801
61802
61805
61806
61809
61816
61818
61819
61822
61823
61824
61826
61829
61830
61831
61833
61834
61835
61837
61838
61841
61845
61846
61850
61853
61854
61857
61862
61864
61865
61866
61869
61871
61872
61873
61875
61876
61878
61879
61883
61885
61888
61889
61890
61894
61895
61897
61899
61901
61902
61903
61905
61906
61908
61910
61911
61912
61913
61918
61919
61920
61921
61923
61924
61925
61928
61930
61932
61933
61934
61936
61937
61939
61942
61943
61946
61948
61950
61952
61954
61955
61958
61961
61963
61964
61965
61966
61967
61971
61973
61974
61979
61980
61982
61983
61986
61987
61988
61989
61995
61996
61999
62001
62002
62003
62005
62009
62018
62019
62020
62023
62024
62025
62029
62030
62031
62032
62039
62040
62041
62042
62043
62047
62049
62050
62052
62056
62057
62059
62061
62062
62064
62065
62066
62067
62068
62069
62070
62072
62073
62077
62078
62083
62088
62089
62094
62095
62096
62097
62109
62110
62111
62112
62113
62114
62115
62116
62117
62118
62121
62122
62125
62127
62129
62130
62131
62132
62133
62134
62135
62137
62138
62141
62143
62148
62149
62151
62153
62154
62156
62158
62162
62165
62167
62171
62173
62177
62178
62179
62180
62181
62182
62183
62188
62189
62193
62194
62195
62196
62197
62198
62200
62205
62207
62208
62210
62217
62219
62221
62222
62225
62227
62231
62234
62236
62238
62239
62240
62243
62244
62246
62247
62249
62250
62251
62253
62254
62255
62256
62257
62259
62260
62262
62263
62264
62265
62266
62267
62268
62269
62274
62275
62277
62278
62282
62283
62284
62285
62289
62290
62293
62294
62296
62297
62302
62305
62306
62307
62308
62312
62314
62316
62317
62318
62321
62323
62324
62325
62327
62329
62332
62334
62335
62336
62337
62345
62346
62349
62350
62351
62352
62354
62355
62356
62357
62358
62360
62364
62365
62366
62368
62369
62371
62372
62373
62377
62378
62379
62380
62381
62385
62388
62390
62391
62392
62397
62398
62401
62403
62404
62405
62406
62409
62411
62413
62414
62416
62417
62420
62422
62423
62424
62428
62432
62434
62436
62438
62441
62442
62443
62444
62445
62446
62447
62449
62451
62452
62453
62454
62456
62460
62461
62462
62463
62465
62466
62467
62471
62473
62475
62478
62484
62487
62489
62491
62492
62494
62495
62499
62501
62502
62507
62509
62512
62513
62515
62517
62518
62520
62521
62525
62526
62530
62531
62532
62533
62536
62537
62538
62542
62543
62544
62545
62547
62548
62549
62550
62553
62557
62558
62563
62568
62569
62572
62576
62579
62586
62587
62592
62593
62595
62596
62605
62607
62610
62614
62618
62620
62621
62623
62624
62626
62627
62631
62633
62634
62636
62637
62638
62639
62640
62643
62644
62649
62654
62655
62658
62667
62671
62673
62675
62676
62677
62678
62683
62685
62686
62687
62689
62691
62693
62695
62696
62697
62699
62700
62706
62709
62711
62715
62718
62719
62720
62721
62723
62724
62725
62727
62728
62732
62737
62740
62741
62743
62744
62746
62748
62751
62752
62754
62755
62756
62758
62759
62760
62761
62762
62764
62766
62769
62770
62771
62772
62774
62776
62778
62780
62782
62783
62784
62785
62788
62791
62793
62795
62798
62799
62801
62803
62805
62807
62808
62810
62811
62812
62813
62814
62815
62816
62819
62820
62825
62829
62831
62833
62834
62836
62837
62839
62841
62842
62843
62844
62850
62852
62853
62860
62862
62863
62864
62865
62866
62867
62868
62869
62871
62872
62874
62877
62879
62882
62883
62884
62885
62893
62899
62900
62905
62907
62910
62912
62914
62916
62918
62919
62920
62922
62923
62924
62929
62930
62932
62933
62934
62937
62938
62940
62941
62943
62944
62948
62949
62951
62953
62957
62958
62959
62962
62963
62966
62970
62971
62974
62977
62980
62982
62983
62984
62985
62988
62989
62991
62992
62993
62998
62999
63000
63001
63002
63003
63004
63005
63007
63008
63011
63012
63013
63016
63018
63020
63021
63026
63028
63032
63034
63037
63038
63043
63044
63047
63048
63049
63050
63051
63056
63057
63060
63061
63062
63066
63067
63069
63073
63079
63083
63084
63088
63090
63092
63094
63097
63098
63099
63100
63101
63106
63109
63110
63113
63114
63115
63116
63117
63118
63119
63125
63126
63128
63130
63137
63139
63141
63142
63144
63145
63148
63149
63151
63152
63157
63161
63164
63165
63167
63168
63169
63170
63173
63174
63175
63179
63180
63182
63183
63184
63186
63187
63189
63190
63192
63193
63195
63196
63202
63204
63210
63215
63219
63227
63228
63230
63232
63233
63234
63239
63241
63244
63245
63247
63248
63249
63250
63254
63256
63257
63258
63259
63261
63262
63265
63266
63272
63276
63277
63278
63279
63280
63281
63282
63285
63286
63289
63292
63294
63295
63296
63297
63298
63299
63303
63304
63307
63310
63312
63320
63321
63325
63326
63328
63330
63335
63337
63338
63339
63340
63341
63346
63350
63352
63353
63354
63356
63359
63361
63365
63366
63367
63368
63370
63375
63376
63377
63378
63381
63386
63387
63389
63391
63393
63396
63397
63403
63412
63414
63415
63419
63421
63423
63429
63432
63434
63435
63437
63442
63447
63450
63452
63453
63457
63458
63460
63462
63464
63471
63476
63478
63479
63481
63483
63489
63490
63491
63492
63495
63497
63499
63501
63502
63504
63505
63506
63511
63516
63520
63521
63522
63523
63525
63527
63528
63532
63536
63537
63541
63544
63547
63548
63549
63550
63551
63553
63554
63556
63557
63558
63559
63561
63562
63563
63566
63568
63569
63572
63574
63575
63576
63578
63582
63584
63585
63593
63595
63596
63597
63603
63605
63606
63607
63608
63611
63612
63616
63618
63619
63624
63625
63626
63629
63630
63633
63636
63638
63645
63649
63653
63656
63658
63659
63660
63661
63664
63666
63667
63669
63670
63673
63680
63681
63682
63683
63684
63685
63686
63687
63688
63693
63694
63697
63702
63704
63711
63712
63714
63716
63718
63723
63724
63725
63727
63728
63731
63733
63734
63735
63736
63737
63738
63740
63741
63742
63744
63745
63746
63749
63751
63754
63755
63757
63760
63762
63764
63767
63768
63770
63773
63781
63785
63788
63792
63793
63795
63799
63802
63809
63810
63812
63815
63816
63818
63821
63824
63829
63834
63835
63839
63840
63841
63844
63845
63847
63851
63852
63853
63854
63856
63858
63861
63865
63866
63868
63869
63871
63872
63873
63874
63878
63879
63880
63881
63882
63883
63885
63886
63887
63888
63889
63893
63897
63898
63905
63906
63908
63910
63913
63914
63917
63918
63921
63923
63927
63929
63930
63932
63933
63935
63938
63941
63945
63946
63947
63948
63949
63953
63954
63955
63957
63960
63961
63967
63970
63974
63976
63977
63978
63979
63980
63981
63982
63985
63990
63994
63996
63998
64000
64001
64004
64005
64006
64009
64013
64016
64017
64021
64023
64024
64028
64029
64035
64037
64041
64042
64043
64044
64045
64046
64048
64049
64053
64054
64055
64056
64057
64060
64063
64064
64066
64069
64070
64071
64073
64074
64075
64076
64084
64086
64087
64089
64090
64094
64096
64101
64102
64103
64109
64111
64113
64115
64116
64117
64121
64123
64125
64127
64128
64130
64132
64133
64134
64136
64138
64139
64142
64145
64146
64151
64153
64154
64155
64157
64159
64160
64161
64163
64164
64166
64168
64173
64174
64179
64181
64182
64183
64185
64187
64188
64191
64192
64195
64198
64201
64202
64203
64204
64206
64207
64208
64210
64211
64214
64215
64216
64219
64223
64226
64227
64228
64230
64233
64234
64239
64242
64245
64247
64251
64252
64253
64258
64261
64263
64264
64266
64268
64269
64271
64273
64280
64283
64284
64285
64288
64289
64290
64291
64294
64295
64297
64298
64303
64306
64307
64309
64311
64312
64313
64314
64316
64319
64324
64326
64329
64330
64331
64332
64333
64335
64338
64340
64341
64342
64343
64345
64346
64348
64349
64351
64355
64358
64360
64362
64366
64370
64371
64374
64375
64376
64378
64379
64381
64383
64387
64389
64390
64391
64392
64395
64396
64399
64401
64403
64405
64406
64410
64412
64416
64419
64421
64422
64423
64424
64425
64426
64427
64431
64433
64434
64436
64441
64444
64445
64446
64447
64448
64449
64452
64453
64454
64455
64456
64457
64460
64461
64462
64463
64464
64467
64471
64475
64476
64478
64479
64481
64482
64483
64484
64485
64486
64489
64491
64495
64496
64498
64500
64506
64507
64508
64512
64513
64515
64517
64522
64525
64527
64528
64531
64532
64533
64538
64541
64543
64547
64549
64550
64554
64555
64556
64557
64558
64559
64560
64561
64562
64569
64570
64574
64575
64578
64579
64583
64584
64585
64589
64590
64591
64594
64595
64596
64599
64604
64605
64606
64608
64610
64612
64614
64615
64616
64618
64619
64621
64622
64623
64624
64627
64629
64633
64635
64636
64638
64640
64647
64648
64650
64651
64653
64654
64655
64658
64661
64663
64666
64667
64669
64673
64675
64676
64679
64681
64682
64683
64684
64686
64687
64688
64689
64690
64691
64692
64694
64696
64697
64698
64700
64701
64702
64706
64707
64708
64709
64710
64711
64713
64718
64719
64721
64723
64726
64732
64734
64735
64738
64742
64743
64744
64745
64746
64747
64748
64751
64753
64755
64756
64758
64759
64761
64763
64770
64773
64774
64775
64778
64779
64780
64781
64782
64784
64785
64787
64790
64791
64792
64794
64798
64800
64802
64804
64807
64808
64810
64811
64812
64813
64815
64816
64817
64818
64819
64831
64832
64833
64835
64836
64838
64839
64842
64844
64846
64849
64850
64851
64852
64857
64858
64867
64870
64872
64874
64875
64881
64882
64883
64886
64887
64888
64889
64891
64901
64904
64905
64906
64908
64910
64911
64912
64913
64914
64915
64916
64917
64918
64919
64922
64924
64926
64927
64928
64932
64934
64935
64937
64938
64941
64942
64944
64945
64948
64949
64951
64952
64955
64956
64958
64959
64962
64965
64970
64971
64974
64975
64979
64983
64984
64985
64990
64992
64993
64994
65001
65004
65005
65006
65010
65013
65015
65017
65018
65019
65021
65023
65025
65026
65027
65030
65031
65035
65039
65040
65041
65042
65046
65051
65052
65054
65056
65057
65058
65059
65060
65062
65063
65064
65065
65067
65071
65077
65079
65080
65081
65085
65086
65088
65092
65093
65094
65096
65098
65100
65103
65109
65111
65112
65115
65118
65119
65120
65121
65125
65126
65132
65136
65137
65139
65141
65142
65144
65146
65147
65150
65151
65154
65157
65161
65164
65165
65167
65169
65171
65175
65177
65179
65181
65183
65184
65186
65187
65189
65195
65196
65199
65201
65202
65205
65208
65214
65217
65219
65220
65225
65226
65229
65230
65234
65239
65240
65244
65245
65246
65249
65250
65251
65252
65254
65256
65257
65258
65260
65263
65265
65267
65269
65272
65275
65276
65277
65278
65279
65280
65286
65289
65290
65297
65298
65304
65305
65306
65307
65308
65309
65312
65313
65316
65317
65318
65319
65320
65321
65322
65324
65326
65330
65332
65334
65335
65337
65341
65342
65343
65350
65354
65356
65358
65362
65363
65367
65373
65384
65385
65387
65388
65390
65393
65395
65396
65397
65399
65400
65402
65403
65406
65411
65413
65414
65417
65418
65424
65425
65426
65427
65430
65434
65435
65438
65439
65442
65444
65446
65450
65454
65455
65459
65461
65463
65464
65465
65466
65468
65469
65470
65471
65473
65478
65479
65482
65483
65484
65486
65488
65489
65490
65491
65492
65495
65496
65498
65500
65502
65505
65506
65507
65510
65511
65514
65518
65519
65523
65524
65528
65529
65530
65531
65534
65535
65538
65539
65542
65543
65546
65548
65549
65550
65552
65554
65555
65560
65566
65567
65573
65575
65580
65581
65582
65584
65585
65586
65588
65590
65592
65593
65596
65597
65598
65600
65601
65602
65603
65604
65605
65608
65610
65611
65613
65614
65615
65617
65618
65619
65620
65621
65622
65623
65625
65630
65631
65633
65637
65639
65640
65641
65645
65646
65648
65649
65651
65652
65654
65655
65656
65659
65660
65663
65666
65667
65673
65674
65675
65678
65681
65684
65686
65688
65689
65690
65695
65702
65704
65706
65708
65709
65710
65711
65713
65714
65715
65720
65721
65729
65731
65735
65736
65737
65738
65744
65749
65751
65752
65753
65754
65755
65756
65757
65758
65759
65761
65762
65763
65765
65768
65769
65770
65771
65773
65774
65775
65777
65778
65780
65785
65786
65787
65788
65789
65790
65792
65794
65796
65800
65801
65802
65804
65806
65810
65812
65813
65814
65818
65821
65823
65824
65826
65827
65828
65831
65832
65833
65834
65835
65838
65839
65841
65848
65850
65851
65856
65857
65858
65860
65861
65863
65864
65866
65867
65870
65873
65874
65876
65877
65878
65880
65881
65882
65883
65884
65885
65886
65887
65889
65892
65894
65899
65900
65901
65902
65903
65904
65905
65906
65909
65910
65915
65916
65917
65918
65920
65921
65924
65928
65930
65932
65937
65940
65941
65948
65949
65950
65951
65954
65959
65960
65961
65964
65968
65970
65971
65972
65973
65974
65975
65978
65979
65982
65983
65985
65986
65990
65991
65993
65994
65995
65996
65999
66000
66005
66006
66007
66009
66011
66013
66015
66018
66024
66026
66027
66029
66034
66038
66039
66041
66042
66043
66046
66052
66053
66054
66055
66059
66061
66062
66063
66064
66065
66069
66070
66072
66073
66074
66084
66086
66089
66098
66099
66100
66101
66103
66109
66115
66119
66120
66121
66125
66126
66128
66129
66134
66135
66138
66140
66143
66146
66150
66151
66153
66155
66157
66159
66160
66163
66167
66168
66169
66170
66171
66177
66178
66181
66183
66184
66185
66186
66191
66193
66196
66201
66202
66203
66207
66208
66210
66213
66214
66215
66216
66217
66225
66228
66229
66230
66231
66232
66233
66237
66238
66239
66240
66241
66242
66243
66244
66246
66248
66249
66251
66254
66255
66260
66261
66263
66264
66265
66268
66269
66270
66271
66273
66275
66276
66277
66278
66282
66287
66289
66290
66291
66292
66293
66294
66298
66299
66300
66303
66306
66309
66311
66314
66315
66316
66317
66319
66320
66321
66322
66323
66324
66325
66328
66329
66332
66335
66336
66337
66338
66339
66347
66348
66349
66350
66351
66353
66355
66361
66363
66364
66365
66366
66367
66369
66370
66373
66376
66380
66381
66384
66385
66389
66390
66391
66394
66396
66401
66402
66406
66407
66408
66409
66412
66418
66419
66420
66425
66426
66428
66430
66432
66433
66434
66438
66439
66441
66443
66444
66445
66446
66447
66449
66452
66454
66455
66459
66460
66463
66465
66469
66470
66472
66473
66476
66477
66480
66481
66482
66484
66485
66488
66496
66499
66503
66504
66505
66507
66508
66510
66516
66517
66520
66522
66523
66524
66528
66532
66533
66534
66535
66536
66537
66538
66541
66543
66544
66547
66552
66553
66555
66558
66559
66560
66561
66562
66563
66569
66570
66571
66575
66576
66577
66578
66579
66580
66583
66584
66586
66590
66591
66592
66593
66597
66599
66600
66604
66605
66608
66612
66613
66614
66615
66621
66622
66623
66624
66631
66633
66636
66637
66642
66644
66646
66649
66655
66657
66658
66659
66660
66663
66664
66668
66671
66672
66679
66680
66682
66683
66685
66687
66690
66691
66692
66695
66696
66697
66702
66703
66706
66708
66710
66713
66722
66726
66729
66730
66733
66737
66739
66744
66745
66751
66755
66756
66757
66758
66759
66760
66761
66762
66768
66770
66771
66773
66775
66776
66778
66779
66781
66783
66785
66786
66788
66789
66793
66797
66798
66799
66809
66811
66814
66820
66821
66822
66825
66826
66828
66834
66835
66836
66845
66846
66848
66850
66854
66855
66856
66858
66860
66861
66862
66863
66866
66867
66868
66869
66870
66872
66874
66877
66879
66880
66882
66884
66885
66886
66890
66897
66899
66900
66901
66902
66903
66904
66906
66910
66913
66917
66925
66926
66928
66929
66932
66935
66938
66939
66943
66945
66946
66949
66952
66953
66957
66958
66959
66961
66962
66963
66965
66966
66967
66969
66971
66973
66974
66975
66976
66977
66978
66979
66982
66983
66985
66988
66990
66993
66994
66997
67002
67006
67008
67012
67014
67016
67017
67022
67023
67025
67028
67029
67031
67033
67035
67037
67038
67039
67041
67042
67044
67046
67048
67049
67052
67053
67061
67065
67068
67069
67070
67072
67079
67081
67083
67085
67087
67088
67089
67093
67094
67095
67096
67097
67099
67100
67104
67105
67112
67114
67115
67119
67121
67126
67127
67129
67133
67134
67137
67138
67139
67140
67142
67148
67149
67150
67154
67157
67159
67160
67165
67167
67170
67172
67173
67174
67181
67184
67185
67186
67187
67190
67194
67196
67198
67200
67203
67208
67209
67210
67211
67212
67215
67219
67220
67223
67226
67228
67229
67230
67231
67232
67234
67235
67236
67238
67240
67244
67247
67248
67251
67257
67258
67260
67261
67262
67263
67265
67266
67267
67268
67269
67272
67275
67279
67283
67284
67285
67287
67290
67291
67294
67297
67301
67306
67307
67309
67313
67315
67317
67319
67322
67325
67328
67330
67332
67334
67336
67337
67338
67339
67340
67345
67347
67355
67356
67358
67360
67362
67365
67366
67368
67372
67373
67374
67375
67380
67382
67383
67384
67387
67388
67389
67398
67399
67406
67407
67409
67411
67412
67413
67415
67417
67418
67422
67423
67425
67428
67432
67433
67435
67436
67438
67442
67443
67444
67446
67448
67455
67456
67459
67462
67463
67464
67465
67467
67468
67469
67475
67479
67480
67482
67484
67485
67486
67487
67488
67489
67491
67499
67501
67503
67504
67505
67518
67520
67521
67523
67524
67525
67526
67528
67531
67533
67534
67536
67537
67538
67539
67541
67543
67546
67547
67548
67549
67551
67557
67558
67559
67561
67562
67563
67566
67570
67571
67572
67577
67584
67585
67586
67587
67590
67592
67593
67594
67597
67599
67600
67601
67603
67605
67607
67609
67612
67617
67618
67619
67623
67627
67628
67630
67631
67635
67639
67642
67648
67649
67651
67654
67660
67663
67664
67665
67666
67667
67668
67670
67673
67677
67678
67679
67680
67681
67690
67691
67694
67697
67700
67704
67707
67708
67710
67712
67715
67724
67725
67729
67733
67735
67739
67740
67741
67743
67745
67747
67748
67750
67752
67754
67755
67756
67757
67759
67761
67763
67764
67766
67769
67770
67771
67772
67773
67774
67775
67779
67785
67789
67793
67794
67797
67798
67802
67804
67806
67807
67814
67815
67816
67819
67821
67822
67826
67828
67830
67831
67832
67838
67840
67841
67842
67843
67845
67850
67854
67856
67857
67858
67863
67866
67868
67871
67872
67879
67885
67886
67887
67890
67892
67894
67896
67897
67913
67915
67916
67917
67920
67921
67923
67926
67929
67931
67933
67935
67940
67941
67943
67944
67946
67948
67949
67951
67953
67955
67959
67960
67961
67962
67963
67964
67968
67971
67973
67976
67978
67981
67983
67985
67988
67990
67994
68001
68003
68005
68007
68011
68015
68017
68019
68022
68024
68028
68029
68033
68036
68037
68041
68042
68044
68045
68052
68053
68055
68056
68060
68061
68064
68065
68066
68069
68070
68072
68073
68075
68076
68080
68084
68085
68086
68088
68093
68094
68096
68097
68098
68099
68100
68103
68105
68111
68112
68113
68115
68118
68120
68123
68126
68127
68131
68133
68137
68139
68142
68143
68144
68145
68146
68147
68149
68150
68151
68153
68154
68159
68160
68163
68165
68168
68172
68173
68184
68189
68192
68194
68197
68199
68201
68202
68203
68208
68211
68214
68215
68218
68222
68226
68227
68228
68229
68230
68231
68236
68242
68243
68244
68245
68250
68251
68252
68254
68255
68259
68260
68267
68269
68272
68277
68279
68282
68285
68286
68289
68291
68294
68297
68298
68300
68301
68304
68306
68308
68310
68312
68313
68314
68318
68320
68323
68326
68327
68328
68329
68330
68331
68332
68333
68336
68338
68340
68345
68346
68347
68348
68349
68350
68353
68354
68355
68359
68360
68362
68367
68369
68371
68376
68382
68385
68386
68387
68388
68390
68394
68395
68396
68397
68402
68403
68405
68406
68410
68411
68412
68413
68414
68417
68418
68421
68422
68424
68425
68426
68429
68430
68432
68434
68437
68438
68439
68445
68446
68449
68453
68457
68458
68459
68460
68461
68462
68463
68464
68465
68466
68467
68470
68473
68476
68477
68478
68480
68482
68486
68490
68494
68495
68498
68499
68501
68502
68506
68507
68508
68509
68520
68522
68525
68526
68527
68529
68530
68531
68532
68534
68535
68537
68538
68539
68542
68544
68549
68550
68554
68555
68558
68560
68561
68562
68565
68567
68568
68569
68572
68574
68578
68579
68583
68586
68587
68588
68589
68591
68598
68600
68605
68607
68612
68613
68615
68620
68621
68626
68628
68631
68632
68637
68639
68640
68641
68643
68645
68646
68647
68648
68652
68654
68656
68657
68658
68659
68664
68667
68668
68672
68675
68676
68677
68681
68682
68689
68692
68695
68698
68701
68707
68710
68711
68712
68716
68719
68720
68721
68723
68724
68725
68727
68731
68733
68735
68737
68739
68741
68742
68743
68744
68745
68749
68752
68754
68755
68760
68763
68764
68765
68767
68768
68769
68771
68772
68773
68777
68783
68792
68796
68797
68802
68803
68804
68806
68808
68810
68816
68822
68826
68829
68831
68832
68835
68836
68838
68843
68844
68848
68852
68853
68857
68858
68868
68872
68873
68875
68876
68879
68880
68882
68883
68884
68887
68890
68891
68894
68895
68897
68901
68904
68910
68914
68917
68918
68919
68920
68921
68924
68925
68926
68929
68930
68931
68935
68936
68937
68938
68940
68941
68943
68944
68947
68948
68950
68952
68953
68954
68956
68957
68959
68962
68964
68966
68967
68971
68972
68973
68974
68978
68981
68982
68988
68990
68991
68995
68998
68999
69001
69004
69006
69009
69010
69011
69013
69014
69016
69017
69018
69021
69022
69024
69026
69030
69031
69032
69033
69035
69039
69040
69041
69043
69044
69046
69047
69049
69050
69052
69054
69058
69059
69061
69063
69064
69065
69069
69070
69071
69072
69073
69074
69075
69077
69078
69081
69083
69084
69087
69089
69091
69095
69097
69104
69105
69109
69111
69112
69114
69115
69117
69118
69122
69124
69125
69126
69130
69136
69137
69140
69141
69143
69144
69146
69147
69153
69159
69160
69162
69163
69164
69167
69169
69171
69173
69178
69179
69180
69181
69182
69183
69184
69186
69191
69193
69201
69202
69207
69208
69211
69218
69220
69226
69231
69232
69234
69236
69239
69242
69243
69245
69249
69251
69253
69254
69255
69258
69260
69264
69265
69267
69268
69270
69271
69274
69275
69276
69278
69281
69282
69285
69286
69287
69289
69292
69294
69295
69297
69298
69303
69305
69307
69312
69315
69320
69321
69325
69328
69329
69330
69331
69332
69334
69335
69336
69337
69343
69344
69345
69346
69347
69350
69351
69352
69354
69355
69357
69358
69359
69361
69366
69368
69369
69371
69374
69375
69376
69377
69379
69382
69384
69385
69386
69388
69389
69390
69391
69393
69397
69398
69400
69402
69404
69406
69407
69408
69410
69413
69414
69416
69417
69422
69424
69425
69426
69428
69429
69430
69431
69435
69436
69437
69439
69441
69443
69446
69449
69451
69452
69453
69454
69455
69458
69460
69462
69463
69464
69466
69467
69468
69471
69472
69473
69475
69478
69480
69485
69486
69489
69493
69494
69496
69497
69499
69501
69502
69503
69504
69505
69506
69507
69508
69515
69516
69517
69518
69521
69525
69526
69532
69533
69535
69537
69539
69540
69541
69542
69544
69546
69550
69551
69555
69557
69561
69563
69564
69566
69567
69568
69569
69574
69577
69578
69579
69582
69583
69584
69585
69587
69590
69592
69595
69599
69603
69604
69606
69609
69612
69614
69615
69616
69618
69619
69624
69625
69627
69628
69629
69631
69633
69635
69636
69639
69641
69642
69644
69645
69652
69653
69658
69659
69660
69661
69662
69665
69668
69669
69670
69673
69675
69682
69684
69685
69687
69691
69692
69693
69694
69695
69696
69697
69701
69702
69703
69705
69707
69709
69710
69713
69715
69716
69717
69720
69725
69727
69729
69730
69735
69736
69740
69743
69747
69752
69759
69760
69761
69764
69767
69768
69769
69770
69772
69777
69784
69788
69794
69796
69798
69799
69800
69805
69808
69810
69812
69813
69814
69815
69820
69821
69824
69830
69831
69832
69833
69834
69835
69838
69843
69847
69848
69849
69851
69853
69854
69855
69857
69859
69861
69862
69865
69874
69875
69882
69884
69886
69888
69889
69890
69891
69892
69897
69898
69900
69905
69907
69909
69911
69914
69916
69917
69919
69921
69922
69923
69928
69929
69930
69931
69932
69933
69937
69938
69940
69945
69947
69952
69953
69957
69958
69961
69964
69966
69968
69970
69975
69976
69978
69979
69983
69984
69987
69989
69990
69994
70003
70005
70006
70007
70008
70010
70011
70012
70013
70014
70015
70018
70020
70022
70023
70024
70027
70032
70040
70042
70044
70046
70049
70051
70059
70062
70068
70069
70071
70074
70076
70078
70081
70083
70085
70091
70092
70093
70094
70096
70097
70099
70104
70106
70110
70112
70113
70114
70116
70118
70123
70126
70128
70134
70136
70137
70139
70141
70147
70150
70151
70152
70153
70155
70156
70157
70160
70161
70164
70172
70174
70175
70180
70182
70186
70188
70190
70193
70197
70198
70203
70204
70205
70206
70212
70215
70216
70217
70220
70221
70224
70226
70227
70229
70233
70236
70242
70243
70244
70245
70246
70247
70248
70250
70252
70254
70255
70261
70266
70267
70270
70271
70272
70275
70278
70282
70289
70290
70292
70294
70295
70297
70298
70299
70302
70303
70304
70307
70309
70312
70313
70316
70318
70319
70320
70321
70322
70324
70325
70328
70335
70337
70338
70340
70341
70342
70344
70346
70347
70349
70350
70357
70360
70364
70365
70368
70371
70374
70376
70379
70381
70383
70385
70388
70389
70390
70391
70392
70402
70403
70404
70408
70410
70414
70415
70416
70417
70422
70424
70426
70431
70433
70434
70437
70440
70442
70446
70447
70448
70451
70452
70454
70457
70458
70463
70468
70471
70472
70473
70475
70479
70481
70482
70485
70487
70489
70494
70496
70499
70500
70502
70505
70506
70512
70513
70514
70515
70517
70518
70520
70521
70522
70523
70524
70526
70527
70528
70531
70532
70533
70534
70536
70540
70541
70542
70543
70544
70545
70546
70547
70548
70549
70552
70554
70556
70558
70560
70561
70563
70564
70567
70568
70573
70574
70575
70580
70582
70583
70585
70586
70590
70592
70594
70595
70596
70598
70602
70606
70609
70611
70615
70617
70618
70620
70621
70622
70625
70626
70628
70629
70634
70637
70639
70641
70642
70643
70644
70647
70648
70649
70650
70653
70663
70664
70665
70672
70674
70676
70678
70680
70684
70687
70693
70694
70697
70698
70700
70701
70703
70705
70706
70712
70713
70714
70717
70721
70723
70724
70725
70726
70728
70730
70731
70733
70735
70740
70742
70743
70747
70754
70755
70757
70758
70760
70761
70764
70765
70767
70768
70770
70773
70774
70776
70787
70791
70794
70795
70797
70798
70800
70803
70804
70807
70808
70809
70811
70813
70814
70817
70818
70820
70821
70822
70824
70825
70827
70833
70835
70838
70842
70844
70845
70848
70850
70851
70853
70854
70855
70857
70861
70863
70864
70869
70874
70875
70876
70879
70883
70884
70885
70886
70887
70888
70893
70894
70896
70898
70899
70901
70902
70904
70916
70919
70920
70921
70922
70924
70927
70928
70932
70933
70935
70936
70942
70943
70944
70946
70948
70950
70953
70955
70960
70964
70965
70967
70971
70974
70975
70976
70977
70981
70982
70984
70986
70988
70992
70993
70996
71000
71001
71003
71005
71006
71007
71008
71009
71010
71013
71015
71017
71018
71019
71022
71026
71028
71029
71036
71037
71042
71046
71049
71052
71053
71056
71060
71061
71062
71063
71065
71066
71068
71071
71072
71073
71075
71078
71079
71080
71084
71088
71089
71090
71091
71092
71093
71094
71095
71097
71098
71100
71101
71102
71103
71107
71108
71110
71111
71113
71114
71122
71123
71126
71127
71128
71133
71135
71139
71141
71142
71144
71145
71147
71151
71152
71153
71154
71158
71159
71160
71163
71164
71167
71168
71170
71171
71174
71179
71180
71183
71185
71187
71188
71193
71194
71196
71204
71206
71207
71208
71209
71211
71213
71214
71218
71219
71220
71221
71223
71230
71231
71235
71238
71240
71242
71244
71247
71248
71249
71252
71253
71256
71257
71259
71261
71264
71266
71268
71274
71276
71277
71279
71282
71285
71290
71291
71293
71294
71296
71297
71299
71300
71301
71305
71309
71314
71316
71317
71319
71320
71323
71327
71328
71330
71331
71334
71335
71336
71338
71346
71349
71351
71354
71359
71361
71365
71366
71367
71368
71369
71370
71374
71376
71377
71378
71380
71381
71385
71387
71388
71391
71392
71394
71395
71398
71399
71403
71404
71405
71406
71408
71411
71415
71419
71422
71428
71431
71432
71433
71437
71440
71443
71446
71447
71448
71449
71451
71452
71453
71455
71457
71458
71460
71462
71463
71464
71466
71470
71471
71474
71477
71478
71479
71483
71486
71487
71490
71491
71492
71493
71494
71495
71497
71499
71500
71501
71502
71503
71505
71507
71508
71511
71512
71514
71515
71516
71518
71520
71521
71522
71524
71525
71526
71528
71533
71534
71539
71540
71545
71547
71548
71549
71551
71553
71554
71555
71556
71563
71564
71565
71568
71570
71572
71575
71576
71577
71585
71586
71587
71590
71591
71592
71593
71595
71597
71598
71599
71601
71602
71603
71608
71617
71621
71622
71623
71624
71625
71626
71628
71630
71632
71633
71634
71639
71641
71642
71643
71647
71651
71652
71653
71655
71656
71659
71660
71661
71662
71666
71672
71674
71678
71679
71681
71684
71685
71686
71688
71690
71692
71695
71697
71704
71705
71710
71711
71712
71715
71717
71720
71723
71725
71737
71739
71741
71743
71746
71749
71750
71751
71755
71756
71760
71761
71762
71763
71764
71766
71767
71770
71771
71774
71777
71778
71782
71786
71789
71791
71796
71798
71802
71805
71808
71813
71814
71816
71824
71829
71831
71832
71835
71836
71838
71839
71845
71849
71854
71855
71857
71859
71862
71865
71866
71868
71874
71875
71876
71877
71878
71881
71884
71888
71896
71899
71901
71903
71904
71905
71911
71914
71915
71921
71923
71924
71925
71927
71929
71930
71932
71933
71934
71937
71939
71942
71943
71944
71946
71952
71955
71959
71960
71963
71966
71967
71970
71973
71974
71978
71979
71980
71982
71983
71984
71988
71993
71998
71999
72000
72002
72004
72007
72008
72009
72010
72011
72012
72014
72017
72018
72019
72020
72022
72026
72031
72032
72033
72034
72037
72038
72039
72040
72041
72043
72045
72046
72049
72051
72052
72053
72054
72056
72058
72059
72063
72066
72067
72072
72075
72076
72079
72082
72084
72090
72091
72096
72097
72098
72100
72101
72103
72105
72107
72108
72110
72111
72113
72115
72116
72119
72120
72121
72123
72125
72128
72131
72132
72133
72139
72140
72141
72144
72146
72149
72150
72152
72154
72155
72156
72158
72160
72161
72163
72172
72181
72182
72184
72185
72186
72187
72188
72189
72193
72194
72198
72202
72203
72208
72212
72213
72216
72218
72220
72221
72224
72225
72226
72230
72231
72239
72240
72242
72243
72244
72245
72246
72247
72248
72249
72253
72256
72257
72259
72264
72265
72272
72276
72277
72280
72281
72284
72285
72286
72288
72296
72298
72305
72308
72309
72310
72312
72314
72315
72318
72322
72323
72327
72328
72331
72343
72345
72346
72347
72348
72350
72358
72360
72361
72364
72365
72367
72370
72371
72378
72379
72380
72381
72382
72384
72385
72386
72387
72388
72390
72391
72393
72396
72398
72402
72403
72405
72407
72410
72411
72412
72413
72414
72417
72419
72424
72427
72431
72434
72441
72442
72443
72444
72448
72451
72452
72454
72455
72458
72460
72461
72464
72469
72470
72472
72473
72478
72479
72483
72485
72490
72491
72493
72494
72499
72500
72501
72503
72504
72510
72514
72515
72518
72522
72526
72527
72528
72530
72531
72533
72537
72538
72541
72543
72544
72547
72549
72550
72553
72556
72559
72560
72567
72569
72571
72572
72574
72579
72582
72586
72588
72589
72594
72595
72597
72602
72606
72607
72611
72613
72619
72620
72624
72625
72626
72630
72631
72632
72635
72636
72637
72638
72639
72643
72644
72645
72646
72650
72652
72653
72657
72665
72667
72669
72670
72674
72676
72677
72681
72682
72690
72691
72694
72697
72699
72701
72705
72707
72708
72710
72711
72713
72716
72717
72719
72720
72724
72725
72726
72727
72729
72731
72734
72735
72740
72741
72745
72749
72751
72752
72754
72755
72756
72757
72759
72762
72763
72766
72768
72772
72776
72777
72780
72781
72782
72783
72784
72787
72790
72791
72792
72796
72800
72801
72803
72805
72807
72809
72811
72812
72814
72817
72826
72833
72834
72836
72837
72838
72840
72847
72850
72851
72854
72855
72858
72859
72861
72866
72867
72868
72869
72870
72873
72874
72875
72876
72878
72879
72883
72885
72886
72887
72895
72898
72906
72909
72910
72911
72912
72916
72917
72918
72921
72924
72925
72928
72931
72932
72934
72938
72939
72940
72943
72946
72948
72949
72954
72958
72959
72960
72963
72964
72965
72966
72967
72968
72972
72973
72980
72981
72984
72987
72993
72996
72998
73001
73005
73009
73013
73014
73016
73017
73019
73020
73022
73023
73029
73032
73033
73034
73038
73043
73046
73047
73048
73052
73054
73055
73057
73058
73059
73060
73067
73068
73073
73074
73078
73081
73084
73087
73088
73089
73090
73091
73092
73093
73094
73095
73097
73102
73106
73110
73111
73113
73114
73116
73117
73118
73119
73120
73123
73126
73127
73129
73130
73135
73138
73139
73141
73143
73144
73145
73146
73148
73150
73151
73152
73157
73160
73161
73162
73163
73165
73167
73170
73171
73172
73173
73174
73178
73179
73180
73182
73184
73186
73187
73193
73194
73197
73199
73201
73202
73204
73206
73209
73211
73213
73215
73218
73219
73220
73223
73227
73230
73232
73234
73235
73236
73237
73240
73241
73246
73249
73250
73255
73259
73260
73261
73262
73265
73267
73272
73274
73279
73280
73285
73286
73288
73289
73290
73292
73293
73294
73299
73300
73301
73302
73304
73306
73307
73308
73312
73313
73314
73315
73316
73318
73321
73326
73328
73331
73335
73336
73338
73341
73342
73343
73345
73350
73351
73352
73355
73356
73360
73361
73364
73365
73366
73367
73371
73372
73374
73376
73377
73379
73381
73387
73388
73390
73391
73392
73394
73395
73397
73398
73399
73401
73403
73404
73405
73406
73410
73411
73412
73413
73414
73415
73416
73417
73418
73421
73424
73425
73427
73431
73433
73435
73437
73440
73442
73447
73451
73452
73453
73455
73457
73458
73461
73462
73463
73467
73470
73472
73477
73481
73482
73484
73486
73489
73491
73492
73495
73501
73502
73503
73504
73507
73508
73512
73516
73518
73520
73524
73531
73532
73533
73535
73536
73540
73541
73544
73546
73547
73549
73550
73552
73554
73555
73557
73560
73561
73566
73573
73574
73575
73580
73585
73589
73593
73595
73596
73598
73602
73604
73606
73610
73612
73613
73614
73619
73620
73621
73622
73623
73624
73627
73630
73634
73635
73640
73643
73647
73654
73655
73660
73661
73666
73668
73671
73673
73674
73675
73676
73677
73678
73679
73681
73682
73688
73690
73691
73693
73694
73695
73696
73697
73698
73699
73701
73705
73707
73709
73711
73713
73716
73720
73721
73722
73723
73726
73729
73732
73737
73740
73743
73744
73747
73749
73750
73752
73754
73755
73756
73758
73761
73762
73765
73774
73775
73778
73779
73784
73786
73788
73789
73791
73792
73794
73799
73801
73802
73803
73804
73814
73815
73819
73820
73822
73824
73825
73828
73830
73832
73833
73835
73839
73840
73843
73846
73853
73858
73859
73860
73861
73863
73867
73868
73869
73870
73872
73873
73874
73875
73877
73879
73883
73886
73887
73888
73892
73893
73896
73897
73898
73900
73908
73909
73913
73915
73916
73917
73920
73922
73923
73930
73936
73940
73941
73942
73944
73946
73948
73950
73951
73952
73956
73957
73959
73961
73963
73965
73966
73968
73971
73972
73974
73975
73976
73977
73981
73982
73992
73995
73998
74001
74003
74004
74005
74006
74011
74012
74017
74027
74030
74031
74034
74038
74039
74040
74041
74042
74043
74045
74047
74048
74050
74051
74053
74054
74055
74056
74062
74063
74064
74069
74071
74075
74078
74081
74082
74084
74088
74089
74092
74094
74095
74096
74098
74100
74101
74104
74105
74106
74107
74110
74111
74112
74117
74120
74128
74129
74131
74133
74135
74136
74137
74139
74140
74145
74150
74151
74152
74153
74159
74161
74162
74163
74166
74168
74177
74179
74180
74182
74183
74187
74189
74192
74193
74194
74197
74200
74201
74202
74203
74204
74205
74211
74216
74220
74221
74223
74224
74225
74229
74230
74235
74236
74238
74239
74240
74241
74243
74244
74250
74252
74254
74263
74267
74268
74270
74279
74282
74286
74287
74288
74291
74294
74298
74300
74302
74307
74308
74310
74314
74316
74317
74319
74320
74321
74322
74323
74324
74325
74327
74328
74329
74330
74336
74337
74345
74348
74350
74352
74355
74357
74361
74363
74366
74369
74374
74376
74381
74383
74384
74385
74386
74391
74393
74395
74397
74399
74401
74402
74404
74408
74410
74414
74420
74422
74423
74430
74431
74437
74441
74443
74444
74448
74449
74450
74451
74455
74457
74459
74463
74464
74466
74468
74470
74473
74477
74479
74483
74484
74485
74486
74487
74488
74489
74493
74498
74501
74504
74505
74506
74509
74513
74515
74517
74520
74525
74526
74528
74533
74534
74537
74538
74540
74542
74544
74549
74550
74553
74554
74556
74557
74558
74562
74565
74568
74571
74574
74575
74577
74579
74580
74581
74587
74590
74591
74593
74594
74595
74596
74599
74602
74604
74609
74610
74612
74614
74626
74634
74636
74637
74641
74643
74644
74647
74648
74649
74652
74653
74656
74661
74666
74667
74669
74670
74671
74676
74680
74681
74686
74687
74688
74689
74691
74694
74697
74701
74702
74708
74710
74713
74715
74716
74717
74718
74720
74724
74725
74726
74728
74730
74731
74734
74735
74736
74737
74740
74743
74746
74749
74750
74751
74755
74756
74757
74762
74763
74767
74770
74773
74775
74777
74781
74782
74784
74789
74793
74794
74799
74801
74802
74803
74804
74807
74808
74811
74813
74814
74817
74818
74827
74831
74833
74837
74839
74840
74843
74845
74846
74849
74852
74854
74855
74860
74863
74864
74872
74875
74876
74877
74878
74882
74885
74890
74891
74895
74897
74898
74902
74903
74907
74909
74911
74913
74916
74921
74922
74923
74924
74925
74926
74927
74929
74931
74936
74939
74940
74944
74945
74946
74949
74954
74956
74958
74959
74963
74966
74967
74970
74976
74979
74984
74986
74988
74990
74991
74992
74993
74994
74995
74996
75000
75003
75007
75008
75012
75013
75014
75015
75017
75021
75025
75026
75027
75028
75032
75033
75035
75038
75040
75048
75049
75051
75052
75054
75058
75062
75064
75065
75066
75068
75071
75072
75073
75076
75078
75079
75081
75085
75087
75089
75092
75098
75102
75103
75104
75105
75106
75108
75109
75110
75112
75115
75121
75122
75123
75124
75125
75126
75129
75130
75131
75135
75136
75137
75139
75140
75143
75149
75150
75152
75166
75174
75175
75177
75178
75179
75180
75182
75183
75185
75188
75189
75190
75194
75196
75197
75200
75203
75204
75206
75207
75212
75213
75216
75219
75220
75222
75223
75230
75232
75235
75237
75243
75248
75249
75255
75257
75258
75259
75260
75261
75262
75264
75265
75266
75267
75269
75272
75275
75276
75279
75281
75282
75286
75290
75293
75297
75299
75300
75305
75307
75308
75310
75311
75314
75315
75317
75318
75320
75323
75324
75326
75327
75328
75330
75333
75335
75336
75337
75338
75339
75340
75342
75343
75345
75352
75353
75354
75355
75357
75361
75362
75364
75366
75367
75370
75371
75372
75374
75375
75376
75379
75380
75381
75383
75384
75385
75389
75390
75391
75395
75396
75398
75399
75400
75401
75404
75405
75408
75414
75415
75416
75418
75419
75420
75421
75422
75425
75426
75428
75429
75431
75432
75433
75438
75440
75444
75446
75447
75449
75452
75454
75457
75458
75461
75462
75463
75465
75467
75468
75469
75471
75473
75475
75477
75478
75479
75481
75486
75489
75490
75491
75492
75493
75494
75495
75496
75497
75499
75502
75503
75504
75505
75506
75507
75509
75512
75515
75516
75519
75520
75527
75528
75530
75532
75533
75535
75541
75544
75545
75548
75549
75551
75553
75555
75556
75558
75561
75566
75569
75579
75580
75581
75582
75583
75585
75587
75590
75592
75593
75595
75598
75599
75600
75601
75603
75604
75605
75606
75608
75613
75618
75620
75621
75622
75625
75626
75627
75628
75629
75633
75634
75637
75639
75641
75649
75652
75655
75656
75657
75658
75663
75672
75673
75674
75681
75682
75685
75689
75690
75693
75699
75701
75702
75705
75707
75711
75713
75714
75715
75716
75719
75720
75721
75724
75725
75731
75737
75738
75739
75740
75741
75745
75751
75752
75759
75760
75761
75766
75767
75771
75773
75776
75777
75778
75782
75789
75792
75793
75800
75804
75809
75810
75812
75814
75815
75824
75829
75830
75833
75834
75835
75838
75843
75848
75851
75852
75853
75855
75858
75859
75860
75861
75862
75864
75865
75873
75874
75875
75878
75879
75880
75881
75882
75884
75887
75888
75889
75892
75897
75899
75900
75907
75911
75914
75918
75919
75920
75921
75922
75923
75925
75927
75928
75929
75931
75936
75947
75953
75954
75955
75956
75958
75959
75961
75964
75966
75968
75971
75972
75973
75977
75987
75989
75991
75993
75994
75999
76002
76006
76008
76011
76015
76017
76018
76023
76027
76029
76033
76035
76036
76037
76039
76040
76042
76043
76045
76046
76048
76049
76050
76051
76052
76056
76058
76061
76064
76066
76067
76068
76069
76070
76071
76072
76073
76074
76076
76077
76078
76079
76081
76084
76086
76089
76091
76092
76094
76095
76097
76100
76102
76104
76108
76110
76113
76115
76116
76118
76123
76125
76129
76130
76132
76134
76138
76139
76142
76144
76145
76147
76149
76151
76153
76154
76155
76158
76159
76160
76161
76165
76168
76177
76180
76184
76189
76192
76193
76195
76196
76197
76199
76201
76204
76206
76208
76216
76217
76223
76225
76227
76228
76229
76230
76234
76243
76245
76246
76247
76255
76256
76258
76260
76261
76264
76269
76270
76274
76275
76276
76278
76280
76281
76282
76285
76288
76289
76292
76293
76295
76296
76298
76300
76303
76305
76306
76308
76310
76320
76322
76323
76330
76339
76341
76342
76346
76348
76349
76351
76353
76356
76358
76359
76360
76361
76364
76365
76366
76367
76368
76370
76371
76372
76373
76381
76382
76385
76387
76388
76389
76392
76399
76401
76402
76403
76404
76405
76406
76408
76409
76410
76411
76412
76413
76418
76423
76425
76431
76432
76433
76435
76436
76443
76444
76445
76447
76457
76458
76459
76463
76466
76467
76469
76471
76473
76475
76478
76481
76482
76487
76488
76489
76491
76496
76498
76500
76503
76504
76506
76508
76511
76512
76514
76515
76521
76527
76528
76530
76531
76533
76536
76539
76542
76543
76546
76547
76548
76556
76559
76560
76561
76562
76563
76564
76565
76568
76570
76574
76578
76579
76581
76582
76584
76586
76587
76588
76591
76592
76594
76606
76609
76611
76615
76616
76618
76622
76624
76626
76631
76634
76636
76637
76641
76644
76645
76646
76647
76648
76651
76653
76656
76658
76659
76660
76664
76667
76669
76673
76674
76675
76677
76680
76693
76695
76696
76697
76698
76700
76702
76706
76707
76709
76711
76712
76713
76714
76716
76717
76720
76721
76722
76727
76729
76730
76734
76735
76736
76737
76738
76740
76742
76751
76752
76753
76754
76756
76758
76759
76760
76761
76762
76765
76768
76771
76775
76776
76777
76781
76784
76786
76787
76791
76793
76794
76798
76800
76802
76803
76805
76806
76808
76812
76813
76817
76818
76819
76821
76823
76824
76826
76827
76828
76831
76834
76835
76836
76839
76842
76847
76849
76850
76852
76853
76855
76857
76858
76862
76863
76865
76866
76867
76868
76873
76876
76878
76879
76880
76882
76883
76888
76890
76891
76895
76901
76903
76906
76907
76908
76912
76916
76917
76925
76926
76928
76932
76934
76935
76938
76939
76940
76941
76944
76945
76946
76947
76951
76952
76954
76957
76960
76961
76963
76964
76967
76971
76978
76980
76982
76988
76989
76990
76991
76993
76996
76997
76999
77000
77003
77004
77006
77012
77013
77016
77017
77019
77021
77025
77026
77028
77030
77031
77033
77035
77036
77039
77042
77043
77046
77047
77048
77051
77056
77061
77063
77064
77065
77067
77074
77075
77078
77080
77082
77083
77086
77088
77089
77090
77091
77092
77098
77104
77105
77106
77107
77112
77114
77116
77117
77120
77121
77122
77126
77127
77128
77130
77134
77138
77140
77141
77142
77143
77144
77145
77147
77149
77150
77154
77157
77158
77162
77165
77167
77169
77170
77175
77176
77180
77181
77182
77183
77184
77193
77196
77198
77209
77212
77216
77217
77218
77220
77221
77222
77227
77228
77229
77234
77235
77236
77237
77239
77241
77244
77245
77246
77249
77250
77252
77253
77255
77256
77258
77260
77263
77265
77267
77268
77269
77271
77272
77274
77278
77281
77282
77290
77291
77292
77293
77295
77298
77299
77302
77303
77305
77306
77307
77309
77311
77312
77316
77318
77320
77322
77323
77326
77327
77330
77333
77338
77339
77340
77344
77349
77352
77353
77357
77358
77362
77363
77364
77365
77369
77370
77372
77374
77375
77376
77379
77380
77382
77383
77385
77387
77389
77391
77392
77393
77397
77399
77401
77402
77403
77404
77405
77410
77411
77412
77413
77420
77421
77423
77429
77430
77432
77434
77440
77442
77443
77444
77446
77449
77450
77454
77456
77462
77463
77464
77466
77467
77470
77471
77472
77474
77480
77483
77484
77489
77490
77493
77495
77497
77498
77501
77502
77506
77512
77516
77517
77518
77524
77528
77532
77536
77538
77539
77544
77546
77550
77553
77555
77558
77560
77562
77564
77571
77573
77579
77586
77588
77590
77594
77595
77596
77598
77600
77602
77603
77604
77607
77610
77612
77613
77614
77615
77616
77617
77620
77621
77622
77624
77625
77626
77629
77630
77632
77633
77635
77637
77640
77646
77647
77650
77653
77663
77664
77665
77667
77673
77676
77677
77678
77686
77688
77689
77691
77694
77701
77702
77704
77707
77708
77714
77717
77719
77721
77724
77725
77729
77731
77732
77733
77736
77742
77743
77744
77747
77750
77752
77754
77755
77758
77760
77761
77767
77769
77770
77771
77772
77773
77774
77775
77781
77785
77786
77788
77791
77793
77796
77801
77802
77805
77806
77807
77809
77810
77814
77817
77819
77821
77822
77823
77826
77828
77829
77830
77848
77849
77850
77851
77854
77859
77860
77862
77864
77869
77870
77874
77876
77879
77880
77881
77882
77883
77884
77885
77886
77889
77893
77902
77906
77911
77912
77913
77916
77918
77920
77923
77924
77930
77932
77937
77942
77944
77947
77948
77949
77951
77952
77960
77961
77971
77975
77977
77979
77980
77981
77985
77986
77987
77988
77989
77990
77991
77992
77996
77999
78000
78001
78002
78003
78004
78005
78007
78008
78012
78016
78018
78019
78020
78022
78025
78026
78028
78029
78033
78034
78037
78039
78040
78041
78043
78045
78046
78051
78054
78056
78059
78060
78062
78064
78069
78072
78073
78074
78075
78076
78077
78080
78081
78082
78084
78087
78088
78091
78093
78096
78098
78100
78103
78104
78105
78106
78108
78111
78118
78119
78122
78125
78126
78128
78130
78132
78134
78140
78143
78147
78148
78149
78150
78152
78156
78157
78161
78163
78165
78169
78170
78177
78179
78180
78183
78185
78186
78187
78189
78191
78192
78195
78196
78197
78198
78200
78205
78206
78207
78208
78209
78210
78211
78219
78220
78222
78223
78226
78229
78230
78232
78234
78238
78240
78241
78242
78245
78248
78249
78253
78255
78256
78257
78258
78259
78261
78263
78268
78273
78275
78276
78280
78281
78282
78284
78285
78286
78288
78289
78290
78291
78292
78294
78296
78297
78298
78300
78303
78304
78305
78306
78307
78312
78315
78316
78319
78320
78322
78323
78324
78325
78327
78331
78332
78333
78334
78341
78342
78347
78349
78352
78354
78358
78359
78361
78364
78365
78370
78375
78377
78379
78380
78382
78384
78387
78389
78391
78392
78396
78397
78400
78402
78403
78406
78407
78413
78417
78419
78420
78421
78424
78426
78428
78434
78437
78440
78441
78443
78444
78448
78449
78452
78456
78457
78458
78462
78464
78465
78472
78473
78478
78482
78485
78487
78488
78489
78490
78493
78501
78502
78503
78506
78512
78514
78515
78516
78517
78521
78523
78526
78530
78533
78535
78537
78544
78547
78549
78554
78556
78557
78559
78560
78566
78567
78570
78572
78573
78574
78575
78576
78583
78585
78587
78589
78590
78593
78595
78599
78603
78604
78606
78607
78610
78611
78617
78620
78621
78627
78628
78631
78636
78637
78638
78640
78641
78643
78645
78651
78661
78662
78674
78675
78676
78681
78683
78685
78687
78691
78693
78695
78696
78697
78699
78700
78704
78705
78708
78709
78711
78713
78716
78719
78720
78724
78725
78728
78729
78732
78736
78738
78741
78742
78744
78745
78747
78748
78750
78751
78766
78767
78768
78770
78774
78776
78777
78780
78781
78782
78784
78785
78787
78790
78791
78795
78796
78799
78802
78803
78805
78809
78811
78816
78823
78824
78825
78826
78827
78831
78837
78838
78844
78845
78847
78848
78851
78853
78858
78860
78862
78865
78869
78874
78876
78878
78885
78890
78891
78893
78898
78901
78904
78905
78909
78912
78913
78915
78919
78920
78922
78923
78928
78929
78931
78932
78933
78934
78935
78937
78938
78940
78947
78950
78951
78952
78954
78956
78961
78964
78967
78971
78979
78982
78984
78987
78989
78991
78992
78997
79000
79011
79012
79015
79016
79017
79018
79023
79024
79029
79031
79032
79033
79036
79037
79042
79044
79045
79046
79049
79052
79053
79054
79057
79058
79059
79061
79062
79066
79071
79073
79075
79077
79084
79086
79088
79091
79094
79096
79098
79100
79103
79109
79113
79114
79115
79118
79119
79120
79123
79124
79126
79127
79130
79132
79137
79138
79139
79140
79141
79143
79147
79149
79150
79152
79154
79155
79164
79165
79167
79170
79173
79174
79178
79182
79184
79185
79186
79195
79196
79200
79201
79204
79207
79210
79212
79213
79214
79217
79219
79220
79221
79222
79225
79226
79227
79232
79234
79235
79237
79239
79241
79242
79243
79247
79248
79249
79251
79253
79254
79257
79258
79259
79260
79261
79263
79265
79266
79268
79272
79273
79277
79280
79281
79285
79286
79289
79293
79295
79296
79298
79300
79301
79305
79307
79309
79310
79312
79313
79315
79318
79320
79321
79322
79324
79325
79326
79327
79328
79330
79331
79334
79336
79338
79341
79342
79344
79346
79366
79369
79370
79372
79375
79376
79377
79381
79383
79384
79386
79387
79388
79394
79395
79396
79398
79399
79405
79408
79413
79418
79420
79423
79426
79427
79428
79433
79434
79435
79438
79440
79444
79445
79446
79449
79450
79451
79453
79454
79455
79457
79459
79460
79462
79470
79471
79476
79477
79478
79482
79483
79484
79486
79490
79497
79498
79500
79502
79503
79504
79506
79508
79510
79512
79513
79515
79517
79518
79524
79525
79526
79527
79531
79534
79538
79543
79547
79548
79550
79551
79559
79562
79565
79567
79569
79572
79573
79575
79580
79581
79584
79589
79592
79593
79596
79597
79604
79608
79609
79610
79617
79619
79621
79622
79623
79624
79625
79627
79629
79630
79631
79635
79636
79639
79643
79649
79651
79652
79653
79655
79657
79659
79661
79664
79665
79666
79668
79670
79676
79677
79679
79690
79694
79697
79698
79699
79703
79705
79707
79709
79710
79712
79713
79717
79718
79720
79721
79723
79724
79726
79733
79736
79738
79739
79740
79742
79744
79749
79750
79751
79752
79754
79756
79757
79758
79761
79762
79764
79765
79770
79773
79774
79775
79778
79781
79783
79788
79789
79790
79795
79807
79810
79814
79816
79817
79819
79820
79822
79823
79826
79830
79834
79835
79837
79839
79840
79841
79842
79844
79848
79850
79852
79854
79858
79863
79868
79869
79870
79872
79873
79876
79881
79885
79888
79892
79896
79897
79898
79900
79902
79907
79911
79913
79914
79915
79918
79922
79925
79930
79933
79937
79940
79944
79946
79947
79949
79951
79952
79955
79956
79957
79961
79963
79965
79968
79969
79971
79972
79983
79987
79990
79991
79993
79994
79998
80000
80009
80010
80011
80012
80015
80017
80018
80019
80021
80024
80025
80032
80037
80045
80047
80048
80050
80053
80054
80055
80058
80059
80060
80062
80065
80068
80071
80072
80082
80084
80085
80086
80088
80089
80091
80096
80100
80101
80103
80105
80107
80109
80110
80111
80113
80114
80115
80116
80117
80118
80119
80123
80126
80131
80132
80133
80137
80138
80139
80143
80152
80153
80154
80158
80160
80162
80165
80173
80174
80175
80176
80187
80188
80189
80190
80193
80194
80195
80196
80197
80201
80203
80206
80207
80208
80211
80213
80218
80222
80223
80224
80233
80234
80239
80240
80243
80244
80246
80254
80255
80256
80257
80258
80259
80260
80263
80266
80270
80272
80277
80278
80279
80280
80289
80291
80294
80295
80296
80301
80303
80305
80307
80308
80310
80313
80314
80316
80317
80321
80322
80324
80327
80329
80330
80331
80335
80336
80337
80338
80342
80344
80347
80350
80351
80352
80353
80357
80358
80361
80362
80363
80365
80367
80368
80369
80376
80379
80384
80387
80390
80392
80393
80395
80401
80403
80405
80406
80412
80414
80417
80419
80421
80423
80425
80426
80428
80431
80432
80436
80437
80439
80440
80446
80447
80448
80451
80455
80456
80457
80459
80464
80465
80466
80468
80470
80472
80476
80478
80479
80483
80487
80490
80493
80494
80496
80498
80500
80505
80506
80508
80511
80513
80516
80518
80520
80523
80524
80525
80527
80529
80532
80534
80537
80542
80543
80547
80549
80552
80553
80556
80557
80558
80559
80560
80562
80563
80566
80569
80570
80571
80572
80576
80577
80579
80583
80589
80591
80597
80598
80602
80606
80608
80612
80615
80617
80622
80625
80627
80633
80636
80640
80641
80642
80643
80645
80646
80650
80653
80661
80669
80670
80671
80673
80681
80682
80685
80688
80690
80692
80695
80696
80697
80699
80706
80711
80715
80717
80719
80722
80723
80724
80728
80731
80732
80736
80737
80740
80743
80745
80746
80747
80748
80754
80756
80757
80761
80763
80766
80772
80776
80785
80786
80789
80791
80797
80798
80800
80801
80802
80807
80809
80815
80816
80817
80818
80819
80820
80822
80823
80827
80828
80830
80831
80832
80835
80837
80842
80843
80844
80846
80849
80851
80852
80853
80854
80858
80860
80861
80866
80867
80868
80870
80872
80873
80874
80878
80879
80882
80890
80892
80893
80895
80898
80899
80900
80904
80912
80915
80916
80922
80928
80930
80931
80935
80939
80940
80943
80946
80948
80949
80952
80960
80963
80968
80969
80972
80973
80975
80979
80983
80986
80988
80992
80993
80996
80999
81002
81007
81009
81010
81014
81015
81016
81020
81021
81026
81033
81034
81036
81037
81041
81042
81043
81049
81050
81053
81054
81059
81060
81061
81063
81065
81066
81077
81078
81080
81083
81084
81085
81087
81088
81093
81094
81096
81098
81100
81101
81103
81108
81109
81111
81112
81113
81116
81117
81118
81119
81122
81123
81126
81133
81137
81139
81141
81142
81146
81148
81151
81152
81153
81159
81160
81161
81165
81166
81167
81168
81175
81180
81181
81183
81184
81185
81187
81188
81189
81193
81194
81197
81199
81203
81204
81208
81209
81210
81211
81212
81213
81216
81218
81219
81221
81222
81225
81228
81231
81232
81233
81234
81235
81236
81242
81244
81246
81248
81249
81250
81253
81257
81263
81264
81266
81269
81271
81273
81276
81279
81280
81281
81284
81286
81287
81288
81292
81293
81294
81295
81296
81301
81303
81304
81305
81308
81313
81316
81321
81322
81325
81327
81332
81333
81336
81337
81339
81340
81341
81342
81344
81345
81347
81348
81349
81350
81351
81353
81354
81355
81356
81358
81359
81361
81362
81367
81368
81374
81379
81380
81383
81384
81385
81391
81392
81393
81394
81395
81396
81400
81401
81403
81406
81407
81408
81411
81413
81414
81420
81423
81425
81427
81434
81438
81439
81441
81446
81447
81448
81450
81456
81457
81465
81472
81473
81475
81477
81479
81480
81481
81482
81485
81486
81487
81489
81490
81491
81492
81494
81495
81496
81497
81498
81500
81501
81505
81509
81510
81513
81519
81520
81521
81522
81525
81527
81528
81530
81533
81537
81539
81541
81547
81549
81551
81553
81554
81555
81556
81558
81559
81560
81561
81566
81570
81572
81576
81579
81580
81581
81582
81585
81586
81588
81589
81591
81592
81596
81609
81614
81615
81616
81617
81618
81620
81624
81626
81629
81634
81637
81638
81639
81642
81645
81646
81648
81650
81651
81652
81654
81657
81658
81659
81663
81664
81665
81669
81673
81680
81683
81684
81701
81705
81715
81717
81718
81723
81726
81727
81730
81731
81732
81748
81750
81752
81753
81756
81760
81761
81765
81767
81770
81773
81775
81779
81782
81783
81784
81786
81787
81789
81791
81796
81797
81798
81800
81809
81810
81811
81814
81815
81817
81819
81821
81827
81833
81834
81835
81837
81838
81841
81842
81845
81852
81857
81858
81859
81860
81861
81867
81868
81870
81872
81873
81875
81876
81878
81885
81886
81893
81894
81896
81897
81898
81902
81904
81905
81906
81908
81910
81911
81913
81918
81924
81925
81929
81930
81933
81934
81936
81937
81938
81944
81954
81960
81961
81963
81966
81970
81973
81975
81977
81978
81980
81984
81987
81988
81989
81991
81992
81994
81996
81998
82000
82003
82004
82007
82010
82012
82015
82017
82018
82023
82024
82035
82036
82038
82040
82042
82047
82049
82052
82054
82060
82061
82064
82066
82067
82068
82071
82072
82073
82082
82083
82089
82092
82094
82095
82099
82101
82105
82106
82111
82112
82113
82115
82116
82117
82124
82127
82134
82135
82139
82140
82143
82145
82147
82148
82149
82150
82151
82156
82159
82160
82162
82168
82170
82172
82173
82180
82184
82188
82189
82193
82194
82197
82200
82201
82204
82206
82207
82210
82212
82216
82218
82220
82222
82224
82225
82227
82228
82229
82235
82236
82237
82241
82242
82243
82248
82250
82251
82253
82254
82257
82258
82259
82266
82269
82271
82272
82273
82275
82276
82278
82279
82284
82286
82287
82288
82293
82297
82298
82299
82301
82302
82304
82305
82306
82311
82314
82320
82322
82323
82324
82325
82331
82334
82337
82348
82349
82351
82353
82355
82357
82358
82359
82362
82363
82369
82377
82381
82382
82384
82385
82386
82388
82389
82390
82391
82395
82396
82397
82398
82399
82400
82401
82402
82405
82409
82415
82418
82420
82421
82422
82426
82428
82431
82432
82434
82435
82436
82440
82442
82444
82454
82455
82458
82459
82461
82464
82466
82469
82470
82478
82479
82482
82484
82485
82488
82489
82493
82496
82497
82498
82501
82503
82505
82506
82510
82511
82512
82515
82518
82520
82525
82526
82529
82531
82532
82534
82537
82539
82541
82542
82544
82549
82551
82555
82558
82559
82563
82569
82570
82573
82578
82579
82583
82585
82586
82587
82589
82591
82596
82597
82598
82601
82602
82604
82608
82610
82612
82615
82617
82619
82621
82622
82628
82630
82632
82634
82637
82640
82643
82644
82646
82648
82651
82652
82655
82656
82661
82670
82672
82674
82677
82679
82680
82685
82687
82688
82693
82696
82697
82698
82699
82700
82702
82704
82708
82710
82711
82712
82716
82717
82718
82721
82723
82729
82732
82733
82744
82746
82747
82749
82750
82751
82755
82756
82760
82763
82767
82769
82773
82777
82782
82785
82788
82792
82793
82797
82800
82802
82803
82804
82808
82810
82811
82812
82816
82819
82822
82823
82833
82835
82837
82838
82841
82848
82850
82855
82857
82858
82864
82866
82867
82868
82874
82875
82878
82879
82881
82888
82889
82891
82892
82898
82899
82900
82901
82902
82905
82907
82908
82915
82916
82921
82923
82925
82926
82927
82930
82931
82933
82934
82937
82938
82939
82943
82945
82949
82950
82952
82954
82956
82959
82960
82972
82975
82976
82977
82978
82979
82980
82984
82987
82989
82991
82996
82997
82999
83004
83006
83008
83009
83011
83014
83015
83019
83021
83022
83023
83026
83030
83035
83039
83045
83047
83050
83052
83054
83056
83059
83060
83069
83072
83073
83076
83080
83081
83082
83083
83084
83088
83096
83097
83098
83099
83101
83106
83108
83110
83111
83113
83114
83115
83117
83122
83123
83128
83131
83132
83144
83145
83146
83150
83151
83152
83153
83155
83157
83158
83160
83164
83166
83167
83184
83185
83186
83190
83193
83195
83197
83198
83201
83203
83204
83207
83208
83210
83212
83214
83218
83220
83223
83224
83225
83226
83228
83229
83230
83233
83238
83241
83244
83245
83246
83247
83249
83253
83258
83260
83262
83264
83265
83267
83270
83272
83274
83275
83278
83285
83286
83288
83290
83295
83296
83305
83312
83313
83321
83322
83327
83330
83331
83336
83341
83342
83343
83347
83351
83352
83355
83358
83359
83361
83367
83371
83372
83374
83379
83380
83385
83390
83391
83394
83398
83399
83412
83417
83420
83421
83422
83427
83428
83432
83434
83437
83440
83441
83443
83445
83446
83449
83452
83457
83462
83465
83469
83476
83477
83485
83486
83487
83489
83492
83493
83494
83495
83497
83499
83501
83503
83509
83512
83513
83514
83515
83517
83519
83520
83521
83523
83526
83530
83531
83534
83535
83537
83538
83542
83546
83548
83549
83550
83551
83553
83554
83557
83559
83561
83562
83564
83565
83567
83568
83574
83575
83576
83578
83580
83582
83585
83590
83592
83593
83597
83599
83601
83602
83603
83606
83608
83609
83613
83616
83617
83618
83620
83623
83631
83632
83633
83636
83639
83641
83642
83646
83647
83648
83650
83651
83652
83660
83662
83663
83667
83671
83673
83677
83681
83686
83687
83688
83690
83694
83695
83698
83704
83706
83708
83711
83712
83714
83716
83717
83718
83719
83722
83729
83731
83735
83739
83743
83744
83750
83751
83754
83757
83758
83760
83762
83764
83765
83770
83777
83778
83782
83784
83787
83788
83790
83793
83794
83795
83797
83800
83808
83811
83812
83814
83817
83823
83824
83827
83828
83838
83840
83841
83842
83847
83848
83849
83851
83853
83855
83857
83858
83861
83863
83866
83868
83870
83871
83874
83876
83878
83879
83881
83882
83885
83888
83889
83893
83894
83895
83896
83901
83902
83903
83905
83907
83909
83910
83915
83917
83920
83921
83925
83926
83928
83929
83932
83934
83935
83937
83938
83943
83945
83947
83949
83951
83952
83954
83957
83964
83967
83968
83971
83973
83974
83975
83976
83977
83978
83982
83983
83985
83986
83988
83989
83994
83996
84000
84003
84008
84010
84012
84014
84017
84019
84026
84027
84029
84033
84035
84037
84039
84040
84041
84047
84048
84049
84050
84057
84058
84068
84069
84071
84072
84073
84074
84076
84079
84084
84086
84092
84094
84095
84099
84106
84107
84109
84112
84113
84114
84116
84120
84124
84130
84134
84135
84138
84140
84145
84146
84150
84152
84158
84160
84163
84164
84169
84176
84179
84185
84186
84189
84192
84194
84195
84198
84199
84201
84203
84206
84207
84208
84209
84212
84218
84220
84222
84225
84226
84228
84229
84232
84234
84237
84239
84243
84244
84247
84249
84250
84254
84257
84265
84267
84271
84272
84273
84274
84277
84278
84280
84282
84285
84286
84292
84294
84295
84297
84298
84299
84302
84303
84309
84310
84311
84313
84314
84318
84321
84323
84324
84326
84328
84331
84332
84333
84338
84339
84340
84342
84348
84350
84352
84353
84354
84356
84357
84361
84362
84363
84364
84367
84369
84370
84381
84384
84387
84388
84389
84390
84391
84393
84395
84396
84401
84404
84407
84408
84417
84418
84419
84422
84425
84426
84429
84433
84435
84441
84443
84444
84445
84446
84448
84450
84452
84455
84457
84458
84459
84464
84466
84469
84471
84473
84474
84477
84481
84484
84486
84488
84489
84493
84494
84497
84500
84501
84502
84504
84507
84508
84513
84522
84527
84529
84532
84533
84535
84536
84537
84538
84540
84541
84544
84545
84546
84550
84552
84554
84562
84563
84564
84565
84569
84570
84571
84573
84575
84576
84577
84580
84582
84584
84586
84589
84591
84592
84595
84596
84601
84604
84607
84609
84612
84618
84620
84623
84624
84631
84632
84634
84635
84636
84637
84638
84640
84642
84643
84644
84645
84646
84647
84648
84654
84655
84658
84659
84661
84664
84668
84670
84678
84680
84681
84686
84691
84692
84693
84697
84698
84699
84705
84707
84709
84715
84717
84718
84720
84721
84723
84724
84725
84727
84728
84731
84736
84744
84745
84746
84748
84749
84750
84751
84753
84755
84760
84762
84766
84767
84768
84770
84772
84776
84779
84780
84787
84788
84791
84792
84796
84801
84805
84810
84811
84815
84816
84817
84818
84819
84823
84824
84828
84831
84833
84836
84839
84842
84845
84853
84854
84855
84860
84863
84865
84866
84871
84872
84874
84875
84878
84879
84881
84887
84889
84890
84891
84893
84894
84895
84898
84901
84905
84906
84907
84909
84910
84911
84916
84917
84919
84921
84923
84926
84930
84931
84932
84934
84935
84938
84941
84944
84946
84948
84951
84954
84957
84961
84964
84969
84972
84973
84974
84976
84979
84991
84995
85000
85001
85005
85008
85009
85015
85016
85017
85023
85024
85025
85031
85033
85037
85041
85042
85043
85044
85047
85050
85054
85057
85062
85072
85073
85074
85075
85084
85086
85087
85088
85091
85092
85095
85099
85101
85103
85105
85107
85108
85111
85113
85119
85120
85123
85126
85139
85140
85141
85144
85145
85146
85148
85154
85156
85160
85163
85166
85175
85176
85177
85178
85181
85183
85186
85187
85189
85190
85193
85194
85196
85200
85205
85210
85212
85216
85219
85222
85223
85224
85225
85227
85228
85229
85234
85235
85236
85238
85248
85249
85250
85251
85252
85254
85256
85264
85265
85266
85267
85270
85276
85281
85284
85285
85286
85287
85288
85289
85292
85295
85298
85300
85305
85311
85314
85317
85318
85319
85322
85324
85326
85339
85343
85346
85347
85348
85349
85351
85353
85354
85357
85358
85360
85363
85364
85365
85366
85367
85376
85377
85378
85379
85381
85382
85383
85384
85388
85392
85393
85399
85401
85403
85404
85406
85410
85413
85414
85416
85419
85420
85421
85425
85427
85428
85429
85432
85433
85434
85435
85436
85437
85446
85457
85458
85460
85464
85465
85469
85471
85473
85475
85476
85477
85479
85482
85486
85491
85492
85495
85497
85501
85502
85503
85505
85510
85514
85517
85518
85521
85522
85524
85526
85527
85529
85542
85545
85549
85550
85552
85557
85558
85559
85562
85564
85567
85568
85569
85571
85575
85579
85583
85585
85586
85596
85597
85598
85599
85600
85601
85603
85608
85609
85611
85612
85613
85614
85615
85616
85617
85620
85621
85623
85625
85628
85632
85634
85639
85641
85643
85644
85646
85647
85648
85649
85654
85656
85657
85659
85660
85662
85663
85666
85673
85676
85677
85679
85681
85683
85685
85690
85695
85703
85708
85715
85721
85723
85728
85735
85739
85741
85745
85747
85750
85751
85759
85760
85763
85765
85769
85770
85773
85774
85775
85776
85779
85783
85784
85787
85789
85791
85795
85797
85799
85800
85802
85804
85806
85808
85811
85813
85815
85817
85820
85822
85823
85826
85827
85830
85831
85832
85836
85838
85841
85842
85843
85849
85850
85855
85858
85859
85862
85863
85864
85866
85868
85870
85875
85877
85881
85884
85886
85891
85892
85893
85894
85895
85898
85901
85903
85904
85905
85906
85910
85912
85922
85929
85933
85936
85937
85938
85941
85943
85945
85946
85950
85957
85958
85959
85962
85966
85968
85970
85972
85973
85975
85978
85979
85982
85983
85984
85986
85987
85988
85993
85994
86000
86003
86004
86006
86007
86016
86017
86018
86024
86027
86029
86034
86035
86036
86037
86039
86043
86045
86046
86047
86048
86055
86056
86060
86062
86063
86064
86072
86074
86077
86080
86083
86084
86091
86100
86103
86105
86106
86107
86113
86115
86116
86117
86120
86121
86122
86124
86125
86126
86130
86133
86134
86135
86140
86142
86143
86153
86155
86157
86158
86159
86160
86161
86162
86166
86168
86170
86173
86174
86180
86184
86186
86190
86193
86196
86198
86201
86204
86210
86214
86216
86217
86219
86220
86223
86225
86226
86227
86228
86231
86232
86234
86236
86237
86244
86250
86252
86254
86258
86261
86262
86263
86265
86268
86271
86272
86274
86275
86277
86279
86280
86284
86286
86287
86294
86295
86297
86300
86301
86302
86303
86305
86306
86307
86308
86310
86315
86316
86317
86321
86323
86324
86325
86326
86329
86330
86333
86335
86338
86340
86341
86343
86344
86346
86348
86351
86353
86354
86355
86361
86364
86365
86366
86370
86372
86373
86374
86376
86377
86378
86379
86381
86385
86387
86389
86394
86399
86400
86403
86405
86406
86408
86410
86412
86414
86416
86417
86418
86420
86423
86424
86425
86433
86436
86442
86443
86445
86448
86452
86455
86463
86466
86468
86469
86472
86473
86478
86479
86491
86497
86498
86499
86504
86507
86508
86511
86512
86513
86514
86518
86520
86522
86523
86526
86527
86528
86531
86534
86536
86538
86539
86541
86542
86543
86544
86546
86549
86552
86554
86555
86560
86561
86569
86570
86573
86585
86586
86587
86591
86593
86595
86598
86602
86607
86608
86611
86613
86615
86616
86621
86622
86623
86624
86626
86628
86630
86631
86635
86636
86641
86642
86644
86646
86648
86651
86653
86655
86659
86662
86665
86667
86670
86671
86675
86676
86679
86685
86688
86689
86694
86695
86697
86704
86705
86707
86708
86711
86715
86717
86720
86722
86724
86725
86726
86730
86731
86738
86740
86742
86743
86745
86746
86748
86750
86751
86753
86756
86760
86763
86764
86771
86774
86776
86777
86778
86779
86780
86786
86787
86791
86793
86794
86795
86799
86802
86806
86809
86811
86812
86813
86816
86821
86825
86829
86833
86834
86838
86839
86840
86841
86843
86844
86849
86851
86853
86855
86857
86865
86867
86869
86876
86878
86879
86880
86882
86883
86884
86885
86887
86890
86891
86892
86897
86903
86906
86907
86908
86914
86916
86919
86922
86925
86926
86932
86933
86934
86935
86938
86940
86944
86948
86951
86952
86954
86956
86957
86961
86962
86965
86966
86967
86970
86973
86979
86982
86983
86985
86988
86990
86996
86997
86999
87006
87007
87008
87009
87011
87019
87020
87029
87030
87033
87040
87041
87045
87052
87054
87055
87057
87064
87066
87069
87073
87075
87076
87081
87086
87089
87096
87098
87099
87103
87104
87106
87108
87109
87110
87114
87115
87116
87117
87119
87120
87125
87128
87129
87130
87132
87135
87137
87138
87140
87147
87150
87155
87157
87160
87166
87171
87172
87173
87174
87175
87179
87181
87187
87190
87192
87194
87197
87202
87203
87206
87207
87208
87210
87211
87214
87228
87229
87236
87241
87242
87244
87245
87247
87250
87256
87257
87262
87264
87266
87269
87275
87276
87278
87279
87281
87285
87286
87293
87298
87301
87303
87306
87309
87311
87312
87313
87314
87317
87319
87326
87327
87330
87336
87337
87338
87341
87342
87343
87345
87350
87351
87354
87357
87360
87363
87364
87365
87366
87367
87369
87370
87374
87377
87378
87382
87388
87393
87395
87396
87398
87400
87410
87411
87413
87416
87419
87420
87422
87423
87424
87425
87429
87433
87435
87437
87438
87439
87442
87443
87444
87445
87447
87451
87457
87459
87460
87461
87464
87465
87470
87473
87474
87476
87477
87478
87480
87481
87485
87489
87500
87502
87506
87508
87510
87511
87512
87513
87520
87522
87528
87533
87543
87546
87547
87551
87554
87557
87558
87565
87567
87568
87569
87571
87572
87576
87578
87579
87582
87583
87592
87593
87598
87599
87600
87602
87604
87606
87607
87608
87609
87610
87616
87619
87622
87623
87625
87627
87632
87641
87643
87644
87650
87653
87654
87655
87656
87659
87662
87663
87667
87668
87670
87672
87678
87680
87682
87687
87689
87694
87695
87701
87703
87706
87709
87710
87715
87716
87719
87723
87725
87731
87737
87738
87740
87743
87748
87749
87751
87756
87757
87759
87760
87761
87763
87773
87774
87775
87778
87779
87780
87781
87783
87784
87785
87788
87789
87791
87792
87795
87797
87801
87802
87804
87807
87810
87811
87814
87817
87818
87819
87822
87825
87826
87828
87829
87830
87834
87838
87840
87841
87842
87849
87850
87852
87853
87855
87856
87862
87864
87867
87869
87870
87871
87874
87875
87882
87883
87884
87888
87890
87892
87894
87900
87910
87911
87920
87922
87923
87927
87928
87929
87930
87931
87933
87936
87937
87939
87941
87942
87952
87953
87956
87959
87960
87964
87965
87967
87968
87970
87972
87973
87975
87976
87979
87980
87984
87986
87990
87991
87995
87996
87998
87999
88000
88004
88010
88012
88013
88015
88017
88022
88027
88030
88034
88037
88038
88039
88043
88045
88047
88055
88059
88061
88064
88066
88071
88072
88073
88075
88081
88085
88086
88088
88090
88091
88092
88093
88094
88095
88098
88099
88100
88104
88105
88108
88110
88114
88118
88119
88121
88125
88126
88130
88132
88133
88138
88142
88144
88146
88149
88156
88158
88162
88164
88166
88173
88178
88180
88181
88182
88183
88185
88186
88192
88193
88194
88198
88200
88201
88205
88215
88216
88217
88218
88219
88223
88225
88228
88232
88233
88234
88243
88247
88251
88257
88259
88262
88268
88273
88274
88278
88279
88280
88281
88282
88290
88294
88295
88296
88300
88301
88302
88308
88310
88311
88312
88313
88315
88318
88321
88322
88325
88326
88328
88337
88340
88341
88343
88346
88350
88351
88353
88356
88357
88361
88362
88367
88369
88375
88378
88379
88383
88385
88386
88387
88388
88392
88394
88396
88401
88408
88410
88418
88419
88422
88423
88425
88428
88429
88432
88442
88445
88447
88448
88449
88450
88451
88452
88453
88454
88455
88456
88458
88461
88463
88465
88466
88469
88473
88474
88475
88476
88477
88478
88480
88481
88484
88485
88486
88488
88490
88499
88501
88502
88512
88513
88515
88517
88520
88522
88526
88528
88529
88530
88533
88537
88540
88541
88544
88548
88550
88551
88554
88555
88556
88558
88560
88563
88566
88567
88569
88573
88576
88584
88585
88591
88592
88594
88600
88603
88605
88606
88609
88610
88613
88617
88622
88623
88629
88631
88632
88633
88634
88637
88639
88641
88643
88649
88650
88651
88655
88656
88665
88666
88668
88670
88673
88675
88678
88679
88680
88696
88698
88700
88704
88705
88712
88713
88715
88717
88720
88724
88732
88733
88734
88735
88737
88739
88744
88747
88749
88752
88753
88757
88760
88764
88765
88766
88768
88770
88782
88785
88787
88790
88793
88794
88797
88803
88807
88812
88814
88816
88824
88826
88827
88828
88830
88833
88834
88841
88842
88844
88847
88849
88850
88851
88854
88855
88858
88861
88866
88869
88870
88872
88875
88876
88877
88879
88881
88884
88891
88894
88898
88900
88905
88907
88912
88913
88917
88918
88919
88931
88934
88936
88942
88943
88945
88948
88953
88960
88962
88963
88965
88966
88969
88970
88971
88975
88977
88978
88980
88982
88983
88984
88986
88988
88989
88990
88992
88995
88996
88998
88999
89001
89002
89008
89009
89012
89014
89015
89018
89030
89031
89032
89036
89039
89041
89051
89053
89060
89063
89067
89068
89072
89077
89079
89081
89082
89084
89088
89089
89092
89095
89096
89099
89102
89105
89106
89109
89111
89113
89115
89117
89118
89121
89122
89123
89124
89126
89130
89132
89133
89137
89139
89141
89145
89146
89147
89148
89152
89153
89155
89160
89161
89165
89178
89179
89181
89183
89187
89190
89192
89193
89194
89205
89218
89222
89225
89227
89230
89234
89235
89237
89241
89245
89248
89250
89251
89253
89254
89255
89257
89259
89261
89263
89264
89265
89266
89270
89271
89274
89276
89277
89285
89286
89287
89288
89291
89292
89293
89295
89298
89299
89301
89303
89304
89305
89308
89311
89312
89314
89317
89320
89321
89322
89324
89326
89327
89328
89329
89331
89338
89346
89350
89351
89363
89364
89365
89366
89368
89370
89374
89378
89382
89383
89386
89387
89388
89389
89392
89399
89403
89409
89413
89415
89417
89420
89422
89426
89427
89430
89432
89434
89435
89439
89440
89441
89443
89445
89454
89456
89458
89462
89463
89464
89471
89477
89478
89480
89482
89483
89484
89489
89490
89493
89494
89495
89497
89500
89503
89506
89507
89508
89513
89516
89518
89519
89524
89529
89531
89532
89534
89536
89537
89540
89542
89543
89546
89549
89550
89551
89552
89553
89560
89562
89563
89574
89577
89578
89582
89583
89586
89593
89595
89596
89597
89598
89599
89600
89603
89604
89606
89609
89616
89617
89620
89621
89622
89625
89629
89630
89635
89637
89639
89645
89647
89650
89653
89655
89657
89660
89664
89676
89678
89679
89681
89683
89684
89691
89692
89693
89695
89696
89699
89705
89706
89708
89710
89716
89722
89723
89724
89725
89728
89729
89730
89731
89732
89736
89742
89743
89745
89746
89751
89752
89755
89759
89760
89762
89763
89764
89766
89768
89769
89776
89781
89782
89783
89784
89785
89787
89788
89793
89795
89796
89799
89801
89807
89810
89817
89818
89826
89829
89830
89831
89832
89835
89836
89838
89842
89843
89846
89848
89850
89854
89862
89863
89871
89879
89881
89882
89892
89895
89897
89898
89899
89900
89901
89902
89904
89907
89909
89910
89914
89916
89923
89932
89934
89944
89945
89951
89954
89958
89965
89969
89976
89977
89983
89986
89990
89991
89993
89996
89997
89999
90002
90004
90005
90006
90008
90010
90012
90014
90019
90020
90021
90026
90027
90031
90032
90040
90048
90050
90051
90053
90054
90062
90069
90070
90072
90082
90085
90086
90089
90090
90091
90092
90093
90096
90097
90101
90105
90106
90107
90109
90110
90111
90112
90115
90116
90117
90118
90119
90123
90125
90127
90128
90129
90130
90140
90144
90147
90148
90149
90152
90153
90154
90155
90158
90159
90163
90165
90167
90172
90173
90174
90178
90181
90182
90185
90190
90193
90197
90198
90209
90210
90211
90213
90218
90222
90226
90227
90229
90232
90237
90239
90241
90245
90251
90252
90253
90256
90258
90262
90274
90275
90276
90277
90279
90289
90290
90295
90304
90307
90308
90309
90312
90313
90315
90319
90321
90326
90328
90332
90336
90337
90350
90355
90356
90357
90359
90360
90363
90367
90370
90371
90374
90375
90377
90379
90382
90384
90385
90387
90390
90392
90394
90396
90400
90403
90405
90406
90409
90410
90418
90419
90423
90425
90438
90440
90445
90446
90448
90450
90452
90460
90463
90464
90465
90467
90468
90472
90473
90478
90479
90480
90481
90483
90484
90485
90487
90493
90494
90496
90497
90499
90500
90502
90512
90513
90514
90521
90523
90527
90532
90533
90534
90535
90536
90540
90543
90545
90546
90552
90558
90559
90560
90562
90563
90565
90572
90574
90576
90581
90582
90593
90594
90598
90599
90602
90603
90608
90609
90616
90619
90622
90624
90626
90628
90630
90634
90635
90639
90641
90642
90647
90650
90651
90654
90655
90657
90659
90660
90661
90664
90668
90673
90675
90678
90679
90684
90687
90689
90690
90691
90692
90694
90696
90700
90702
90708
90710
90712
90713
90715
90716
90718
90736
90737
90741
90744
90748
90751
90752
90758
90760
90762
90765
90766
90781
90782
90785
90787
90788
90789
90790
90792
90793
90798
90800
90804
90805
90813
90815
90821
90824
90829
90830
90832
90833
90837
90840
90841
90842
90843
90847
90851
90859
90865
90867
90875
90879
90881
90884
90885
90886
90887
90888
90889
90897
90900
90902
90906
90907
90908
90920
90922
90923
90924
90931
90934
90937
90939
90940
90942
90944
90946
90948
90950
90955
90958
90959
90960
90961
90963
90964
90966
90967
90968
90973
90975
90976
90977
90979
90980
90983
90989
90991
90998
90999
91000
91006
91009
91010
91015
91020
91022
91027
91028
91030
91032
91035
91037
91040
91044
91045
91046
91047
91050
91051
91052
91053
91057
91059
91066
91068
91070
91071
91074
91077
91078
91079
91083
91086
91087
91088
91090
91093
91094
91098
91101
91106
91107
91109
91114
91120
91121
91130
91131
91132
91133
91135
91137
91139
91140
91144
91145
91149
91151
91154
91155
91157
91159
91161
91162
91168
91169
91170
91173
91179
91181
91182
91191
91192
91193
91196
91197
91203
91207
91210
91212
91216
91220
91224
91225
91226
91230
91233
91236
91246
91247
91250
91251
91255
91257
91259
91260
91264
91266
91268
91274
91277
91278
91279
91280
91284
91285
91291
91292
91298
91300
91302
91305
91306
91311
91312
91313
91314
91315
91317
91318
91319
91323
91324
91326
91332
91337
91338
91340
91341
91342
91345
91346
91349
91351
91356
91357
91359
91360
91369
91373
91374
91384
91385
91389
91391
91392
91394
91395
91397
91399
91400
91401
91408
91409
91410
91413
91417
91420
91422
91424
91430
91431
91433
91434
91437
91438
91443
91444
91449
91451
91452
91454
91456
91458
91464
91465
91467
91469
91471
91473
91480
91483
91486
91488
91490
91493
91494
91500
91501
91508
91512
91514
91515
91521
91522
91523
91524
91526
91531
91534
91535
91539
91540
91542
91543
91545
91546
91547
91551
91552
91553
91563
91565
91566
91567
91569
91572
91575
91581
91583
91584
91585
91587
91589
91590
91595
91596
91599
91600
91601
91603
91606
91607
91609
91610
91611
91613
91614
91617
91621
91623
91625
91628
91630
91633
91635
91636
91638
91640
91647
91648
91662
91663
91671
91672
91676
91681
91685
91687
91689
91690
91692
91694
91700
91703
91704
91710
91711
91712
91720
91726
91730
91742
91746
91748
91749
91750
91751
91752
91753
91755
91756
91759
91760
91761
91765
91767
91769
91772
91773
91775
91779
91783
91786
91788
91793
91794
91796
91798
91805
91807
91808
91817
91831
91838
91839
91840
91841
91845
91847
91848
91850
91858
91860
91861
91862
91864
91867
91868
91871
91879
91880
91881
91887
91889
91892
91894
91896
91897
91899
91902
91904
91905
91907
91910
91915
91917
91918
91919
91923
91924
91926
91929
91930
91937
91938
91939
91943
91945
91947
91953
91954
91956
91958
91959
91964
91967
91968
91971
91974
91975
91976
91978
91980
91981
91982
91983
91987
91988
91989
91992
91993
91994
92003
92005
92007
92010
92011
92015
92016
92017
92019
92021
92023
92025
92033
92035
92037
92038
92041
92042
92043
92045
92046
92048
92049
92050
92051
92055
92056
92059
92060
92062
92064
92065
92068
92069
92071
92073
92075
92076
92082
92083
92085
92089
92091
92100
92103
92111
92117
92119
92120
92121
92130
92131
92135
92139
92142
92144
92146
92150
92151
92155
92156
92159
92162
92163
92164
92165
92172
92178
92180
92184
92186
92187
92188
92190
92193
92199
92201
92204
92206
92212
92213
92216
92217
92222
92223
92226
92233
92235
92236
92237
92238
92239
92241
92243
92244
92245
92247
92250
92253
92255
92256
92257
92259
92260
92262
92266
92268
92278
92279
92280
92284
92288
92290
92296
92299
92303
92304
92306
92314
92315
92320
92326
92330
92332
92335
92340
92341
92342
92344
92352
92358
92361
92362
92366
92367
92368
92371
92372
92376
92381
92382
92383
92384
92385
92397
92402
92403
92405
92410
92413
92414
92417
92418
92421
92423
92427
92429
92431
92433
92438
92440
92441
92444
92447
92448
92458
92460
92463
92464
92466
92469
92472
92473
92480
92484
92487
92488
92489
92490
92493
92494
92498
92500
92506
92520
92524
92525
92526
92527
92531
92533
92535
92536
92546
92548
92549
92550
92561
92564
92576
92578
92579
92584
92589
92590
92593
92594
92598
92606
92607
92612
92614
92615
92618
92620
92623
92624
92625
92627
92630
92631
92632
92633
92634
92637
92640
92642
92644
92648
92649
92650
92651
92652
92653
92654
92656
92659
92661
92663
92667
92673
92675
92679
92687
92689
92690
92692
92698
92700
92705
92706
92707
92711
92712
92713
92716
92720
92725
92726
92728
92730
92734
92735
92737
92739
92741
92743
92744
92747
92750
92755
92760
92762
92765
92769
92771
92773
92775
92776
92778
92781
92785
92788
92794
92795
92797
92803
92805
92810
92811
92813
92814
92818
92821
92822
92823
92824
92827
92829
92830
92831
92832
92833
92834
92836
92837
92838
92839
92840
92843
92844
92845
92852
92857
92861
92862
92863
92864
92869
92874
92884
92887
92888
92890
92895
92901
92905
92911
92912
92915
92916
92926
92927
92929
92930
92931
92937
92939
92942
92943
92944
92951
92953
92954
92956
92958
92961
92962
92963
92966
92970
92971
92974
92975
92977
92978
92981
92982
92984
92986
92987
92990
92991
92993
92994
93000
93001
93006
93008
93013
93015
93016
93017
93018
93021
93022
93023
93024
93027
93030
93032
93034
93039
93044
93046
93048
93049
93052
93053
93057
93062
93064
93065
93067
93076
93079
93080
93085
93088
93090
93092
93098
93107
93118
93119
93121
93122
93124
93128
93132
93133
93135
93137
93139
93141
93142
93144
93146
93148
93149
93154
93159
93160
93167
93169
93170
93174
93177
93180
93181
93182
93183
93184
93186
93188
93190
93193
93195
93207
93209
93210
93213
93222
93223
93227
93233
93234
93237
93238
93243
93244
93248
93249
93250
93252
93254
93256
93259
93260
93264
93269
93272
93275
93276
93279
93280
93282
93284
93285
93290
93291
93295
93301
93302
93303
93317
93319
93321
93322
93324
93328
93330
93333
93335
93336
93339
93342
93343
93351
93355
93359
93363
93364
93370
93373
93380
93383
93386
93388
93393
93395
93398
93399
93401
93402
93406
93408
93409
93413
93416
93418
93424
93426
93430
93432
93435
93436
93437
93440
93443
93445
93447
93459
93460
93461
93462
93464
93465
93467
93472
93474
93480
93485
93487
93493
93494
93495
93503
93504
93507
93511
93512
93513
93514
93516
93520
93523
93528
93529
93531
93532
93534
93536
93538
93539
93545
93548
93550
93553
93558
93560
93563
93571
93576
93580
93581
93583
93586
93587
93588
93589
93597
93602
93603
93604
93606
93608
93610
93611
93612
93615
93616
93622
93630
93631
93633
93634
93640
93641
93643
93653
93655
93657
93659
93660
93662
93669
93675
93684
93687
93689
93692
93693
93694
93697
93701
93704
93706
93712
93713
93715
93720
93729
93731
93735
93737
93738
93741
93743
93745
93746
93750
93757
93764
93766
93767
93771
93775
93778
93780
93782
93784
93788
93789
93803
93805
93806
93812
93824
93827
93828
93830
93833
93840
93842
93843
93848
93851
93853
93854
93856
93864
93865
93868
93870
93873
93878
93880
93884
93886
93887
93890
93891
93895
93896
93898
93900
93901
93902
93918
93920
93921
93922
93924
93928
93929
93931
93932
93933
93934
93935
93939
93940
93947
93952
93954
93956
93961
93962
93964
93969
93975
93979
93980
93982
93991
93992
93995
93996
93997
94002
94007
94015
94016
94018
94019
94022
94029
94031
94033
94034
94036
94037
94039
94047
94054
94057
94060
94064
94067
94074
94080
94082
94084
94085
94086
94090
94091
94096
94104
94106
94107
94109
94111
94112
94118
94122
94126
94137
94138
94140
94145
94147
94150
94151
94154
94157
94160
94162
94165
94166
94168
94170
94171
94174
94175
94177
94178
94184
94185
94187
94190
94191
94192
94195
94203
94204
94205
94206
94208
94209
94211
94212
94214
94218
94219
94221
94222
94223
94226
94228
94231
94234
94239
94244
94246
94247
94248
94252
94253
94255
94257
94260
94262
94263
94264
94270
94271
94275
94276
94281
94287
94289
94292
94299
94301
94305
94306
94307
94308
94311
94315
94318
94319
94320
94321
94323
94332
94333
94335
94337
94338
94339
94343
94345
94347
94354
94363
94365
94368
94370
94372
94374
94379
94381
94393
94394
94396
94397
94398
94399
94403
94408
94409
94411
94414
94415
94423
94425
94428
94429
94431
94432
94433
94434
94436
94439
94441
94442
94444
94450
94452
94453
94455
94458
94459
94462
94464
94465
94466
94470
94472
94475
94476
94479
94480
94487
94492
94493
94497
94498
94503
94506
94508
94510
94512
94514
94516
94517
94519
94521
94524
94525
94526
94534
94535
94536
94538
94540
94541
94542
94544
94547
94551
94553
94554
94558
94561
94562
94565
94568
94573
94575
94576
94580
94582
94585
94589
94595
94596
94597
94601
94606
94607
94608
94609
94613
94614
94618
94621
94623
94625
94627
94630
94631
94633
94639
94640
94641
94644
94646
94647
94651
94655
94662
94664
94667
94671
94674
94677
94680
94681
94684
94690
94691
94693
94698
94699
94701
94704
94705
94706
94709
94710
94713
94717
94718
94720
94722
94724
94726
94734
94735
94737
94740
94742
94750
94757
94758
94765
94766
94768
94769
94773
94774
94778
94782
94783
94792
94793
94798
94804
94807
94809
94810
94814
94817
94821
94824
94826
94832
94834
94842
94845
94848
94850
94853
94854
94858
94860
94865
94872
94873
94875
94877
94879
94884
94888
94889
94894
94899
94903
94904
94907
94909
94912
94914
94924
94927
94928
94932
94934
94937
94938
94939
94943
94946
94948
94950
94951
94953
94955
94959
94964
94967
94968
94971
94975
94982
94984
94988
94990
94991
94992
94993
94995
94999
95008
95013
95017
95026
95037
95039
95041
95044
95045
95046
95048
95049
95051
95054
95057
95066
95067
95069
95070
95071
95072
95074
95077
95078
95081
95085
95088
95091
95093
95095
95102
95104
95107
95113
95114
95116
95121
95124
95125
95127
95133
95134
95135
95141
95146
95153
95154
95156
95161
95162
95166
95169
95171
95177
95178
95179
95180
95183
95185
95188
95193
95197
95199
95200
95202
95203
95204
95205
95207
95208
95210
95211
95215
95216
95217
95218
95220
95223
95224
95225
95227
95229
95230
95232
95233
95235
95238
95242
95245
95247
95249
95250
95252
95254
95255
95258
95259
95260
95264
95265
95269
95272
95279
95288
95291
95293
95294
95295
95296
95301
95303
95305
95308
95319
95322
95324
95328
95329
95331
95332
95333
95334
95336
95340
95342
95343
95344
95347
95349
95356
95361
95363
95364
95365
95366
95369
95371
95373
95376
95377
95380
95381
95385
95386
95388
95392
95397
95400
95401
95403
95405
95408
95409
95410
95413
95415
95417
95420
95422
95424
95429
95430
95431
95432
95436
95437
95439
95446
95449
95451
95454
95455
95456
95457
95461
95462
95464
95467
95469
95471
95473
95476
95482
95486
95493
95495
95496
95497
95500
95501
95502
95503
95513
95516
95519
95521
95530
95531
95540
95542
95545
95548
95549
95552
95554
95555
95558
95559
95565
95566
95567
95568
95569
95571
95572
95573
95577
95578
95582
95586
95591
95594
95601
95602
95603
95604
95609
95610
95613
95619
95620
95623
95628
95629
95632
95633
95635
95636
95637
95639
95640
95642
95648
95649
95651
95652
95654
95657
95659
95662
95665
95666
95667
95668
95671
95676
95677
95681
95683
95686
95688
95692
95696
95700
95705
95712
95714
95718
95735
95741
95744
95772
95779
95826
95874
95879
95913
95949
95976
96049
96064
96069
96123
96129
96187
96204
96226
96328
96339
96342
96498
96553
96696
96724
96733
96746
96748
96798
96845
96884
97101
97188
97211
97215
97237
97317
97319
97401
97423
97485
97486
97874
97913
97938
98153
98222
98462
98604
98605
98625
98642
98682
98772
99194
99250
99366
99445
99476
99755
99793
99986
100353
100653
101026
101588
101625
101681
101871
102095
102177
103135
103200
103715
103725
104285
104395
105495
108543
109262
109364
110240
110257
110307
110334
110552
110635
111320
111461
112415
112512
112760
112777
113667
113672
114879
115830
119721
122382
127635
129278
129619
132266
133653
143589
148275
148276
148284
148294
148303
148324
148344
148357
148360
148377
148389
148467
148490
148505
148518
148536
148545
148561
148562
148563
148574
148588
148596
148627
148628
148654
148675
148699
148704
148726
148730
148763
148769
148775
148807
148808
148810
148844
148849
148870
148883
148886
148926
148929
148971
148975
148989
148993
148994
149039
149046
149056
149076
149089
149095
149099
149109
149115
149117
149139
149147
149165
149171
149173
149174
149180
149183
149248
149250
149255
149303
149304
149357
149358
149360
149380
149392
149448
149482
149483
149485
149529
149574
149590
149604
149608
149619
149620
149663
149686
149752
149753
149754
149756
149767
149781
149783
149785
149837
149900
149902
149968
149969
149984
150001
150003
150005
150012
150106
150109
150138
150199
150201
150207
150208
150209
150217
150223
150226
150229
150234
150357
150368
150483
150484
150494
150522
150523
150541
150703
150715
150870
150881
150886
150888
150896
150906
150922
150988
151207
151313
151338
151346
151353
151360
151364
151370
151371
151375
151402
151600
151602
151937
152034
152044
152053
152074
152077
152081
152084
152087
152095
152096
152098
152101
152107
152108
152116
152120
152123
152127
152173
152183
152368
152468
152571
152637
152650
152657
152707
152738
152751
152755
152900
152950
152954
153039
153054
153061
153065
153066
153070
153089
153093
153102
153107
153111
153122
153131
153135
153146
153150
153181
153213
153217
153219
153250
153254
153325
153396
153471
153492
153500
153533
153598
153819
153825
153836
153841
153876
153950
154014
154099
154120
154131
154134
154150
154170
154179
154207
154230
154231
154237
154243
154338
154391
154402
154420
154431
154438
154460
154491
154495
154516
154546
154572
154591
154611
154617
154681
154720
154734
154766
154782
154789
154812
154824
154833
154845
154853
154860
154869
154879
154892
154900
154909
154914
154915
154924
154928
154933
154935
154953
154954
154969
154980
154983
154988
154990
154995
155005
155029
155052
155059
155072
155126
155140
155167
155238
155248
155254
155280
155300
155311
155323
155334
155355
155361
155377
155402
155410
155415
155436
155438
155601
155604
155626
155628
155659
155672
155723
155738
155749
155766
155767
155769
155785
155837
155875
155884
155919
155925
155936
155943
155999
156004
156066
156086
156093
156103
156141
156171
156216
156252
156262
156265
156301
156307
156334
156347
156387
156391
156439
156455
156470
156478
156490
156505
156532
156546
156556
156571
156601
156614
156663
156666
156686
156709
156716
156722
156723
156779
156801
156824
156826
156885
156905
156923
156926
156930
156940
156961
156983
156988
156993
156994
156998
156999
157009
157030
157035
157040
157044
157047
157057
157115
157141
157152
157161
157167
157205
157216
157242
157243
157285
157299
157326
157332
157342
157349
157364
157393
157399
157402
157419
157421
157423
157449
157457
157466
157470
157478
157482
157486
157498
157521
157526
157648
157671
157681
157702
157703
157711
157732
157738
157748
157761
157807
157818
157832
157867
157873
157882
157912
157924
157925
157932
157946
157955
157958
157967
157972
157988
158038
158039
158069
158070
158072
158091
158124
158129
158134
158148
158162
158171
158190
158211
158215
158222
158253
158270
158279
158286
158313
158381
158386
158433
158473
158492
158496
158534
158545
158549
158564
158578
158584
158586
158630
158651
158677
158738
158740
158748
158749
158752
158753
158763
158768
158772
158777
158785
158797
158805
158814
158815
158819
158820
158825
158830
158838
158842
158849
158855
158871
158883
158894
158916
158919
158926
158928
158931
158947
158949
158969
158974
158976
158979
159005
159006
159010
159029
159034
159051
159072
159089
159097
159102
159105
159127
159130
159142
159153
159155
159156
159176
159183
159195
159217
159220
159241
159250
159251
159272
159291
159295
159303
159341
159365
159367
159378
159379
159384
159401
159404
159405
159410
159431
159440
159471
159491
159511
159521
159525
159534
159543
159553
159570
159578
159582
159599
159602
159609
159641
159649
159716
159723
159746
159798
159813
159840
159856
159861
159878
159909
159917
159927
159931
160014
160037
160039
160045
160054
160058
160061
160083
160085
160119
160170
160173
160174
160176
160187
160188
160202
160204
160209
160218
160224
160253
160255
160256
160257
160263
160274
160283
160289
160318
160330
160333
160335
160356
160370
160373
160381
160384
160398
160399
160446
160474
160481
160499
160513
160605
160608
160626
160637
160646
160653
160657
160680
160700
160705
160719
160726
160740
160742
160759
160767
160775
160784
160790
160797
160812
160828
160835
160836
160843
160845
160856
160857
160864
160867
160889
160891
160897
160907
160933
160954
160960
160965
160971
160977
160994
161011
161031
161041
161058
161063
161075
161090
161102
161116
161157
161162
161175
161177
161201
161224
161229
161253
161265
161269
161274
161281
161282
161305
161312
161340
161349
161369
161371
161377
161382
161398
161400
161431
161440
161442
161480
161483
161512
161516
161519
161538
161544
161552
161581
161585
161593
161596
161619
161629
161631
161657
161687
161704
161714
161746
161760
161774
161795
161821
161824
161844
161847
161848
161854
161903
161909
161910
161928
161931
161955
161961
161979
161981
162014
162016
162017
162030
162080
162082
162084
162098
162099
162109
162114
162122
162131
162136
162148
162174
162183
162193
162197
162207
162228
162231
162236
162239
162277
162285
162296
162302
162319
162344
162347
162365
162368
162381
162391
162399
162405
162423
162434
162435
162447
162452
162462
162477
162482
162484
162488
162498
162524
162531
162551
162590
162600
162605
162612
162617
162619
162622
162626
162641
162648
162665
162666
162679
162705
162721
162735
162744
162754
162756
162759
162764
162780
162808
162825
162852
162866
162871
162886
162888
162889
162908
162932
162973
162987
162991
162995
162997
163011
163017
163030
163046
163053
163056
163061
163103
163142
163144
163151
163152
163153
163159
163166
163176
163185
163197
163200
163206
163212
163218
163228
163231
163232
163255
163261
163280
163282
163296
163312
163331
163344
163350
163358
163364
163368
163369
163372
163380
163390
163401
163405
163409
163412
163414
163430
163448
163449
163478
163484
163487
163495
163502
163512
163514
163528
163539
163543
163557
163566
163575
163580
163584
163605
163638
163689
163693
163694
163696
163706
163715
163719
163721
163729
163752
163754
163772
163780
163806
163812
163814
163828
163834
163836
163845
163849
163876
163899
163910
163925
163935
163936
163941
163942
163956
163960
163970
163981
163993
164010
164013
164014
164016
164022
164033
164046
164052
164054
164055
164081
164100
164106
164120
164132
164137
164153
164156
164162
164174
164180
164182
164197
164206
164226
164236
164238
164253
164260
164275
164289
164291
164295
164304
164310
164338
164359
164360
164365
164369
164377
164379
164401
164404
164406
164411
164414
164419
164433
164438
164439
164447
164449
164465
164475
164488
164489
164497
164509
164516
164559
164562
164565
164577
164583
164599
164633
164662
164671
164672
164680
164696
164700
164728
164732
164740
164744
164753
164757
164765
164807
164817
164840
164847
164855
164856
164879
164889
164901
164902
164910
164927
164935
164957
164962
164971
164975
164993
165010
165024
165025
165030
165037
165089
165091
165093
165098
165104
165126
165139
165151
165187
165222
165223
165224
165235
165236
165243
165247
165261
165264
165272
165295
165308
165411
165416
165429
165435
165438
165446
165452
165472
165478
165499
165522
165537
165547
165553
165554
165563
165582
165621
165626
165628
165644
165648
165659
165663
165680
165691
165739
165806
165821
165836
165843
165860
165862
165863
165879
165900
165923
165936
165947
165949
166007
166009
166019
166028
166033
166039
166060
166074
166133
166137
166140
166152
166161
166183
166192
166207
166211
166213
166214
166230
166233
166236
166251
166256
166272
166301
166305
166306
166309
166314
166336
166351
166354
166371
166397
166412
166426
166429
166439
166441
166456
166468
166494
166511
166517
166522
166545
166565
166568
166575
166588
166594
166602
166619
166623
166666
166682
166692
166716
166762
166770
166771
166775
166802
166805
166844
166848
166867
166870
166875
166884
166926
166937
166941
166945
166960
166962
167005
167020
167027
167033
167067
167103
167115
167116
167151
167157
167164
167167
167172
167202
167223
167240
167248
167250
167258
167274
167288
167294
167319
167348
167376
167381
167393
167395
167401
167427
167428
167475
167494
167509
167510
167532
167534
167569
167584
167588
167600
167602
167607
167632
167633
167647
167649
167650
167661
167680
167682
167684
167705
167739
167742
167750
167777
167787
167818
167823
167836
167862
167868
167890
167917
167935
167967
167982
167999
168001
168014
168037
168103
168160
168161
168163
168194
168237
168241
168245
168292
168293
168300
168318
168321
168355
168372
168436
168445
168458
168459
168482
168531
168552
168554
168556
168559
168573
168575
168642
168671
168673
168687
168694
168699
168709
168720
168723
168734
168741
168773
168780
168783
168806
168889
168915
168945
168949
168951
168961
168971
168975
168977
168979
168987
168991
169011
169023
169054
169056
169092
169095
169103
169108
169111
169114
169116
169120
169130
169134
169143
169150
169169
169183
169185
169189
169199
169222
169224
169227
169246
169247
169286
169300
169318
169347
169350
169361
169386
169389
169394
169396
169415
169417
169425
169484
169518
169533
169553
169577
169606
169612
169614
169615
169619
169629
169639
169641
169650
169675
169699
169706
169719
169721
169722
169728
169742
169760
169795
169796
169797
169800
169814
169817
169818
169822
169882
169892
169917
169932
169938
169941
169977
169983
170016
170021
170053
170073
170075
170098
170103
170127
170147
170153
170164
170166
170204
170211
170212
170245
170247
170253
170264
170286
170330
170342
170367
170375
170400
170410
170453
170465
170472
170484
170497
170528
170531
170533
170546
170561
170570
170582
170584
170598
170620
170646
170651
170652
170653
170658
170660
170664
170667
170686
170693
170719
170748
170782
170785
170795
170800
170803
170824
170834
170859
170890
170894
170908
170954
170971
171014
171017
171059
171098
171100
171151
171161
171171
171176
171204
171220
171227
171233
171253
171270
171277
171291
171318
171326
171349
171354
171356
171359
171364
171381
171397
171399
171401
171432
171442
171446
171449
171454
171458
171460
171468
171493
171520
171531
171544
171565
171588
171613
171635
171661
171670
171682
171690
171694
171716
171748
171753
171769
171784
171786
171803
171806
171812
171824
171832
171836
171837
171893
171908
171938
171962
171970
171974
171977
171995
172020
172031
172044
172064
172080
172083
172089
172091
172093
172098
172104
172118
172141
172153
172158
172178
172183
172206
172214
172219
172226
172253
172267
172285
172286
172293
172299
172305
172306
172341
172361
172385
172445
172468
172475
172498
172499
172503
172581
172585
172605
172614
172630
172634
172646
172649
172723
172732
172738
172753
172755
172781
172797
172812
172830
172834
172871
172876
172894
172920
172941
172955
172960
172981
172983
172984
172996
173029
173038
173041
173048
173053
173062
173085
173105
173122
173123
173124
173145
173160
173164
173175
173181
173206
173236
173264
173275
173291
173315
173351
173358
173362
173392
173397
173398
173448
173462
173470
173495
173545
173562
173574
173589
173600
173617
173635
173651
173654
173656
173667
173681
173698
173740
173741
173743
173759
173772
173774
173775
173791
173830
173878
173920
173935
173941
173957
173968
173976
173977
173994
174010
174018
174036
174069
174070
174083
174090
174095
174109
174120
174132
174168
174173
174176
174177
174183
174198
174216
174222
174244
174271
174282
174285
174290
174309
174338
174347
174367
174375
174393
174400
174415
174450
174468
174503
174506
174514
174532
174534
174539
174541
174548
174560
174569
174571
174575
174616
174620
174625
174626
174664
174678
174679
174681
174695
174697
174713
174714
174726
174746
174753
174776
174785
174786
174789
174795
174803
174817
174843
174875
174908
174912
174938
174945
174972
174979
175004
175005
175009
175010
175018
175026
175030
175040
175043
175056
175065
175066
175080
175086
175125
175126
175130
175137
175139
175150
175152
175168
175177
175189
175199
175253
175256
175261
175263
175267
175268
175273
175291
175337
175364
175392
175393
175421
175432
175435
175441
175452
175458
175483
175492
175512
175519
175523
175543
175548
175559
175565
175570
175575
175592
175627
175651
175656
175671
175672
175675
175678
175694
175696
175715
175726
175757
175762
175796
175798
175815
175834
175840
175842
175858
175862
175864
175865
175866
175873
175879
175893
175895
175911
175917
175926
175941
175967
175975
176010
176013
176053
176057
176067
176070
176071
176079
176088
176102
176109
176120
176152
176162
176178
176182
176191
176206
176217
176219
176228
176230
176232
176247
176259
176272
176308
176315
176318
176334
176361
176364
176374
176377
176384
176387
176439
176447
176460
176500
176517
176526
176535
176541
176547
176549
176550
176563
176565
176586
176591
176595
176597
176633
176645
176655
176659
176667
176686
176689
176715
176727
176729
176742
176758
176759
176761
176862
176877
176884
176892
176904
176906
176909
176923
176925
176940
176946
176968
176972
176995
176996
177008
177025
177032
177034
177039
177053
177065
177069
177076
177088
177097
177099
177123
177130
177132
177141
177170
177174
177184
177198
177209
177218
177230
177234
177244
177272
177273
177274
177279
177280
177289
177315
177320
177321
177328
177338
177351
177360
177377
177393
177398
177417
177422
177461
177469
177470
177471
177478
177485
177500
177508
177512
177519
177522
177560
177571
177586
177595
177601
177621
177631
177632
177647
177652
177653
177660
177665
177670
177686
177688
177722
177724
177737
177751
177760
177779
177780
177785
177794
177809
177810
177821
177838
177857
177883
177885
177893
177911
177921
177932
177950
177955
177956
177963
177974
177990
177999
178006
178013
178024
178037
178048
178054
178080
178103
178107
178109
178121
178122
178124
178163
178167
178175
178176
178185
178202
178224
178229
178255
178256
178264
178285
178288
178307
178310
178326
178334
178337
178341
178342
178344
178347
178349
178350
178351
178358
178368
178369
178370
178373
178381
178390
178391
178399
178442
178463
178466
178478
178490
178499
178504
178518
178542
178555
178563
178590
178599
178620
178624
178633
178642
178649
178655
178685
178686
178687
178691
178709
178737
178738
178758
178766
178775
178789
178790
178814
178816
178833
178837
178838
178848
178866
178879
178894
178895
178905
178909
178922
178939
178947
178951
178970
178975
178976
178982
178985
178988
179017
179024
179041
179090
179094
179121
179125
179126
179140
179164
179169
179187
179190
179192
179196
179199
179210
179214
179249
179254
179258
179263
179264
179273
179285
179300
179314
179320
179326
179328
179331
179338
179339
179340
179342
179343
179365
179369
179380
179381
179395
179403
179410
179412
179418
179420
179424
179429
179436
179452
179456
179463
179471
179492
179495
179508
179513
179538
179558
179560
179577
179581
179586
179610
179614
179620
179623
179632
179666
179669
179673
179685
179700
179716
179717
179718
179743
179752
179779
179802
179807
179819
179824
179829
179831
179842
179855
179871
179877
179884
179886
179893
179896
179899
179908
179911
179921
179924
179928
179964
179973
179986
180012
180018
180019
180022
180023
180035
180054
180072
180075
180076
180106
180108
180122
180140
180151
180159
180161
180178
180183
180202
180204
180212
180218
180225
180228
180265
180271
180282
180307
180320
180338
180376
180388
180396
180406
180416
180421
180437
180438
180446
180471
180473
180481
180494
180503
180507
180520
180522
180534
180545
180548
180555
180616
180618
180670
180671
180697
180699
180700
180731
180732
180735
180751
180755
180756
180758
180768
180774
180784
180808
180831
180835
180857
180859
180872
180875
180890
180893
180938
180995
181000
181008
181013
181028
181059
181067
181088
181093
181110
181125
181126
181146
181159
181162
181163
181175
181181
181201
181202
181220
181238
181245
181269
181279
181282
181283
181284
181291
181299
181314
181343
181349
181368
181385
181394
181400
181404
181409
181429
181431
181440
181444
181459
181464
181474
181475
181483
181488
181509
181522
181539
181546
181556
181560
181563
181605
181610
181612
181627
181636
181647
181652
181653
181666
181669
181673
181685
181688
181693
181699
181723
181741
181746
181751
181785
181788
181801
181804
181826
181832
181842
181866
181876
181898
181899
181911
181914
181933
181938
181945
181965
181973
181978
182021
182029
182058
182064
182111
182115
182128
182129
182134
182141
182145
182150
182186
182200
182207
182213
182228
182235
182236
182237
182238
182239
182259
182261
182262
182265
182272
182274
182280
182282
182287
182300
182308
182310
182315
182323
182326
182333
182349
182351
182359
182371
182374
182383
182385
182388
182389
182402
182413
182414
182416
182452
182457
182470
182475
182486
182499
182501
182505
182555
182563
182610
182612
182616
182621
182623
182627
182628
182637
182640
182643
182666
182667
182668
182691
182695
182700
182705
182706
182734
182745
182776
182777
182779
182789
182804
182828
182848
182855
182862
182874
182900
182923
182924
182934
182936
182964
182968
182979
182984
182985
182987
182988
183002
183007
183020
183033
183044
183050
183051
183060
183065
183085
183093
183094
183108
183114
183138
183149
183176
183194
183200
183208
183229
183231
183232
183234
183239
183256
183259
183317
183363
183383
183397
183398
183420
183435
183447
183485
183493
183499
183509
183515
183520
183525
183526
183535
183551
183554
183563
183575
183580
183584
183585
183586
183589
183606
183607
183610
183618
183630
183640
183641
183643
183649
183659
183662
183668
183669
183674
183681
183700
183713
183724
183727
183763
183768
183793
183794
183807
183809
183816
183824
183830
183837
183849
183853
183855
183882
183887
183889
183904
183926
183936
183945
183947
183958
183963
184006
184009
184014
184032
184037
184038
184074
184076
184105
184109
184123
184125
184130
184132
184140
184143
184148
184153
184182
184187
184196
184201
184203
184210
184213
184252
184267
184284
184286
184290
184302
184317
184339
184344
184350
184366
184367
184376
184416
184423
184429
184431
184451
184453
184455
184479
184486
184497
184536
184544
184565
184612
184615
184621
184627
184629
184639
184645
184668
184681
184686
184698
184730
184734
184739
184740
184743
184744
184802
184843
184853
184883
184892
184894
184911
184945
184959
184962
184963
184976
184978
184980
184985
184995
184998
185001
185011
185015
185016
185019
185020
185023
185026
185038
185041
185048
185050
185056
185058
185070
185072
185073
185082
185090
185094
185100
185113
185119
185122
185129
185132
185137
185144
185155
185165
185168
185169
185176
185184
185190
185191
185195
185208
185226
185231
185267
185273
185277
185288
185307
185316
185318
185334
185337
185340
185350
185353
185357
185362
185364
185366
185392
185396
185435
185440
185450
185461
185501
185504
185536
185541
185542
185543
185574
185582
185586
185589
185636
185640
185671
185677
185680
185681
185685
185689
185697
185713
185724
185741
185745
185757
185766
185767
185771
185772
185773
185791
185793
185818
185824
185825
185826
185831
185847
185899
185916
185918
185919
185928
185936
185947
185952
185953
185958
185994
185997
186026
186032
186034
186038
186043
186047
186052
186055
186081
186121
186134
186139
186151
186157
186162
186167
186173
186187
186204
186219
186225
186232
186239
186252
186259
186260
186282
186283
186285
186286
186288
186294
186301
186302
186312
186330
186336
186365
186367
186371
186373
186385
186391
186399
186425
186430
186447
186448
186457
186458
186463
186464
186466
186468
186480
186487
186498
186499
186512
186525
186527
186537
186543
186545
186546
186547
186554
186555
186556
186574
186576
186600
186613
186623
186642
186648
186654
186662
186666
186669
186670
186672
186691
186701
186761
186762
186763
186775
186780
186784
186785
186790
186804
186810
186814
186816
186819
186823
186831
186833
186846
186872
186879
186892
186893
186895
186907
186910
186943
186946
186950
186964
186974
186984
186988
186996
187029
187032
187033
187067
187082
187090
187093
187096
187099
187112
187118
187142
187156
187164
187199
187218
187220
187238
187241
187243
187252
187255
187260
187269
187273
187282
187285
187301
187310
187311
187333
187350
187353
187375
187413
187423
187431
187451
187480
187482
187490
187503
187509
187511
187519
187522
187525
187531
187536
187543
187546
187551
187558
187559
187569
187585
187587
187605
187616
187637
187652
187660
187668
187690
187697
187721
187725
187737
187740
187741
187746
187751
187758
187787
187795
187806
187813
187832
187852
187860
187866
187894
187897
187926
187931
187933
187961
188005
188012
188020
188023
188040
188047
188050
188051
188088
188091
188097
188109
188114
188118
188126
188132
188133
188144
188152
188163
188172
188178
188195
188202
188204
188209
188237
188256
188262
188292
188293
188294
188297
188331
188344
188351
188373
188384
188388
188391
188425
188433
188436
188444
188446
188448
188460
188466
188467
188471
188475
188482
188486
188498
188528
188555
188557
188570
188586
188615
188631
188632
188639
188643
188652
188657
188683
188692
188697
188711
188716
188728
188750
188757
188764
188774
188780
188791
188796
188806
188807
188822
188828
188829
188848
188851
188865
188874
188889
188912
188926
188928
188931
188932
188941
188942
188949
188955
188966
188982
188991
188994
189032
189039
189067
189083
189084
189095
189099
189104
189112
189117
189123
189147
189151
189152
189168
189174
189176
189184
189203
189219
189221
189223
189237
189239
189246
189248
189260
189313
189320
189346
189349
189373
189391
189392
189402
189409
189412
189423
189424
189429
189439
189451
189453
189468
189469
189485
189487
189496
189499
189504
189517
189526
189540
189541
189551
189552
189556
189567
189580
189606
189628
189630
189638
189642
189674
189691
189694
189726
189766
189773
189775
189788
189800
189804
189807
189813
189816
189820
189848
189856
189860
189863
189867
189878
189904
189908
189912
189913
189923
189925
189948
189965
189967
189968
190000
190002
190013
190021
190048
190053
190057
190064
190084
190097
190135
190149
190183
190187
190190
190191
190193
190199
190204
190205
190214
190223
190224
190240
190242
190259
190265
190267
190286
190296
190300
190305
190312
190317
190319
190321
190345
190348
190349
190365
190397
190413
190414
190423
190447
190453
190459
190469
190505
190513
190523
190526
190537
190550
190551
190568
190569
190578
190584
190603
190608
190621
190627
190632
190634
190640
190645
190662
190694
190699
190719
190721
190724
190746
190751
190754
190772
190773
190795
190804
190842
190848
190850
190858
190867
190895
190899
190900
190903
190948
190952
190955
190959
190972
190987
190989
190992
190994
191011
191019
191042
191047
191056
191105
191107
191119
191120
191124
191145
191162
191171
191191
191204
191205
191214
191228
191229
191253
191257
191258
191259
191263
191265
191267
191269
191275
191280
191281
191299
191301
191302
191305
191313
191329
191336
191342
191348
191349
191356
191370
191372
191386
191394
191427
191437
191439
191441
191449
191483
191492
191500
191503
191504
191516
191534
191538
191551
191552
191553
191563
191565
191567
191569
191614
191624
191633
191634
191651
191661
191663
191667
191673
191677
191693
191698
191703
191707
191718
191729
191737
191739
191781
191782
191789
191801
191804
191827
191845
191885
191892
191902
191906
191909
191910
191911
191953
191958
191977
191981
191988
191994
192002
192012
192021
192036
192053
192081
192084
192089
192092
192095
192097
192115
192129
192134
192143
192182
192190
192200
192206
192210
192220
192240
192243
192254
192256
192294
192297
192298
192302
192319
192325
192327
192328
192331
192333
192341
192351
192367
192369
192378
192384
192385
192400
192406
192407
192426
192430
192432
192433
192452
192480
192503
192508
192516
192526
192560
192566
192594
192618
192622
192638
192660
192666
192667
192669
192673
192684
192697
192706
192734
192739
192748
192754
192759
192771
192779
192781
192784
192791
192792
192811
192815
192822
192836
192863
192883
192887
192921
192926
192928
192935
192959
192979
192990
192992
192994
192996
193064
193066
193111
193121
193123
193149
193158
193167
193197
193233
193258
193269
193280
193288
193293
193295
193296
193315
193316
193321
193335
193347
193348
193360
193361
193371
193372
193373
193385
193386
193400
193420
193423
193426
193427
193438
193446
193450
193454
193459
193465
193473
193481
193485
193505
193511
193518
193526
193542
193553
193575
193591
193594
193629
193635
193649
193657
193661
193672
193699
193722
193730
193738
193758
193767
193777
193778
193798
193808
193814
193825
193826
193842
193853
193855
193890
193917
193928
193940
193946
193956
193964
193968
193982
194011
194013
194020
194027
194040
194076
194080
194100
194112
194120
194143
194146
194157
194160
194166
194173
194174
194194
194195
194201
194207
194210
194217
194223
194237
194243
194258
194276
194281
194320
194323
194324
194330
194342
194356
194385
194394
194403
194434
194437
194444
194449
194456
194478
194480
194513
194517
194522
194536
194538
194549
194565
194582
194617
194618
194636
194651
194666
194669
194675
194679
194686
194705
194707
194722
194767
194791
194793
194799
194808
194821
194858
194870
194873
194876
194878
194891
194896
194903
194907
194911
194925
194937
194941
194942
194949
194953
194958
194970
194978
194984
194999
195004
195006
195016
195041
195054
195062
195080
195081
195084
195105
195107
195121
195133
195147
195156
195157
195176
195177
195179
195191
195200
195226
195248
195254
195274
195291
195295
195304
195308
195327
195331
195337
195338
195340
195342
195345
195351
195352
195362
195372
195381
195384
195396
195406
195407
195416
195418
195425
195441
195442
195453
195482
195487
195508
195521
195532
195551
195564
195568
195579
195597
195600
195615
195622
195626
195672
195673
195701
195724
195730
195734
195735
195753
195772
195781
195812
195815
195824
195836
195870
195877
195902
195910
195921
195925
195931
195936
195942
195943
195961
195969
195972
195978
196001
196005
196038
196040
196041
196057
196080
196081
196100
196111
196114
196129
196146
196151
196158
196159
196163
196182
196198
196208
196229
196232
196237
196240
196255
196268
196269
196281
196286
196288
196298
196307
196318
196329
196335
196338
196353
196369
196380
196395
196406
196408
196416
196428
196439
196441
196457
196472
196477
196499
196501
196505
196553
196583
196584
196638
196656
196666
196688
196693
196712
196717
196718
196737
196738
196745
196767
196778
196779
196789
196812
196815
196818
196829
196837
196845
196856
196860
196864
196884
196900
196911
196932
196934
196952
196982
196984
197008
197011
197015
197019
197055
197062
197073
197074
197076
197086
197093
197125
197140
197169
197201
197209
197220
197237
197240
197244
197245
197249
197257
197282
197288
197289
197300
197342
197353
197365
197366
197386
197389
197390
197410
197428
197434
197445
197466
197482
197485
197498
197504
197510
197523
197558
197560
197562
197564
197569
197601
197634
197670
197683
197701
197704
197706
197715
197717
197719
197737
197741
197745
197766
197781
197792
197796
197808
197819
197834
197845
197848
197852
197858
197865
197876
197885
197895
197916
197935
197968
197978
197982
197994
197997
198002
198070
198075
198084
198105
198120
198125
198134
198159
198196
198200
198224
198238
198246
198251
198275
198280
198296
198326
198338
198365
198372
198380
198391
198401
198418
198420
198421
198427
198459
198468
198485
198497
198508
198510
198512
198538
198547
198550
198554
198591
198626
198639
198644
198658
198676
198688
198695
198702
198710
198716
198734
198735
198739
198753
198755
198767
198839
198843
198867
198869
198873
198874
198877
198883
198894
198917
198922
198932
198941
198946
198951
198963
198980
198991
199033
199038
199088
199090
199096
199098
199107
199119
199125
199126
199189
199203
199214
199227
199252
199254
199283
199296
199303
199311
199321
199335
199342
199348
199361
199385
199387
199391
199438
199451
199457
199473
199488
199496
199517
199538
199562
199577
199582
199587
199592
199603
199604
199633
199639
199654
199662
199676
199683
199703
199719
199724
199732
199740
199752
199758
199768
199775
199798
199823
199841
199844
199859
199860
199872
199875
199882
199888
199899
199916
199943
199949
199956
199959
199960
199968
199980
199982
199983
199990
199991
200016
200017
200020
200025
200042
200061
200069
200074
200089
200100
200118
200120
200178
200187
200195
200198
200205
200214
200217
200231
200240
200242
200243
200255
200256
200257
200260
200265
200271
200278
200285
200288
200289
200310
200337
200340
200343
200362
200368
200377
200393
200420
200421
200422
200427
200449
200455
200474
200494
200506
200507
200510
200535
200539
200545
200552
200560
200567
200587
200591
200592
200612
200619
200633
200637
200647
200650
200666
200667
200671
200681
200695
200702
200709
200712
200733
200755
200759
200781
200785
200788
200789
200791
200792
200795
200805
200847
200848
200852
200859
200866
200889
200894
200907
200908
200911
200915
200940
200971
200975
200979
200982
200985
200989
200991
200994
200999
201012
201026
201031
201034
201036
201038
201071
201080
201092
201098
201100
201110
201129
201137
201147
201148
201149
201159
201179
201184
201196
201216
201224
201226
201239
201241
201245
201266
201269
201300
201309
201310
201311
201325
201339
201343
201356
201364
201365
201368
201386
201400
201404
201413
201418
201430
201446
201451
201468
201474
201479
201499
201509
201511
201517
201556
201591
201597
201618
201638
201659
201663
201673
201693
201694
201698
201699
201706
201708
201728
201736
201738
201785
201787
201811
201820
201827
201837
201843
201849
201885
201886
201889
201897
201912
201928
201943
201950
201956
201958
201973
201993
201996
202009
202017
202044
202050
202072
202082
202099
202113
202148
202150
202176
202187
202201
202202
202206
202218
202227
202233
202242
202253
202286
202303
202305
202308
202318
202326
202329
202342
202344
202348
202351
202352
202357
202371
202374
202387
202390
202405
202429
202431
202447
202468
202495
202502
202512
202514
202518
202527
202528
202530
202541
202569
202573
202585
202589
202609
202662
202679
202681
202683
202729
202747
202771
202776
202787
202788
202795
202812
202847
202879
202885
202892
202898
202904
202906
202967
202975
202979
202984
202986
202992
203015
203058
203065
203072
203076
203078
203082
203092
203094
203096
203099
203115
203117
203127
203128
203133
203142
203176
203195
203204
203205
203216
203222
203224
203244
203254
203256
203259
203269
203303
203311
203326
203358
203386
203390
203408
203420
203430
203436
203443
203465
203469
203479
203481
203491
203500
203505
203506
203518
203534
203536
203547
203568
203570
203573
203582
203593
203601
203602
203631
203633
203669
203672
203673
203675
203708
203718
203736
203738
203742
203745
203746
203749
203778
203798
203810
203811
203849
203854
203875
203909
203910
203916
203939
203946
203959
203972
203981
204007
204010
204023
204024
204035
204042
204052
204071
204104
204112
204113
204122
204131
204138
204155
204160
204165
204181
204184
204188
204211
204228
204249
204304
204311
204320
204328
204330
204341
204364
204366
204372
204377
204381
204391
204411
204413
204418
204448
204449
204467
204468
204479
204491
204494
204517
204533
204560
204581
204595
204606
204629
204638
204657
204659
204668
204676
204680
204686
204688
204701
204706
204739
204763
204796
204798
204804
204806
204836
204862
204866
204876
204882
204898
204899
204910
204928
204942
204945
204948
204952
204955
204959
204968
204976
204981
204999
205004
205012
205035
205057
205061
205096
205118
205126
205129
205137
205138
205154
205166
205172
205176
205198
205199
205213
205223
205228
205243
205247
205257
205266
205278
205295
205303
205310
205315
205316
205330
205338
205339
205380
205394
205405
205408
205413
205419
205422
205428
205429
205433
205443
205449
205456
205461
205463
205497
205499
205532
205547
205548
205549
205566
205570
205573
205614
205616
205637
205650
205654
205660
205666
205675
205681
205694
205724
205740
205745
205752
205774
205780
205788
205810
205817
205821
205832
205838
205847
205865
205868
205878
205883
205890
205918
205931
205936
205939
205951
205959
205969
205972
206007
206043
206046
206049
206059
206090
206092
206104
206114
206128
206148
206154
206172
206198
206221
206243
206252
206255
206275
206291
206299
206305
206347
206357
206361
206366
206369
206372
206385
206390
206415
206422
206424
206433
206435
206450
206455
206457
206461
206469
206486
206500
206516
206518
206536
206540
206543
206546
206548
206552
206565
206595
206596
206615
206619
206625
206629
206664
206672
206683
206700
206704
206714
206718
206733
206743
206744
206749
206780
206786
206788
206812
206813
206815
206840
206851
206858
206862
206867
206877
206885
206887
206893
206896
206898
206908
206921
206931
206939
206952
206965
206991
206997
207002
207005
207037
207053
207056
207103
207119
207120
207121
207145
207155
207176
207180
207182
207212
207239
207243
207256
207265
207275
207286
207296
207299
207332
207345
207357
207378
207393
207404
207425
207426
207429
207433
207461
207462
207463
207464
207486
207515
207520
207522
207550
207565
207573
207580
207597
207600
207622
207633
207634
207637
207648
207672
207675
207689
207729
207736
207742
207755
207769
207775
207778
207784
207819
207829
207838
207849
207853
207862
207865
207870
207940
207946
207949
207954
207955
207976
207987
207994
207997
207999
208005
208027
208035
208044
208049
208050
208079
208089
208108
208109
208116
208140
208142
208152
208159
208174
208185
208207
208210
208219
208231
208232
208235
208246
208257
208260
208268
208288
208307
208322
208329
208330
208339
208350
208361
208370
208380
208395
208423
208424
208436
208448
208450
208472
208489
208491
208498
208510
208517
208550
208613
208614
208627
208632
208643
208649
208653
208656
208659
208665
208688
208691
208692
208701
208702
208709
208710
208711
208713
208714
208720
208739
208751
208752
208799
208806
208826
208853
208861
208877
208896
208906
208912
208918
208948
208954
208971
208976
208977
208983
209000
209010
209011
209014
209017
209019
209022
209026
209039
209062
209081
209097
209103
209107
209143
209144
209167
209175
209179
209181
209188
209198
209213
209214
209218
209220
209239
209249
209254
209255
209276
209280
209290
209305
209311
209312
209315
209334
209346
209366
209370
209376
209383
209398
209403
209409
209425
209446
209452
209480
209483
209491
209513
209514
209534
209559
209568
209591
209596
209597
209608
209612
209615
209619
209643
209656
209662
209666
209682
209683
209693
209696
209713
209720
209738
209739
209745
209769
209773
209819
209820
209828
209838
209847
209867
209876
209879
209882
209885
209895
209904
209906
209920
209926
209929
209935
209939
209951
209959
209961
209963
209968
209985
209987
210004
210010
210027
210040
210056
210058
210073
210075
210077
210083
210092
210109
210111
210112
210118
210120
210123
210126
210132
210134
210135
210140
210149
210160
210172
210191
210197
210219
210220
210229
210230
210251
210263
210275
210276
210299
210301
210310
210323
210367
210373
210377
210407
210438
210465
210474
210499
210522
210523
210524
210529
210539
210554
210557
210562
210565
210577
210623
210640
210645
210659
210660
210667
210673
210704
210719
210720
210722
210725
210729
210730
210734
210735
210742
210772
210775
210800
210801
210811
210841
210852
210863
210893
210905
210914
210919
210931
210944
210961
210965
210977
210986
210992
211012
211033
211049
211055
211071
211076
211085
211117
211119
211130
211148
211158
211165
211174
211178
211182
211184
211199
211216
211227
211235
211236
211237
211249
211250
211251
211253
211271
211291
211315
211321
211323
211334
211342
211354
211358
211359
211363
211374
211375
211388
211400
211402
211405
211434
211441
211442
211456
211474
211476
211493
211494
211507
211526
211567
211578
211599
211600
211613
211614
211627
211638
211639
211645
211660
211666
211680
211695
211697
211707
211717
211724
211733
211756
211761
211765
211790
211814
211840
211848
211853
211866
211886
211906
211924
211936
211945
211960
211976
211988
211995
211998
212003
212021
212048
212049
212057
212069
212077
212080
212087
212094
212097
212098
212122
212132
212151
212154
212161
212169
212174
212205
212207
212208
212217
212236
212238
212239
212252
212270
212318
212332
212336
212338
212340
212359
212368
212377
212386
212388
212393
212410
212411
212414
212426
212429
212430
212434
212440
212452
212453
212457
212477
212507
212528
212529
212552
212559
212566
212568
212571
212582
212598
212615
212636
212642
212654
212667
212669
212691
212697
212718
212722
212725
212747
212760
212766
212767
212768
212798
212803
212806
212829
212834
212835
212844
212846
212852
212866
212879
212900
212904
212915
212926
212961
212993
212997
213028
213029
213033
213041
213053
213056
213090
213098
213114
213126
213127
213145
213165
213176
213184
213201
213202
213236
213261
213274
213279
213327
213328
213347
213354
213369
213377
213380
213382
213387
213414
213415
213420
213430
213436
213451
213490
213496
213508
213510
213513
213514
213518
213531
213532
213538
213551
213556
213589
213596
213613
213647
213649
213654
213655
213660
213662
213663
213675
213682
213688
213695
213703
213718
213720
213723
213729
213755
213768
213769
213781
213782
213785
213809
213810
213839
213852
213867
213869
213872
213876
213886
213888
213889
213890
213896
213898
213900
213903
213914
213921
213950
213951
213958
213993
213998
214010
214019
214032
214049
214050
214054
214055
214057
214060
214074
214081
214103
214114
214127
214136
214144
214157
214162
214192
214196
214207
214215
214222
214233
214264
214272
214282
214283
214324
214336
214340
214355
214356
214393
214395
214403
214405
214429
214431
214447
214483
214484
214511
214522
214531
214544
214548
214551
214557
214558
214562
214570
214572
214574
214605
214607
214622
214637
214664
214679
214688
214698
214715
214719
214730
214732
214734
214744
214751
214756
214760
214761
214763
214767
214769
214777
214785
214812
214816
214818
214837
214864
214869
214879
214882
214885
214888
214901
214917
214925
214945
214966
214987
215026
215039
215041
215063
215068
215078
215098
215104
215140
215155
215159
215167
215174
215185
215188
215202
215217
215233
215253
215260
215270
215277
215278
215309
215312
215329
215330
215332
215335
215336
215341
215342
215362
215380
215405
215413
215419
215428
215433
215435
215440
215442
215448
215454
215480
215495
215505
215524
215539
215572
215588
215595
215601
215617
215636
215637
215650
215657
215687
215699
215715
215720
215769
215812
215813
215830
215832
215838
215884
215887
215891
215904
215936
215944
215946
215976
215986
216006
216007
216017
216018
216052
216068
216074
216080
216094
216120
216131
216136
216142
216150
216151
216153
216164
216170
216184
216191
216226
216263
216265
216277
216287
216307
216313
216314
216330
216350
216351
216374
216382
216385
216386
216387
216402
216405
216414
216422
216444
216450
216458
216462
216466
216477
216480
216495
216504
216520
216528
216537
216560
216567
216570
216572
216579
216583
216594
216607
216618
216622
216625
216627
216636
216638
216642
216660
216669
216670
216684
216689
216695
216697
216701
216706
216721
216754
216760
216772
216780
216781
216785
216793
216794
216803
216805
216811
216825
216826
216827
216841
216863
216869
216890
216893
216896
216900
216921
216938
216946
216948
216963
216970
216981
216996
217030
217036
217048
217049
217070
217080
217105
217107
217112
217115
217125
217132
217157
217158
217169
217170
217185
217190
217191
217230
217252
217267
217271
217289
217331
217339
217345
217378
217385
217401
217410
217422
217428
217432
217445
217461
217490
217514
217525
217526
217532
217533
217534
217569
217574
217586
217595
217617
217632
217640
217663
217666
217681
217682
217704
217713
217716
217741
217743
217749
217755
217764
217783
217790
217796
217803
217824
217829
217855
217859
217866
217915
217956
217966
217969
217986
217997
218008
218010
218043
218044
218048
218072
218082
218093
218103
218104
218107
218119
218147
218167
218178
218181
218197
218210
218229
218231
218235
218239
218244
218290
218297
218310
218313
218318
218338
218351
218354
218362
218367
218373
218377
218401
218404
218407
218413
218427
218429
218454
218455
218458
218492
218514
218522
218526
218538
218553
218556
218633
218644
218657
218661
218663
218667
218676
218681
218683
218715
218723
218742
218746
218751
218782
218784
218799
218800
218801
218804
218820
218835
218848
218856
218870
218871
218874
218876
218881
218894
218905
218906
218940
218952
218955
218957
218985
218989
218990
219001
219016
219030
219034
219040
219042
219047
219055
219067
219072
219076
219085
219101
219117
219136
219138
219175
219194
219205
219207
219211
219214
219216
219223
219229
219248
219269
219274
219278
219299
219309
219319
219324
219333
219344
219345
219347
219371
219373
219382
219384
219413
219434
219485
219492
219537
219553
219573
219578
219591
219597
219606
219612
219620
219621
219642
219653
219659
219669
219678
219679
219689
219702
219707
219761
219773
219787
219792
219805
219816
219817
219820
219866
219884
219887
219897
219907
219926
219959
219960
219964
219984
219996
220002
220007
220028
220030
220038
220042
220057
220073
220093
220105
220107
220134
220140
220141
220147
220168
220186
220192
220193
220215
220235
220242
220292
220294
220317
220321
220323
220329
220338
220340
220346
220347
220348
220359
220369
220390
220421
220431
220474
220475
220478
220497
220500
220510
220542
220546
220548
220553
220554
220582
220588
220625
220626
220639
220647
220648
220649
220655
220663
220667
220677
220680
220687
220706
220723
220726
220743
220752
220766
220769
220774
220775
220786
220806
220815
220816
220823
220830
220838
220847
220849
220850
220851
220854
220897
220899
220930
220961
220974
220976
220989
221000
221018
221040
221046
221054
221059
221060
221061
221065
221083
221092
221096
221098
221100
221111
221115
221128
221135
221144
221146
221147
221153
221162
221181
221182
221203
221230
221249
221265
221274
221295
221296
221304
221306
221317
221318
221332
221350
221369
221372
221393
221400
221441
221446
221452
221456
221464
221476
221481
221504
221523
221525
221529
221531
221543
221554
221562
221565
221571
221585
221590
221612
221624
221636
221637
221646
221653
221684
221699
221709
221719
221731
221744
221758
221760
221768
221775
221778
221824
221843
221864
221880
221882
221897
221913
221916
221917
221949
221957
221977
221991
221996
222005
222007
222010
222017
222018
222034
222035
222045
222061
222108
222126
222128
222149
222177
222194
222214
222220
222229
222234
222237
222241
222244
222251
222254
222260
222261
222266
222281
222290
222302
222309
222319
222329
222336
222342
222352
222358
222366
222368
222390
222423
222436
222454
222458
222460
222465
222469
222471
222493
222516
222542
222543
222544
222551
222557
222568
222578
222602
222615
222625
222638
222641
222659
222691
222693
222707
222716
222731
222737
222750
222772
222794
222796
222809
222815
222839
222843
222849
222868
222911
222912
222916
222945
222957
222962
222963
222973
223006
223025
223026
223055
223082
223087
223090
223148
223154
223157
223178
223193
223219
223224
223226
223252
223263
223271
223274
223277
223290
223291
223302
223309
223311
223323
223336
223384
223415
223432
223437
223447
223470
223497
223503
223509
223525
223527
223533
223543
223551
223554
223555
223568
223569
223573
223590
223599
223600
223602
223615
223624
223646
223655
223660
223665
223671
223672
223692
223693
223705
223716
223731
223736
223757
223787
223795
223804
223832
223859
223865
223876
223884
223907
223933
223945
223981
223993
223997
224005
224007
224013
224024
224033
224043
224048
224070
224072
224101
224109
224123
224143
224144
224148
224157
224165
224176
224194
224199
224235
224245
224247
224258
224268
224277
224284
224289
224290
224291
224296
224308
224322
224323
224331
224375
224397
224398
224409
224411
224415
224420
224421
224435
224442
224447
224452
224453
224456
224465
224468
224470
224482
224495
224507
224511
224535
224558
224571
224575
224585
224590
224603
224604
224611
224626
224633
224644
224647
224648
224649
224651
224662
224667
224691
224716
224718
224726
224731
224733
224734
224739
224749
224750
224772
224812
224831
224835
224837
224842
224848
224851
224858
224860
224877
224879
224883
224888
224962
224985
224987
224994
225015
225052
225062
225067
225068
225077
225085
225093
225119
225129
225131
225146
225175
225180
225185
225217
225224
225237
225240
225246
225255
225290
225293
225300
225311
225322
225325
225326
225336
225347
225352
225353
225356
225371
225386
225387
225389
225403
225421
225440
225442
225453
225463
225471
225503
225505
225507
225527
225546
225547
225549
225565
225571
225579
225588
225613
225621
225643
225654
225660
225667
225673
225675
225704
225712
225715
225731
225762
225763
225774
225775
225779
225785
225802
225807
225812
225824
225825
225830
225848
225853
225854
225857
225860
225866
225873
225885
225917
225926
225948
225977
226007
226031
226047
226099
226112
226113
226136
226151
226164
226171
226259
226292
226294
226319
226332
226357
226367
226369
226372
226382
226413
226421
226424
226434
226436
226453
226483
226497
226504
226544
226545
226552
226553
226579
226580
226622
226627
226633
226658
226663
226669
226692
226699
226739
226761
226771
226777
226789
226794
226796
226797
226808
226815
226819
226849
226888
226901
226929
226944
226956
226958
226965
226970
226971
226997
227002
227062
227073
227075
227103
227106
227128
227130
227146
227155
227156
227164
227172
227182
227188
227190
227200
227221
227229
227238
227258
227279
227286
227315
227319
227333
227342
227343
227350
227352
227353
227362
227363
227364
227365
227371
227395
227433
227439
227440
227441
227443
227444
227475
227486
227487
227489
227494
227512
227517
227524
227538
227539
227549
227580
227598
227611
227614
227619
227621
227624
227628
227629
227633
227635
227645
227658
227664
227667
227686
227687
227704
227728
227755
227761
227776
227794
227805
227817
227822
227825
227833
227840
227844
227852
227862
227865
227866
227876
227882
227885
227897
227905
227908
227909
227920
227924
227936
227938
227939
227942
227953
228001
228024
228033
228042
228051
228065
228088
228091
228108
228109
228120
228128
228131
228133
228142
228149
228159
228161
228173
228176
228178
228181
228190
228197
228207
228216
228236
228255
228257
228271
228273
228274
228277
228290
228295
228298
228299
228301
228332
228336
228348
228354
228357
228361
228368
228393
228414
228427
228428
228438
228443
228465
228472
228473
228475
228487
228520
228521
228534
228548
228556
228581
228586
228587
228588
228589
228594
228601
228619
228620
228625
228630
228633
228645
228657
228660
228691
228701
228705
228726
228732
228744
228747
228749
228753
228769
228786
228787
228820
228821
228830
228876
228896
228897
228906
228920
228962
228980
228981
228993
229017
229019
229073
229077
229080
229098
229116
229117
229145
229146
229149
229151
229154
229166
229169
229200
229201
229213
229225
229248
229281
229294
229301
229305
229306
229309
229327
229332
229337
229345
229346
229351
229352
229360
229367
229404
229432
229434
229435
229459
229493
229523
229528
229538
229541
229570
229575
229577
229585
229588
229592
229615
229617
229633
229647
229660
229676
229681
229683
229703
229705
229724
229749
229757
229763
229769
229777
229793
229806
229831
229844
229855
229859
229864
229888
229901
229938
229943
229951
229956
229975
229976
229977
229989
230020
230043
230046
230078
230083
230095
230105
230111
230114
230119
230123
230127
230130
230138
230143
230149
230152
230171
230172
230191
230198
230205
230212
230219
230239
230242
230286
230299
230307
230324
230362
230363
230395
230398
230400
230448
230461
230467
230490
230501
230507
230520
230546
230571
230604
230610
230619
230622
230635
230638
230645
230663
230694
230703
230713
230722
230725
230732
230737
230746
230756
230797
230803
230805
230811
230842
230852
230856
230895
230901
230904
230907
230908
230909
230910
230938
230942
230943
230947
230953
230957
230962
230967
230975
230978
231010
231039
231051
231058
231064
231065
231075
231101
231121
231138
231143
231153
231175
231183
231191
231193
231194
231199
231209
231219
231221
231229
231253
231306
231307
231316
231318
231323
231342
231355
231366
231380
231410
231424
231442
231497
231504
231513
231559
231564
231581
231582
231601
231622
231627
231635
231670
231680
231687
231698
231703
231710
231715
231723
231750
231751
231763
231778
231786
231790
231792
231799
231801
231832
231833
231861
231867
231908
231943
231979
231980
231982
232004
232014
232020
232031
232078
232083
232107
232112
232113
232126
232129
232131
232138
232154
232155
232160
232170
232177
232188
232202
232203
232227
232244
232245
232272
232285
232286
232287
232320
232343
232344
232345
232353
232364
232373
232379
232392
232393
232394
232409
232415
232424
232430
232436
232440
232451
232494
232531
232550
232574
232590
232609
232625
232644
232657
232697
232708
232710
232714
232732
232742
232745
232749
232791
232811
232816
232857
232866
232874
232881
232885
232888
232889
232906
232913
232919
232936
232941
232956
232960
232964
232996
233005
233011
233015
233075
233081
233082
233101
233105
233121
233174
233187
233194
233210
233221
233222
233233
233247
233250
233260
233262
233272
233286
233300
233304
233312
233314
233325
233326
233337
233343
233366
233373
233376
233377
233390
233396
233397
233399
233402
233416
233420
233433
233447
233449
233454
233464
233472
233474
233483
233530
233531
233536
233540
233547
233549
233550
233552
233558
233565
233581
233615
233632
233633
233657
233671
233677
233685
233687
233694
233700
233716
233724
233733
233737
233738
233762
233765
233768
233774
233778
233786
233798
233809
233810
233813
233856
233869
233875
233876
233892
233893
233910
233913
233914
233924
233925
233932
233941
233942
233962
233963
233969
233983
233988
234002
234039
234045
234050
234062
234063
234065
234107
234114
234142
234148
234149
234150
234161
234172
234199
234215
234267
234268
234280
234281
234300
234313
234329
234339
234371
234376
234390
234393
234410
234428
234436
234440
234451
234459
234460
234471
234481
234494
234570
234588
234599
234603
234606
234610
234611
234614
234621
234641
234642
234646
234660
234668
234721
234723
234741
234776
234785
234794
234825
234836
234847
234862
234864
234869
234872
234898
234901
234918
234924
234942
234956
234960
234989
234994
235016
235039
235053
235059
235060
235082
235092
235097
235100
235110
235116
235120
235161
235162
235165
235174
235177
235181
235190
235192
235203
235212
235224
235268
235274
235276
235287
235306
235329
235333
235334
235420
235423
235429
235434
235441
235448
235451
235461
235476
235481
235489
235512
235524
235527
235540
235586
235597
235601
235660
235661
235668
235671
235673
235674
235679
235684
235686
235737
235778
235788
235801
235809
235833
235838
235839
235840
235865
235874
235889
235896
235911
235913
235919
235920
235925
235948
235955
235958
235966
235972
235973
235977
236004
236033
236047
236050
236084
236085
236095
236097
236099
236105
236116
236121
236126
236140
236152
236158
236161
236163
236182
236200
236209
236218
236230
236246
236254
236263
236265
236273
236279
236281
236294
236296
236297
236298
236307
236313
236317
236327
236354
236358
236360
236362
236363
236370
236375
236387
236404
236425
236450
236454
236458
236459
236464
236469
236472
236473
236511
236523
236526
236534
236541
236546
236552
236594
236607
236609
236617
236651
236653
236718
236791
236801
236802
236804
236814
236822
236842
236884
236905
236906
236908
236914
236917
236927
236940
236941
236942
236943
236952
236964
236967
236973
236974
237001
237014
237036
237040
237077
237084
237099
237137
237138
237142
237149
237162
237174
237178
237180
237187
237199
237208
237224
237233
237244
237254
237267
237283
237315
237316
237362
237364
237371
237376
237378
237419
237426
237435
237438
237443
237449
237453
237459
237476
237484
237494
237511
237520
237528
237536
237566
237584
237585
237602
237614
237616
237626
237635
237642
237669
237671
237691
237694
237696
237705
237707
237710
237718
237766
237783
237784
237790
237805
237830
237833
237837
237842
237849
237887
237893
237895
237916
237939
237959
237960
237983
237993
238004
238011
238044
238053
238060
238063
238153
238160
238169
238189
238190
238196
238232
238234
238251
238255
238256
238260
238270
238275
238310
238317
238335
238337
238344
238349
238369
238376
238423
238432
238439
238448
238449
238453
238473
238494
238501
238536
238572
238584
238616
238630
238658
238694
238696
238704
238715
238733
238739
238740
238750
238760
238785
238792
238799
238816
238830
238835
238844
238876
238877
238878
238903
238904
238911
238913
238914
238915
238925
238934
238945
238968
238972
238976
239004
239005
239016
239020
239021
239032
239080
239084
239085
239096
239153
239161
239170
239175
239183
239196
239224
239225
239243
239250
239251
239263
239275
239283
239296
239297
239319
239325
239334
239350
239356
239378
239381
239393
239411
239431
239451
239460
239490
239509
239516
239526
239536
239546
239561
239563
239575
239581
239632
239646
239667
239669
239684
239704
239705
239709
239724
239738
239739
239748
239783
239803
239809
239835
239837
239853
239872
239876
239881
239890
239910
239927
239941
239944
239959
239968
239972
239974
239993
240000
240001
240010
240042
240043
240065
240070
240073
240091
240099
240107
240112
240117
240123
240144
240162
240165
240173
240187
240199
240205
240219
240227
240258
240259
240262
240301
240307
240312
240334
240366
240376
240385
240386
240398
240416
240417
240424
240431
240438
240475
240480
240497
240520
240524
240526
240528
240539
240554
240602
240622
240627
240637
240647
240649
240650
240651
240656
240660
240666
240667
240695
240705
240714
240724
240727
240735
240759
240768
240785
240804
240806
240826
240838
240857
240860
240867
240868
240870
240895
240898
240911
240922
240929
240944
240955
240962
240976
240991
241007
241010
241020
241033
241034
241035
241036
241045
241046
241071
241076
241084
241091
241095
241139
241151
241154
241155
241166
241168
241176
241212
241213
241244
241263
241271
241293
241308
241316
241323
241334
241348
241358
241360
241361
241384
241387
241399
241420
241433
241435
241444
241461
241468
241474
241475
241483
241487
241489
241490
241493
241499
241504
241521
241548
241549
241551
241568
241598
241608
241620
241625
241631
241649
241661
241662
241675
241686
241691
241707
241730
241751
241752
241754
241756
241766
241812
241818
241821
241826
241834
241853
241856
241858
241889
241923
241936
241980
241986
242011
242020
242027
242044
242074
242078
242091
242093
242101
242104
242115
242126
242128
242137
242144
242147
242148
242154
242155
242164
242185
242205
242209
242210
242214
242223
242224
242235
242246
242253
242257
242261
242269
242291
242305
242312
242332
242342
242344
242362
242374
242379
242381
242384
242402
242406
242417
242474
242476
242490
242510
242512
242537
242545
242555
242557
242558
242602
242616
242625
242648
242685
242696
242700
242703
242707
242710
242726
242745
242752
242757
242761
242773
242786
242796
242840
242850
242870
242889
242895
242907
242914
242927
242941
242948
242956
242976
242982
242997
243010
243011
243020
243021
243029
243030
243036
243040
243064
243080
243090
243092
243139
243157
243164
243166
243167
243183
243195
243201
243218
243219
243225
243226
243236
243246
243251
243261
243262
243298
243332
243340
243343
243351
243357
243366
243369
243382
243394
243417
243444
243475
243483
243499
243512
243519
243529
243531
243533
243534
243549
243571
243575
243583
243584
243609
243668
243679
243681
243693
243700
243707
243711
243728
243739
243740
243741
243742
243755
243767
243768
243772
243813
243816
243819
243844
243856
243872
243916
243925
243935
243941
243979
243989
244022
244032
244039
244041
244042
244073
244075
244079
244115
244126
244127
244138
244146
244156
244158
244180
244191
244195
244205
244236
244249
244265
244288
244310
244311
244330
244356
244398
244405
244411
244431
244441
244452
244456
244462
244464
244468
244505
244518
244524
244559
244561
244584
244588
244600
244637
244647
244652
244676
244684
244710
244719
244727
244729
244742
244754
244764
244769
244806
244826
244841
244853
244869
244912
244928
244942
244947
244953
244955
244960
244965
244992
245002
245009
245029
245030
245038
245041
245048
245058
245064
245081
245083
245084
245097
245098
245103
245117
245128
245129
245132
245191
245192
245206
245233
245241
245280
245286
245287
245294
245302
245317
245320
245325
245335
245345
245357
245360
245376
245385
245386
245402
245404
245449
245457
245486
245487
245488
245506
245514
245539
245563
245580
245584
245587
245596
245601
245610
245618
245643
245655
245680
245684
245691
245692
245721
245740
245765
245774
245785
245787
245832
245835
245841
245848
245871
245875
245881
245883
245918
245919
245927
245941
245959
245962
245964
245972
245982
245991
245994
245995
246002
246024
246039
246054
246058
246069
246084
246094
246099
246131
246136
246147
246152
246154
246160
246166
246168
246173
246174
246191
246192
246220
246236
246242
246268
246278
246282
246283
246336
246388
246389
246409
246438
246445
246468
246469
246524
246526
246536
246541
246542
246554
246561
246586
246607
246646
246684
246688
246690
246702
246712
246713
246734
246746
246753
246759
246772
246773
246782
246794
246800
247044
247359
248044
248045
248046
248047
248048
248049
248050
248051
248052
248053
248054
248055
248056
248057
248058
248059
248060
248061
248062
248063
248064
248065
248066
248067
248068
248069
248070
248071
248072
248073
248074
248075
248076
