0
1
2
3
4
5
6
7
8
9
10
11
12
13
14
15
16
17
18
19
20
21
22
23
24
25
26
27
28
29
30
31
32
33
34
35
36
37
38
39
40
41
42
43
44
45
46
47
48
49
50
51
52
53
54
55
56
57
58
59
60
61
62
63
64
65
66
67
68
69
70
71
72
73
74
75
76
77
78
79
80
81
82
83
84
85
86
87
88
89
90
91
92
93
94
95
96
97
98
99
100
101
102
103
104
105
106
107
108
109
110
111
112
113
114
115
116
117
118
119
120
121
122
123
124
125
126
127
128
129
130
131
132
133
134
135
136
137
138
139
140
141
142
143
144
145
146
147
148
149
150
151
152
153
154
155
156
157
158
159
160
161
162
163
164
165
166
167
168
169
170
171
172
173
174
175
176
177
178
179
180
181
182
183
184
185
186
187
188
189
190
191
192
193
194
195
196
197
198
199
200
201
202
203
204
205
206
207
208
209
210
211
212
213
214
215
216
217
218
219
220
221
222
223
224
225
226
227
228
229
230
231
232
233
234
235
236
237
238
239
240
241
242
243
244
245
246
247
248
249
250
251
252
253
254
255
256
257
258
259
260
261
262
263
264
265
266
267
268
269
270
271
272
273
274
275
276
277
278
279
280
281
282
283
284
285
286
287
288
289
290
291
292
293
294
295
296
297
298
299
300
301
302
303
304
305
306
307
308
309
310
311
312
313
314
315
316
317
318
319
320
321
322
323
324
325
326
327
328
329
330
331
332
333
334
335
336
337
338
339
340
341
342
343
344
345
346
347
348
349
350
351
352
353
354
355
356
357
358
359
360
361
362
363
364
365
366
367
368
369
370
371
372
373
374
375
376
377
378
379
380
381
382
383
384
385
386
387
388
389
390
391
392
393
394
395
396
397
398
399
400
401
402
403
404
405
406
407
408
409
410
411
412
413
414
415
416
417
418
419
420
421
422
423
424
425
426
427
428
429
430
431
432
433
434
435
436
437
438
439
440
441
442
443
444
445
446
447
448
449
450
451
452
453
454
455
456
457
458
459
460
461
462
463
464
465
466
467
468
469
470
471
472
473
474
475
476
477
478
479
480
481
482
483
484
485
486
487
488
489
490
491
492
493
494
495
496
497
498
499
500
501
502
503
504
505
506
507
508
509
510
511
512
513
514
515
516
517
518
519
520
521
522
523
524
525
526
527
528
529
530
531
532
533
534
535
536
537
538
539
540
541
542
543
544
545
546
547
548
549
550
551
552
553
554
555
556
557
558
559
560
561
562
563
564
565
566
567
568
569
570
571
572
573
574
575
576
577
578
579
580
581
582
583
584
585
586
587
588
589
590
591
592
593
594
595
596
597
598
599
600
601
602
603
604
605
606
607
608
609
610
611
612
613
614
615
616
617
618
619
620
621
622
623
624
625
626
627
628
629
630
631
632
633
634
635
636
637
638
639
640
641
642
643
644
645
646
647
648
649
650
651
652
653
654
655
656
657
658
659
660
661
662
663
664
665
666
667
668
669
670
671
672
673
674
675
676
677
678
679
680
681
682
683
684
685
686
687
688
689
690
691
692
693
694
695
696
697
698
699
700
701
702
703
704
705
706
707
708
709
710
711
712
713
714
715
716
717
718
719
720
721
722
723
724
725
726
727
728
729
730
731
732
733
734
735
736
737
738
739
740
741
742
743
744
745
746
747
748
749
750
751
752
753
754
755
756
757
758
759
760
761
762
763
764
765
766
767
768
769
770
771
772
773
774
775
776
777
778
779
780
781
782
783
784
785
786
787
788
789
790
791
792
793
794
795
796
797
798
799
800
801
802
803
804
805
806
807
808
809
810
811
812
813
814
815
816
817
818
819
821
822
823
824
825
826
827
828
829
830
831
832
833
834
835
836
837
838
839
840
841
842
843
844
846
847
848
849
850
851
852
853
854
855
856
857
858
859
860
861
862
863
864
866
867
868
869
870
871
872
873
874
875
876
877
878
879
880
881
882
883
884
885
886
887
888
889
890
891
892
893
894
895
896
897
898
899
900
901
902
903
904
905
906
907
908
909
910
911
912
913
914
915
916
917
918
919
920
921
922
923
924
925
926
927
928
929
930
931
932
933
934
935
936
937
938
939
940
941
942
943
944
945
946
947
948
949
950
951
952
953
954
955
956
957
958
959
960
961
962
963
964
965
966
967
968
969
970
971
972
973
974
975
976
977
978
979
980
981
982
983
984
985
986
987
988
989
990
991
992
993
994
995
996
997
998
999
1000
1001
1002
1003
1004
1005
1006
1007
1008
1009
1010
1011
1012
1013
1014
1015
1016
1017
1018
1019
1020
1021
1022
1024
1025
1026
1027
1028
1029
1030
1031
1032
1033
1034
1035
1037
1038
1039
1040
1041
1042
1043
1044
1045
1046
1047
1048
1049
1050
1051
1052
1053
1054
1055
1056
1057
1058
1059
1060
1061
1062
1063
1064
1065
1066
1067
1068
1069
1070
1071
1072
1073
1074
1075
1076
1077
1078
1079
1080
1081
1082
1083
1084
1085
1086
1087
1088
1089
1090
1091
1092
1093
1094
1095
1096
1097
1098
1099
1100
1101
1102
1103
1104
1105
1106
1107
1108
1109
1110
1111
1112
1113
1114
1116
1117
1118
1119
1120
1121
1122
1123
1124
1126
1127
1128
1129
1130
1131
1132
1133
1134
1135
1136
1137
1138
1139
1140
1141
1142
1143
1144
1145
1146
1147
1148
1149
1150
1151
1152
1153
1154
1155
1156
1157
1158
1159
1160
1161
1162
1163
1164
1165
1166
1167
1168
1169
1170
1171
1172
1173
1174
1175
1176
1178
1179
1180
1181
1182
1183
1184
1185
1186
1187
1188
1189
1190
1191
1192
1193
1194
1195
1196
1197
1198
1199
1200
1201
1202
1203
1204
1205
1206
1207
1208
1209
1210
1211
1212
1213
1214
1215
1216
1217
1218
1219
1220
1221
1222
1223
1224
1225
1226
1227
1228
1229
1230
1231
1232
1234
1235
1236
1237
1238
1239
1240
1241
1242
1243
1244
1245
1246
1247
1248
1249
1250
1251
1252
1253
1254
1255
1256
1257
1258
1259
1260
1261
1262
1263
1264
1265
1266
1267
1268
1269
1270
1271
1272
1273
1274
1275
1276
1277
1278
1279
1280
1281
1282
1283
1284
1285
1286
1287
1288
1289
1290
1291
1292
1293
1294
1295
1296
1297
1298
1299
1300
1301
1302
1303
1304
1305
1306
1307
1308
1309
1310
1311
1312
1313
1314
1315
1316
1317
1318
1319
1320
1321
1322
1323
1324
1325
1326
1327
1328
1329
1330
1331
1332
1333
1334
1335
1336
1337
1338
1339
1340
1341
1342
1343
1344
1345
1346
1347
1348
1349
1350
1351
1352
1353
1354
1355
1356
1357
1358
1359
1360
1361
1362
1363
1364
1365
1366
1367
1368
1369
1370
1371
1372
1373
1374
1375
1376
1377
1378
1379
1380
1381
1382
1384
1385
1386
1387
1388
1389
1390
1391
1392
1393
1394
1395
1396
1397
1399
1400
1401
1402
1403
1404
1405
1406
1407
1408
1409
1410
1411
1412
1413
1414
1415
1416
1417
1418
1419
1420
1421
1422
1423
1424
1425
1426
1427
1428
1429
1430
1431
1432
1433
1434
1435
1436
1437
1438
1439
1440
1441
1442
1443
1444
1445
1446
1447
1448
1449
1451
1452
1453
1454
1455
1456
1457
1458
1459
1460
1461
1462
1463
1464
1465
1466
1467
1468
1469
1470
1471
1472
1473
1474
1475
1476
1477
1478
1479
1480
1481
1482
1483
1484
1485
1486
1487
1488
1489
1490
1491
1492
1493
1494
1495
1496
1497
1498
1499
1500
1501
1502
1503
1504
1505
1506
1507
1508
1509
1510
1511
1512
1513
1514
1515
1516
1517
1518
1519
1520
1521
1522
1523
1524
1525
1526
1527
1528
1529
1530
1531
1532
1533
1534
1535
1536
1537
1538
1539
1540
1541
1542
1543
1544
1545
1546
1547
1548
1549
1550
1551
1552
1553
1554
1555
1556
1557
1558
1559
1560
1561
1562
1563
1564
1565
1566
1567
1568
1569
1570
1571
1572
1573
1574
1575
1576
1577
1578
1579
1580
1581
1582
1583
1584
1585
1586
1587
1588
1589
1590
1591
1592
1593
1594
1595
1596
1597
1599
1600
1601
1602
1603
1604
1605
1606
1607
1608
1609
1610
1611
1612
1615
1616
1617
1618
1619
1620
1621
1622
1623
1624
1625
1626
1627
1628
1630
1631
1632
1633
1634
1635
1636
1637
1638
1639
1640
1641
1642
1643
1644
1645
1646
1647
1648
1649
1650
1651
1652
1653
1654
1655
1656
1657
1658
1659
1660
1661
1662
1663
1665
1666
1667
1668
1669
1670
1671
1672
1673
1674
1675
1676
1678
1679
1680
1681
1682
1683
1684
1685
1686
1687
1688
1689
1690
1691
1692
1693
1694
1696
1697
1698
1699
1700
1701
1702
1703
1704
1705
1706
1707
1708
1709
1710
1712
1713
1714
1715
1716
1717
1718
1719
1720
1721
1722
1723
1724
1725
1726
1727
1728
1729
1730
1731
1732
1733
1734
1735
1736
1737
1738
1739
1740
1741
1742
1743
1744
1745
1746
1747
1748
1749
1750
1752
1753
1754
1755
1756
1757
1759
1760
1761
1762
1763
1764
1765
1766
1767
1768
1769
1770
1771
1772
1773
1774
1775
1776
1777
1778
1779
1780
1781
1782
1783
1784
1785
1786
1787
1788
1789
1790
1791
1792
1793
1794
1795
1796
1797
1798
1799
1801
1802
1803
1804
1805
1806
1807
1808
1809
1810
1811
1812
1813
1814
1815
1816
1817
1818
1819
1820
1821
1822
1824
1825
1826
1827
1828
1829
1830
1831
1832
1833
1834
1835
1836
1837
1838
1839
1840
1841
1842
1843
1844
1845
1846
1847
1848
1849
1850
1851
1852
1853
1854
1855
1856
1857
1858
1859
1860
1861
1862
1864
1865
1866
1867
1868
1869
1870
1871
1872
1873
1874
1875
1876
1877
1878
1879
1880
1881
1882
1883
1884
1885
1886
1887
1888
1889
1890
1891
1892
1893
1894
1895
1896
1897
1898
1899
1900
1901
1902
1903
1904
1905
1906
1908
1909
1910
1911
1912
1914
1916
1917
1918
1919
1920
1921
1922
1923
1924
1925
1926
1927
1928
1929
1930
1931
1932
1933
1934
1935
1936
1937
1938
1940
1941
1942
1943
1944
1945
1946
1947
1948
1949
1950
1951
1952
1953
1954
1955
1956
1957
1958
1959
1960
1962
1963
1964
1965
1966
1967
1968
1969
1970
1971
1972
1973
1974
1975
1976
1977
1978
1979
1980
1981
1982
1983
1984
1985
1986
1987
1988
1989
1990
1992
1993
1994
1995
1996
1997
1998
1999
2000
2001
2002
2003
2004
2005
2006
2007
2008
2009
2010
2011
2012
2014
2015
2017
2018
2019
2020
2021
2022
2023
2024
2025
2026
2027
2028
2029
2030
2031
2032
2033
2034
2035
2036
2037
2038
2039
2041
2042
2043
2044
2045
2046
2047
2048
2050
2051
2052
2053
2054
2055
2056
2057
2058
2059
2060
2061
2062
2063
2064
2065
2067
2068
2069
2070
2071
2072
2073
2074
2075
2076
2077
2078
2079
2080
2081
2082
2083
2084
2085
2086
2087
2088
2089
2090
2091
2093
2094
2095
2096
2098
2099
2100
2101
2103
2104
2105
2106
2107
2108
2109
2110
2111
2112
2113
2114
2116
2117
2118
2119
2120
2121
2122
2123
2124
2125
2126
2127
2128
2129
2130
2131
2132
2133
2134
2135
2136
2137
2138
2139
2140
2141
2142
2143
2144
2145
2146
2147
2148
2149
2150
2151
2152
2153
2154
2155
2156
2158
2159
2160
2161
2162
2163
2164
2165
2166
2167
2168
2170
2171
2172
2173
2174
2175
2176
2177
2178
2179
2180
2181
2182
2184
2185
2186
2187
2188
2189
2190
2191
2192
2193
2194
2195
2196
2197
2198
2199
2200
2201
2202
2203
2204
2205
2206
2208
2209
2210
2211
2212
2213
2215
2216
2217
2218
2220
2221
2222
2224
2225
2226
2227
2228
2229
2230
2231
2232
2233
2234
2235
2236
2237
2238
2239
2240
2241
2243
2244
2245
2246
2247
2248
2249
2250
2251
2252
2253
2254
2255
2256
2257
2258
2259
2260
2261
2262
2263
2264
2265
2266
2267
2268
2269
2270
2271
2272
2273
2274
2275
2276
2277
2278
2279
2280
2282
2283
2284
2285
2286
2287
2288
2289
2290
2291
2292
2293
2294
2295
2296
2297
2298
2299
2300
2301
2302
2303
2304
2305
2306
2307
2308
2309
2310
2311
2312
2313
2314
2315
2316
2318
2319
2320
2321
2322
2323
2324
2325
2326
2327
2328
2329
2330
2331
2332
2333
2334
2335
2336
2337
2338
2339
2341
2342
2343
2344
2346
2347
2348
2349
2350
2353
2354
2355
2356
2357
2358
2359
2360
2361
2362
2364
2366
2367
2368
2369
2370
2372
2373
2374
2375
2376
2377
2378
2379
2380
2381
2382
2383
2384
2385
2386
2387
2388
2389
2390
2391
2392
2393
2394
2395
2396
2397
2399
2400
2401
2402
2403
2404
2405
2406
2407
2408
2409
2410
2411
2412
2413
2414
2415
2416
2418
2420
2421
2422
2423
2424
2425
2426
2427
2428
2429
2430
2432
2433
2434
2435
2436
2437
2438
2439
2440
2441
2442
2443
2444
2445
2446
2447
2448
2450
2452
2453
2454
2456
2457
2458
2459
2460
2461
2462
2463
2464
2465
2466
2467
2468
2469
2470
2471
2472
2473
2475
2476
2477
2478
2479
2480
2481
2482
2483
2484
2485
2486
2487
2488
2490
2491
2492
2493
2494
2495
2496
2497
2498
2499
2500
2501
2502
2503
2504
2505
2506
2507
2508
2509
2510
2511
2512
2513
2515
2516
2517
2518
2519
2520
2521
2522
2523
2524
2525
2526
2527
2528
2529
2530
2531
2532
2533
2534
2535
2536
2537
2538
2539
2540
2541
2542
2543
2544
2545
2547
2548
2549
2550
2551
2552
2553
2554
2556
2557
2558
2559
2560
2561
2562
2563
2564
2565
2566
2567
2568
2569
2570
2571
2572
2573
2574
2575
2576
2577
2578
2579
2580
2581
2582
2583
2585
2586
2587
2588
2589
2590
2591
2592
2593
2594
2595
2596
2597
2598
2599
2600
2601
2602
2603
2604
2605
2607
2608
2609
2610
2611
2612
2613
2614
2615
2616
2617
2618
2619
2621
2622
2623
2624
2625
2626
2627
2628
2629
2630
2631
2632
2633
2634
2635
2636
2637
2639
2640
2641
2642
2643
2644
2645
2646
2647
2648
2649
2651
2652
2653
2654
2655
2656
2657
2658
2659
2660
2661
2662
2663
2664
2665
2666
2668
2669
2670
2671
2673
2674
2675
2676
2677
2678
2679
2680
2681
2682
2683
2684
2685
2686
2687
2688
2689
2690
2691
2692
2693
2694
2695
2696
2697
2698
2699
2700
2701
2702
2703
2704
2705
2706
2707
2708
2709
2711
2712
2713
2714
2715
2716
2717
2718
2719
2720
2721
2722
2723
2724
2725
2726
2727
2729
2730
2731
2732
2733
2734
2736
2737
2738
2739
2740
2741
2742
2743
2744
2745
2746
2747
2748
2749
2750
2751
2752
2754
2755
2756
2757
2758
2759
2760
2761
2762
2763
2764
2765
2766
2767
2768
2769
2770
2771
2772
2773
2774
2775
2776
2777
2779
2780
2781
2782
2783
2784
2785
2786
2787
2788
2789
2790
2791
2792
2793
2794
2795
2796
2797
2798
2799
2800
2801
2802
2803
2804
2805
2806
2807
2808
2809
2810
2811
2812
2813
2814
2815
2816
2817
2818
2820
2821
2822
2823
2824
2825
2826
2827
2828
2829
2830
2831
2832
2833
2834
2835
2836
2837
2838
2839
2840
2841
2842
2843
2844
2845
2846
2847
2848
2849
2850
2851
2852
2854
2855
2856
2857
2858
2859
2860
2861
2862
2863
2864
2865
2866
2867
2868
2869
2870
2871
2872
2873
2874
2875
2876
2877
2878
2879
2880
2881
2883
2884
2885
2887
2888
2891
2892
2893
2894
2895
2896
2897
2898
2899
2900
2901
2902
2903
2904
2905
2906
2907
2908
2909
2910
2911
2912
2913
2914
2915
2916
2917
2918
2919
2920
2921
2922
2923
2924
2925
2926
2928
2929
2930
2931
2932
2933
2934
2935
2937
2938
2939
2940
2941
2942
2943
2944
2945
2946
2947
2948
2949
2950
2951
2952
2953
2954
2955
2956
2957
2958
2959
2960
2961
2962
2963
2964
2965
2966
2967
2968
2969
2970
2971
2972
2973
2974
2975
2976
2977
2978
2979
2980
2981
2982
2983
2984
2985
2986
2987
2988
2989
2990
2991
2992
2993
2994
2995
2996
2997
2998
3000
3001
3002
3003
3004
3005
3006
3007
3008
3009
3010
3011
3012
3014
3015
3016
3017
3018
3019
3020
3021
3022
3023
3024
3025
3026
3027
3028
3031
3032
3033
3034
3035
3036
3037
3038
3039
3040
3041
3042
3043
3044
3045
3046
3047
3048
3049
3050
3051
3052
3053
3054
3055
3056
3057
3058
3059
3060
3061
3062
3063
3064
3065
3066
3067
3069
3070
3071
3072
3073
3074
3075
3076
3077
3078
3079
3081
3082
3083
3084
3085
3086
3087
3088
3089
3090
3091
3092
3094
3095
3097
3098
3099
3101
3102
3104
3105
3106
3107
3108
3109
3110
3111
3112
3113
3114
3115
3116
3117
3118
3120
3122
3123
3124
3125
3126
3127
3128
3129
3130
3131
3132
3133
3134
3135
3136
3137
3138
3139
3140
3141
3142
3143
3144
3145
3146
3147
3148
3149
3150
3151
3152
3153
3154
3155
3156
3157
3158
3159
3160
3161
3162
3163
3164
3165
3166
3167
3168
3170
3171
3172
3173
3174
3175
3176
3177
3178
3179
3180
3181
3183
3184
3186
3187
3188
3189
3190
3191
3192
3193
3194
3196
3197
3198
3199
3200
3201
3202
3203
3204
3205
3207
3208
3209
3210
3212
3213
3214
3215
3216
3217
3218
3219
3221
3222
3223
3224
3225
3226
3227
3228
3229
3231
3232
3233
3234
3235
3237
3238
3239
3240
3241
3242
3243
3244
3246
3247
3248
3249
3250
3251
3252
3253
3254
3255
3256
3257
3258
3260
3262
3263
3264
3265
3266
3267
3268
3269
3270
3271
3272
3273
3274
3275
3276
3277
3278
3279
3280
3281
3282
3283
3284
3285
3286
3287
3288
3289
3290
3291
3292
3293
3294
3295
3296
3297
3298
3299
3300
3301
3302
3303
3304
3305
3306
3307
3308
3309
3310
3311
3312
3313
3314
3315
3316
3317
3318
3319
3320
3322
3323
3324
3325
3326
3327
3328
3329
3330
3331
3332
3333
3334
3335
3336
3337
3339
3340
3341
3342
3343
3344
3345
3346
3347
3348
3349
3350
3351
3352
3354
3355
3356
3357
3358
3359
3360
3361
3362
3363
3364
3365
3366
3367
3369
3370
3371
3372
3373
3374
3375
3376
3377
3378
3379
3380
3381
3382
3383
3384
3385
3386
3387
3388
3389
3390
3391
3392
3393
3394
3395
3396
3397
3398
3399
3400
3401
3402
3403
3404
3405
3406
3407
3408
3409
3410
3412
3413
3414
3415
3416
3417
3418
3420
3421
3422
3423
3424
3425
3426
3427
3428
3429
3430
3431
3432
3433
3434
3435
3436
3437
3438
3439
3440
3442
3443
3444
3445
3446
3447
3448
3449
3450
3451
3452
3455
3456
3457
3458
3459
3460
3461
3462
3463
3464
3465
3466
3467
3468
3469
3470
3471
3472
3473
3474
3476
3477
3478
3479
3480
3481
3482
3484
3485
3486
3487
3488
3489
3490
3491
3492
3493
3494
3495
3496
3497
3498
3499
3500
3501
3502
3503
3504
3505
3506
3507
3508
3509
3510
3511
3512
3513
3514
3515
3516
3517
3518
3519
3520
3521
3522
3523
3524
3525
3526
3527
3528
3529
3531
3533
3534
3535
3536
3537
3538
3539
3541
3542
3543
3544
3545
3546
3547
3548
3549
3550
3551
3552
3553
3554
3555
3556
3557
3558
3559
3560
3561
3562
3563
3564
3565
3566
3567
3568
3569
3570
3571
3572
3573
3574
3575
3576
3577
3578
3579
3580
3581
3582
3583
3584
3585
3586
3587
3588
3589
3590
3591
3592
3593
3594
3595
3596
3597
3598
3599
3600
3601
3602
3603
3604
3605
3606
3607
3608
3609
3610
3611
3613
3614
3615
3616
3617
3618
3619
3620
3621
3622
3623
3624
3625
3626
3627
3628
3629
3630
3631
3632
3633
3634
3635
3636
3637
3638
3639
3641
3642
3644
3645
3646
3648
3649
3650
3651
3653
3654
3655
3656
3657
3658
3659
3660
3661
3662
3663
3664
3665
3666
3667
3668
3669
3670
3671
3672
3675
3676
3677
3678
3679
3680
3681
3682
3683
3684
3686
3687
3689
3690
3691
3692
3693
3694
3695
3696
3697
3700
3701
3702
3703
3704
3705
3706
3707
3708
3709
3710
3711
3712
3713
3714
3715
3716
3717
3718
3719
3720
3721
3722
3723
3725
3726
3727
3728
3729
3730
3731
3732
3733
3734
3736
3737
3738
3739
3740
3741
3742
3743
3744
3745
3746
3747
3748
3749
3750
3751
3752
3753
3754
3755
3756
3757
3758
3759
3760
3761
3762
3763
3764
3765
3766
3767
3768
3769
3771
3772
3773
3774
3775
3776
3778
3779
3780
3782
3783
3784
3785
3787
3788
3789
3790
3791
3792
3793
3794
3795
3796
3797
3798
3799
3802
3803
3804
3805
3806
3807
3808
3809
3810
3811
3812
3813
3814
3815
3816
3817
3818
3819
3820
3821
3822
3824
3825
3826
3827
3828
3829
3830
3831
3832
3833
3834
3835
3836
3837
3838
3839
3840
3841
3842
3843
3844
3845
3847
3848
3850
3851
3852
3853
3854
3855
3856
3857
3858
3859
3860
3861
3863
3864
3865
3866
3867
3868
3869
3870
3872
3874
3875
3876
3877
3878
3879
3881
3882
3883
3884
3885
3886
3887
3888
3889
3890
3891
3892
3895
3897
3898
3899
3900
3901
3902
3903
3905
3906
3907
3908
3909
3910
3911
3912
3913
3914
3915
3916
3917
3918
3919
3920
3921
3922
3923
3924
3925
3926
3927
3928
3929
3930
3931
3933
3934
3935
3936
3937
3938
3939
3940
3943
3944
3945
3946
3947
3949
3950
3951
3952
3953
3954
3955
3956
3957
3958
3959
3960
3961
3962
3964
3965
3966
3967
3968
3970
3971
3972
3974
3975
3976
3977
3978
3979
3980
3981
3982
3983
3984
3985
3986
3987
3988
3989
3990
3991
3992
3993
3994
3995
3996
3997
3998
3999
4000
4001
4002
4003
4004
4005
4006
4007
4008
4009
4010
4011
4012
4013
4014
4015
4016
4017
4019
4020
4021
4022
4023
4024
4025
4026
4027
4028
4029
4030
4031
4032
4034
4035
4036
4037
4038
4040
4041
4042
4043
4044
4045
4046
4047
4048
4049
4050
4051
4052
4053
4054
4055
4056
4057
4058
4059
4060
4062
4063
4064
4065
4066
4067
4068
4069
4070
4071
4072
4073
4074
4075
4076
4077
4078
4079
4080
4081
4082
4083
4084
4087
4088
4089
4090
4091
4092
4093
4094
4095
4097
4098
4099
4100
4101
4102
4104
4105
4106
4107
4108
4109
4111
4112
4114
4115
4116
4117
4118
4119
4120
4121
4122
4123
4124
4125
4126
4127
4128
4129
4130
4131
4132
4133
4134
4136
4137
4138
4139
4140
4141
4143
4144
4145
4146
4147
4148
4149
4150
4151
4152
4154
4155
4156
4158
4159
4160
4161
4162
4163
4164
4165
4166
4167
4168
4169
4170
4171
4173
4174
4175
4176
4177
4178
4179
4180
4181
4182
4183
4184
4185
4186
4188
4189
4190
4191
4192
4193
4194
4195
4196
4197
4199
4200
4202
4203
4204
4205
4206
4207
4209
4210
4211
4212
4213
4214
4216
4217
4219
4220
4221
4222
4223
4224
4225
4226
4227
4228
4229
4230
4232
4233
4234
4235
4236
4237
4238
4239
4240
4241
4242
4243
4244
4245
4246
4247
4248
4249
4251
4252
4253
4254
4255
4256
4257
4258
4259
4260
4261
4262
4263
4265
4266
4267
4268
4269
4270
4271
4272
4273
4274
4275
4276
4277
4278
4279
4281
4282
4283
4284
4285
4286
4287
4288
4289
4290
4291
4292
4293
4294
4296
4297
4299
4300
4301
4303
4304
4306
4307
4308
4309
4310
4311
4312
4313
4314
4315
4316
4317
4318
4319
4320
4321
4322
4323
4324
4325
4327
4328
4329
4330
4331
4332
4334
4335
4336
4337
4338
4339
4340
4341
4342
4343
4344
4345
4346
4347
4348
4350
4351
4352
4353
4354
4355
4356
4357
4358
4360
4361
4362
4364
4365
4367
4368
4369
4370
4371
4372
4373
4374
4375
4376
4377
4378
4379
4380
4381
4382
4383
4384
4385
4386
4387
4389
4390
4391
4392
4393
4394
4395
4396
4397
4398
4399
4400
4401
4404
4405
4406
4407
4409
4410
4412
4413
4414
4415
4416
4417
4418
4419
4420
4421
4422
4424
4425
4426
4427
4428
4429
4430
4431
4432
4433
4434
4435
4436
4437
4438
4439
4440
4441
4442
4443
4444
4445
4446
4447
4448
4449
4450
4451
4452
4453
4454
4455
4456
4457
4458
4459
4460
4461
4462
4463
4464
4465
4466
4467
4468
4469
4470
4471
4472
4473
4474
4475
4477
4478
4479
4480
4481
4482
4483
4484
4485
4486
4487
4489
4490
4491
4492
4493
4494
4495
4496
4497
4498
4499
4500
4501
4502
4503
4504
4505
4506
4507
4508
4509
4511
4512
4514
4515
4516
4518
4519
4520
4521
4522
4523
4524
4525
4526
4527
4528
4529
4530
4531
4532
4534
4535
4536
4537
4538
4539
4540
4541
4542
4543
4545
4546
4547
4549
4550
4551
4552
4553
4554
4555
4556
4557
4558
4559
4560
4561
4562
4563
4564
4565
4566
4567
4568
4570
4571
4572
4573
4574
4575
4577
4578
4580
4581
4582
4583
4584
4585
4586
4587
4588
4589
4590
4591
4592
4593
4594
4595
4596
4598
4599
4600
4601
4602
4603
4605
4606
4608
4609
4610
4611
4612
4613
4615
4616
4617
4618
4619
4620
4621
4622
4623
4624
4625
4628
4629
4630
4631
4632
4633
4634
4635
4637
4638
4639
4640
4641
4642
4644
4645
4648
4649
4650
4651
4652
4653
4654
4656
4657
4658
4659
4660
4661
4662
4663
4664
4665
4666
4667
4668
4670
4671
4672
4673
4674
4675
4676
4677
4678
4679
4680
4681
4682
4683
4684
4685
4686
4687
4688
4689
4691
4692
4693
4694
4695
4696
4697
4698
4699
4701
4702
4703
4704
4706
4707
4708
4709
4710
4711
4712
4713
4714
4715
4716
4717
4718
4719
4720
4722
4723
4725
4726
4727
4729
4730
4731
4732
4733
4734
4735
4736
4737
4738
4740
4741
4742
4744
4745
4746
4747
4748
4749
4750
4751
4752
4753
4754
4755
4756
4757
4758
4759
4761
4762
4763
4764
4766
4767
4768
4769
4770
4771
4773
4774
4775
4776
4777
4778
4779
4780
4781
4782
4783
4784
4785
4786
4787
4788
4789
4790
4791
4792
4793
4794
4795
4796
4798
4799
4800
4801
4802
4803
4804
4805
4806
4807
4808
4809
4810
4811
4814
4816
4817
4818
4820
4821
4822
4823
4825
4826
4827
4828
4829
4830
4831
4832
4833
4834
4836
4838
4839
4840
4841
4842
4843
4844
4845
4846
4847
4848
4849
4850
4851
4852
4853
4854
4855
4856
4858
4859
4860
4861
4862
4863
4866
4867
4868
4870
4871
4873
4874
4875
4876
4878
4879
4880
4881
4882
4883
4884
4885
4886
4887
4888
4889
4890
4891
4892
4893
4895
4896
4897
4898
4899
4900
4902
4903
4904
4905
4906
4907
4908
4909
4910
4911
4912
4913
4916
4917
4918
4919
4920
4921
4922
4923
4924
4925
4926
4927
4928
4929
4930
4932
4933
4934
4935
4936
4937
4938
4939
4941
4942
4943
4944
4945
4946
4947
4950
4951
4952
4953
4954
4955
4956
4957
4958
4959
4960
4961
4962
4963
4964
4965
4966
4967
4968
4969
4970
4971
4972
4973
4974
4977
4978
4979
4980
4981
4982
4983
4984
4985
4986
4987
4989
4990
4991
4992
4993
4994
4995
4996
4997
4998
5000
5001
5003
5004
5005
5006
5007
5008
5009
5010
5011
5012
5013
5014
5015
5016
5018
5019
5020
5021
5022
5023
5024
5025
5026
5027
5028
5029
5030
5031
5032
5036
5037
5038
5039
5040
5041
5042
5044
5045
5046
5047
5048
5049
5050
5051
5052
5053
5055
5057
5058
5059
5061
5062
5064
5065
5066
5067
5068
5069
5070
5071
5072
5073
5074
5075
5076
5077
5078
5079
5080
5081
5082
5083
5084
5085
5087
5088
5089
5090
5091
5093
5094
5095
5096
5097
5098
5099
5101
5102
5104
5105
5106
5108
5109
5110
5111
5112
5113
5114
5115
5116
5117
5118
5119
5120
5121
5122
5123
5125
5126
5127
5128
5129
5130
5131
5132
5133
5134
5135
5136
5137
5138
5139
5140
5141
5142
5143
5144
5145
5146
5147
5148
5149
5150
5151
5152
5153
5154
5155
5157
5158
5160
5161
5162
5163
5164
5165
5166
5167
5168
5169
5170
5171
5172
5173
5174
5175
5176
5177
5178
5179
5180
5181
5182
5183
5184
5186
5187
5188
5189
5190
5191
5192
5193
5194
5195
5196
5197
5198
5199
5200
5201
5202
5203
5204
5205
5206
5208
5210
5211
5212
5213
5214
5215
5216
5217
5218
5219
5221
5222
5223
5224
5225
5226
5227
5228
5229
5230
5231
5232
5235
5236
5237
5238
5239
5241
5242
5243
5245
5246
5247
5248
5249
5251
5252
5253
5254
5255
5257
5258
5259
5260
5261
5262
5263
5264
5265
5267
5268
5269
5270
5271
5272
5273
5274
5275
5276
5277
5278
5280
5281
5282
5283
5284
5285
5287
5288
5289
5290
5291
5292
5293
5295
5296
5297
5298
5299
5302
5303
5304
5305
5306
5307
5308
5309
5310
5312
5313
5314
5315
5316
5317
5318
5319
5320
5321
5323
5324
5325
5326
5327
5328
5330
5331
5332
5334
5335
5337
5338
5339
5340
5342
5343
5344
5345
5346
5347
5348
5349
5350
5351
5352
5353
5354
5355
5356
5357
5358
5359
5360
5361
5362
5363
5364
5365
5366
5367
5368
5369
5370
5371
5372
5373
5374
5375
5376
5377
5378
5379
5380
5381
5382
5383
5384
5385
5386
5388
5389
5390
5391
5392
5394
5395
5396
5397
5398
5399
5400
5401
5402
5403
5404
5405
5406
5407
5408
5409
5411
5412
5413
5414
5416
5417
5418
5419
5420
5423
5425
5426
5427
5428
5429
5430
5431
5432
5433
5434
5435
5436
5437
5438
5439
5440
5442
5443
5444
5445
5446
5447
5448
5449
5450
5451
5452
5453
5454
5455
5456
5457
5458
5460
5461
5462
5463
5464
5465
5466
5467
5468
5469
5470
5471
5472
5473
5474
5475
5476
5477
5478
5479
5480
5481
5482
5483
5484
5485
5486
5487
5488
5489
5490
5491
5492
5493
5494
5495
5496
5497
5498
5499
5500
5501
5502
5503
5505
5506
5508
5509
5510
5511
5512
5513
5514
5515
5517
5518
5520
5521
5522
5523
5524
5525
5526
5527
5528
5529
5530
5531
5532
5533
5534
5535
5536
5537
5540
5541
5544
5545
5546
5548
5549
5550
5551
5552
5553
5555
5557
5558
5559
5560
5561
5562
5564
5565
5566
5567
5568
5570
5571
5572
5574
5575
5576
5577
5578
5579
5581
5582
5583
5584
5585
5586
5587
5588
5589
5590
5591
5593
5594
5595
5596
5597
5598
5599
5600
5601
5602
5603
5604
5605
5606
5607
5608
5609
5610
5611
5612
5613
5614
5615
5617
5618
5619
5620
5621
5622
5623
5626
5627
5628
5629
5632
5633
5634
5636
5637
5638
5639
5640
5642
5643
5644
5645
5646
5647
5648
5649
5650
5651
5652
5653
5654
5655
5656
5657
5658
5659
5660
5661
5662
5665
5666
5667
5668
5670
5671
5672
5673
5674
5675
5676
5677
5678
5680
5681
5682
5683
5684
5685
5686
5687
5688
5689
5690
5691
5692
5693
5695
5696
5697
5698
5699
5700
5701
5702
5703
5704
5705
5706
5707
5708
5709
5710
5711
5712
5713
5714
5715
5717
5718
5721
5722
5723
5724
5725
5726
5727
5728
5729
5730
5731
5732
5733
5734
5736
5737
5738
5739
5740
5741
5742
5743
5745
5746
5748
5749
5750
5751
5752
5753
5754
5755
5756
5757
5758
5759
5761
5762
5763
5764
5765
5766
5767
5768
5769
5770
5771
5772
5774
5775
5776
5777
5778
5779
5780
5781
5782
5783
5784
5785
5786
5787
5788
5789
5790
5791
5792
5793
5794
5796
5798
5799
5800
5801
5802
5803
5804
5805
5807
5808
5810
5813
5814
5815
5816
5817
5818
5819
5821
5822
5823
5824
5826
5827
5828
5829
5830
5832
5833
5834
5836
5837
5838
5839
5840
5842
5843
5844
5846
5849
5850
5851
5852
5853
5854
5855
5856
5857
5858
5860
5861
5863
5864
5865
5868
5869
5870
5871
5872
5874
5875
5876
5877
5878
5879
5880
5882
5883
5886
5887
5888
5889
5891
5893
5894
5895
5896
5899
5900
5901
5902
5903
5904
5905
5906
5907
5908
5909
5910
5911
5914
5915
5916
5917
5918
5919
5920
5921
5922
5923
5924
5925
5927
5928
5930
5931
5933
5934
5935
5936
5937
5938
5939
5940
5941
5943
5944
5945
5946
5947
5948
5949
5950
5951
5952
5953
5954
5955
5956
5958
5959
5961
5963
5964
5966
5968
5969
5970
5971
5972
5975
5976
5978
5979
5980
5981
5982
5983
5984
5985
5986
5987
5988
5989
5990
5991
5992
5994
5995
5996
5997
5998
5999
6000
6001
6004
6005
6006
6007
6008
6009
6011
6012
6013
6014
6015
6016
6017
6018
6019
6020
6021
6022
6023
6025
6026
6027
6029
6030
6031
6032
6033
6036
6038
6039
6040
6041
6042
6043
6044
6045
6046
6047
6050
6051
6052
6053
6054
6056
6057
6058
6059
6060
6061
6062
6063
6064
6065
6066
6067
6068
6069
6070
6072
6073
6074
6075
6077
6078
6079
6080
6081
6082
6083
6084
6085
6086
6087
6088
6089
6090
6091
6093
6094
6095
6096
6097
6098
6099
6101
6102
6103
6104
6105
6106
6107
6108
6109
6110
6113
6114
6115
6117
6118
6119
6121
6122
6123
6124
6125
6126
6127
6128
6129
6130
6131
6132
6133
6134
6135
6136
6137
6138
6139
6140
6142
6143
6144
6146
6147
6148
6149
6150
6151
6152
6153
6154
6155
6156
6157
6158
6159
6160
6161
6162
6163
6164
6165
6166
6167
6169
6170
6171
6173
6174
6175
6176
6177
6178
6179
6180
6182
6183
6184
6185
6186
6187
6188
6189
6190
6191
6192
6193
6194
6195
6196
6197
6198
6199
6200
6201
6202
6203
6204
6205
6206
6207
6208
6209
6210
6211
6212
6214
6216
6217
6218
6220
6221
6222
6223
6224
6226
6227
6228
6229
6231
6232
6233
6234
6235
6236
6237
6238
6239
6240
6241
6242
6243
6244
6245
6246
6248
6249
6250
6251
6252
6253
6254
6255
6256
6257
6258
6259
6260
6261
6262
6263
6264
6265
6266
6267
6268
6269
6270
6272
6276
6277
6278
6279
6280
6281
6282
6283
6284
6286
6287
6288
6289
6290
6292
6293
6295
6296
6297
6298
6299
6300
6301
6302
6304
6305
6306
6307
6308
6309
6310
6311
6312
6313
6314
6316
6318
6319
6320
6321
6322
6323
6324
6325
6326
6327
6328
6329
6330
6331
6332
6333
6334
6335
6336
6337
6338
6339
6340
6342
6343
6344
6345
6347
6348
6349
6350
6351
6352
6353
6354
6355
6356
6357
6358
6359
6360
6361
6362
6363
6364
6365
6367
6368
6369
6370
6371
6373
6374
6375
6376
6377
6378
6379
6380
6381
6382
6383
6384
6385
6386
6387
6388
6389
6391
6392
6394
6395
6396
6397
6398
6399
6400
6401
6402
6403
6405
6406
6407
6409
6410
6411
6414
6415
6416
6418
6419
6420
6421
6423
6424
6425
6426
6427
6428
6429
6430
6431
6433
6434
6435
6436
6437
6438
6439
6440
6441
6442
6443
6445
6446
6447
6448
6449
6450
6451
6452
6453
6454
6455
6456
6457
6458
6459
6460
6461
6462
6463
6464
6465
6466
6469
6470
6471
6472
6473
6475
6476
6477
6478
6479
6481
6482
6483
6485
6486
6487
6488
6489
6491
6492
6494
6495
6496
6497
6498
6500
6501
6502
6503
6504
6505
6507
6508
6509
6510
6511
6513
6514
6515
6516
6517
6518
6519
6521
6522
6523
6525
6526
6527
6528
6529
6530
6531
6532
6533
6534
6535
6536
6537
6538
6539
6540
6542
6543
6544
6545
6546
6547
6548
6549
6550
6551
6552
6553
6554
6555
6556
6557
6558
6559
6560
6561
6563
6564
6566
6567
6568
6569
6570
6571
6572
6573
6575
6576
6577
6578
6579
6580
6581
6582
6583
6584
6585
6587
6588
6589
6590
6591
6592
6593
6594
6596
6599
6600
6601
6602
6603
6604
6605
6606
6607
6608
6609
6610
6611
6612
6613
6614
6615
6616
6617
6618
6620
6622
6624
6625
6627
6628
6629
6630
6631
6632
6633
6634
6635
6636
6637
6638
6639
6640
6641
6642
6643
6644
6645
6646
6647
6648
6649
6650
6651
6652
6653
6654
6655
6656
6657
6658
6659
6660
6662
6663
6664
6665
6666
6667
6668
6669
6670
6672
6673
6674
6675
6676
6677
6678
6679
6680
6681
6683
6684
6686
6687
6688
6689
6690
6692
6693
6694
6696
6697
6698
6699
6700
6701
6702
6703
6704
6705
6706
6707
6708
6709
6710
6711
6712
6713
6716
6717
6718
6719
6720
6721
6723
6724
6725
6726
6728
6729
6730
6731
6734
6735
6737
6738
6740
6741
6742
6743
6744
6745
6746
6747
6748
6749
6750
6751
6752
6754
6755
6756
6757
6758
6759
6761
6762
6763
6765
6766
6767
6768
6769
6770
6771
6773
6774
6775
6776
6778
6779
6780
6781
6782
6783
6784
6785
6787
6788
6789
6790
6791
6792
6794
6795
6796
6797
6798
6799
6801
6802
6803
6804
6805
6806
6807
6809
6810
6811
6812
6813
6814
6816
6817
6819
6820
6821
6823
6824
6826
6829
6830
6832
6833
6834
6835
6836
6837
6838
6839
6841
6842
6843
6844
6845
6846
6847
6848
6849
6850
6851
6852
6853
6854
6855
6857
6858
6859
6860
6861
6862
6863
6864
6865
6866
6867
6868
6870
6871
6872
6873
6874
6875
6876
6878
6879
6880
6881
6882
6885
6886
6887
6889
6891
6892
6896
6897
6898
6899
6900
6901
6902
6903
6905
6906
6907
6909
6910
6911
6912
6913
6914
6915
6916
6917
6918
6919
6920
6921
6922
6924
6925
6926
6927
6928
6929
6930
6931
6933
6934
6936
6937
6939
6941
6942
6943
6945
6946
6947
6948
6949
6950
6951
6952
6953
6954
6957
6958
6960
6961
6962
6964
6965
6966
6967
6969
6970
6971
6972
6973
6974
6975
6976
6977
6978
6979
6980
6982
6983
6984
6986
6987
6988
6989
6990
6991
6992
6993
6994
6995
6996
6998
6999
7001
7002
7003
7004
7005
7006
7007
7008
7009
7010
7011
7012
7013
7014
7016
7017
7018
7019
7021
7022
7023
7025
7026
7027
7028
7029
7030
7031
7032
7033
7035
7037
7038
7039
7040
7041
7042
7043
7044
7045
7047
7048
7049
7051
7052
7054
7055
7056
7057
7058
7059
7060
7061
7062
7063
7064
7065
7066
7067
7068
7070
7071
7072
7073
7075
7076
7077
7078
7080
7081
7082
7083
7084
7085
7086
7087
7088
7090
7091
7092
7093
7094
7095
7096
7098
7099
7100
7101
7102
7104
7106
7107
7108
7110
7111
7112
7113
7115
7116
7117
7119
7120
7121
7122
7123
7124
7125
7126
7127
7129
7130
7131
7132
7133
7134
7135
7136
7137
7138
7139
7140
7141
7142
7143
7144
7145
7146
7147
7148
7149
7150
7151
7152
7153
7154
7155
7156
7157
7158
7160
7161
7162
7164
7165
7166
7167
7169
7170
7171
7172
7173
7174
7176
7177
7178
7179
7180
7181
7182
7183
7185
7186
7187
7188
7189
7190
7191
7192
7193
7194
7195
7196
7198
7199
7201
7202
7205
7206
7207
7208
7209
7210
7211
7213
7214
7215
7217
7220
7222
7224
7225
7226
7227
7228
7229
7230
7231
7233
7234
7236
7240
7241
7242
7243
7244
7245
7246
7247
7248
7249
7250
7251
7252
7255
7256
7258
7259
7260
7261
7262
7263
7265
7267
7268
7270
7271
7272
7274
7275
7276
7277
7278
7279
7280
7281
7283
7284
7285
7286
7287
7288
7289
7290
7291
7292
7293
7294
7295
7297
7298
7299
7301
7302
7303
7304
7305
7308
7309
7310
7313
7314
7315
7316
7317
7318
7320
7321
7322
7324
7325
7326
7327
7328
7329
7330
7332
7333
7334
7335
7336
7337
7338
7339
7340
7341
7343
7344
7345
7346
7348
7349
7350
7351
7352
7353
7354
7355
7359
7360
7361
7362
7363
7364
7365
7366
7367
7368
7369
7370
7371
7372
7373
7374
7375
7376
7377
7378
7379
7380
7381
7382
7383
7385
7386
7387
7389
7390
7391
7392
7393
7394
7395
7396
7398
7399
7401
7402
7403
7407
7408
7409
7410
7411
7413
7415
7417
7418
7419
7420
7421
7423
7424
7426
7427
7428
7429
7430
7431
7432
7434
7435
7436
7437
7438
7439
7440
7441
7442
7444
7445
7446
7447
7448
7449
7450
7451
7454
7455
7457
7458
7459
7460
7461
7462
7463
7464
7465
7466
7467
7468
7469
7470
7471
7472
7473
7474
7476
7477
7478
7479
7480
7481
7482
7483
7484
7487
7489
7492
7493
7494
7495
7496
7497
7498
7499
7500
7501
7502
7503
7505
7506
7508
7509
7510
7511
7512
7514
7515
7516
7519
7520
7521
7522
7523
7525
7526
7527
7528
7530
7531
7532
7533
7535
7537
7538
7539
7540
7541
7542
7543
7544
7545
7546
7547
7551
7552
7553
7554
7555
7556
7557
7558
7559
7560
7561
7563
7564
7565
7566
7568
7569
7570
7571
7573
7574
7575
7576
7578
7579
7580
7581
7582
7583
7584
7586
7587
7588
7589
7590
7591
7592
7593
7594
7595
7596
7597
7598
7599
7600
7601
7602
7604
7605
7606
7607
7608
7609
7610
7611
7612
7613
7615
7616
7617
7618
7619
7620
7621
7622
7624
7625
7626
7627
7628
7629
7632
7633
7634
7635
7636
7637
7638
7639
7640
7641
7642
7643
7644
7645
7647
7649
7650
7651
7652
7653
7654
7655
7657
7658
7659
7660
7662
7663
7664
7665
7666
7667
7669
7670
7671
7673
7674
7675
7676
7677
7678
7679
7681
7682
7683
7684
7685
7686
7687
7688
7689
7690
7691
7692
7693
7694
7695
7696
7697
7698
7699
7700
7701
7703
7705
7706
7708
7709
7710
7711
7712
7713
7714
7715
7716
7717
7718
7719
7720
7721
7722
7723
7724
7725
7726
7728
7729
7730
7731
7732
7733
7734
7735
7736
7737
7738
7739
7741
7742
7743
7744
7745
7746
7747
7748
7749
7750
7751
7752
7755
7756
7757
7758
7759
7760
7761
7762
7763
7764
7765
7766
7767
7768
7770
7771
7772
7773
7775
7776
7777
7778
7779
7780
7781
7782
7783
7784
7785
7786
7787
7788
7789
7790
7791
7792
7793
7794
7795
7797
7798
7799
7800
7802
7803
7804
7805
7806
7807
7808
7810
7811
7812
7813
7815
7817
7818
7820
7821
7822
7823
7824
7825
7826
7827
7828
7829
7830
7831
7832
7833
7834
7836
7837
7838
7839
7840
7841
7842
7843
7844
7845
7848
7849
7850
7851
7852
7853
7854
7856
7858
7859
7860
7861
7862
7863
7865
7866
7867
7869
7870
7871
7872
7873
7874
7875
7876
7877
7878
7879
7880
7881
7883
7884
7886
7887
7888
7890
7891
7892
7895
7896
7897
7898
7899
7900
7901
7902
7904
7905
7906
7907
7908
7909
7910
7911
7912
7913
7914
7915
7916
7917
7918
7919
7920
7921
7922
7923
7924
7925
7926
7929
7930
7931
7933
7934
7935
7936
7937
7939
7940
7941
7942
7943
7944
7945
7946
7947
7948
7949
7950
7952
7954
7955
7956
7957
7960
7961
7962
7963
7964
7965
7966
7967
7968
7969
7972
7973
7974
7976
7977
7978
7979
7980
7981
7982
7983
7984
7986
7987
7988
7990
7991
7993
7994
7995
7999
8001
8002
8003
8004
8005
8006
8007
8010
8011
8012
8013
8014
8015
8016
8017
8018
8019
8020
8021
8022
8023
8024
8025
8026
8027
8028
8029
8030
8031
8032
8033
8034
8036
8037
8038
8039
8040
8041
8042
8043
8044
8045
8046
8047
8049
8050
8053
8054
8055
8056
8057
8058
8059
8060
8061
8062
8064
8065
8066
8068
8069
8070
8071
8072
8073
8074
8075
8076
8077
8078
8079
8080
8081
8082
8083
8084
8085
8086
8087
8088
8089
8090
8092
8094
8095
8096
8097
8098
8099
8101
8102
8103
8104
8105
8106
8107
8108
8109
8110
8112
8114
8115
8116
8117
8118
8119
8120
8121
8123
8125
8126
8127
8128
8129
8130
8132
8133
8134
8135
8136
8137
8138
8139
8140
8141
8142
8144
8145
8146
8147
8148
8149
8150
8151
8152
8153
8154
8155
8156
8157
8158
8159
8160
8161
8162
8163
8165
8166
8167
8168
8169
8170
8171
8172
8173
8174
8176
8177
8178
8179
8180
8181
8184
8185
8186
8187
8188
8189
8190
8191
8192
8193
8194
8195
8196
8197
8198
8199
8200
8201
8202
8203
8204
8205
8206
8207
8208
8209
8210
8211
8212
8213
8214
8215
8217
8218
8219
8220
8221
8222
8224
8225
8227
8228
8229
8230
8231
8232
8234
8235
8236
8237
8238
8239
8240
8241
8242
8243
8244
8245
8246
8248
8249
8251
8252
8253
8255
8256
8257
8259
8260
8261
8262
8263
8264
8265
8266
8268
8269
8270
8271
8272
8273
8274
8275
8276
8277
8279
8280
8281
8282
8283
8284
8285
8286
8288
8289
8291
8292
8293
8294
8295
8296
8297
8298
8299
8300
8302
8303
8304
8306
8307
8308
8309
8310
8311
8312
8313
8314
8315
8316
8317
8318
8319
8320
8321
8323
8324
8326
8327
8328
8330
8332
8333
8334
8335
8336
8337
8338
8339
8340
8341
8342
8343
8344
8345
8346
8347
8348
8349
8350
8351
8354
8355
8357
8358
8359
8360
8362
8363
8364
8365
8366
8367
8368
8369
8371
8372
8373
8374
8375
8376
8378
8379
8380
8381
8383
8385
8386
8387
8388
8389
8390
8391
8392
8393
8394
8395
8396
8397
8398
8400
8402
8403
8404
8405
8406
8409
8410
8411
8412
8413
8415
8416
8418
8419
8420
8422
8423
8425
8427
8428
8429
8430
8431
8432
8433
8434
8435
8436
8438
8439
8440
8441
8442
8443
8444
8445
8446
8447
8448
8449
8451
8452
8453
8454
8456
8457
8458
8459
8460
8461
8462
8464
8465
8466
8467
8468
8469
8470
8471
8472
8473
8474
8475
8476
8477
8478
8479
8480
8481
8482
8483
8484
8486
8487
8488
8489
8490
8492
8493
8494
8495
8496
8497
8498
8499
8500
8501
8502
8504
8505
8506
8507
8508
8509
8510
8511
8513
8516
8518
8519
8521
8522
8523
8524
8525
8526
8529
8530
8531
8532
8533
8534
8535
8536
8537
8539
8540
8541
8542
8543
8544
8545
8547
8548
8549
8550
8552
8553
8554
8555
8556
8557
8558
8559
8560
8561
8563
8564
8565
8566
8568
8569
8570
8571
8573
8574
8576
8577
8578
8580
8581
8583
8584
8585
8586
8587
8588
8589
8591
8592
8593
8594
8595
8596
8597
8598
8599
8600
8601
8602
8604
8606
8608
8610
8611
8612
8613
8614
8615
8616
8617
8618
8619
8621
8622
8623
8624
8625
8626
8627
8630
8631
8632
8634
8635
8636
8637
8638
8639
8640
8642
8644
8645
8646
8647
8648
8651
8652
8653
8654
8655
8656
8657
8658
8659
8660
8661
8662
8663
8664
8665
8666
8667
8668
8669
8670
8671
8672
8673
8674
8677
8678
8679
8680
8681
8683
8684
8685
8686
8687
8689
8690
8692
8694
8695
8696
8698
8699
8701
8702
8703
8704
8705
8706
8707
8708
8710
8711
8712
8713
8714
8716
8717
8718
8719
8720
8721
8722
8723
8725
8727
8728
8731
8732
8733
8734
8735
8736
8737
8738
8739
8740
8741
8742
8743
8744
8746
8747
8748
8749
8750
8751
8752
8753
8754
8755
8756
8757
8758
8759
8760
8761
8762
8764
8765
8766
8767
8768
8769
8770
8771
8772
8775
8776
8777
8778
8779
8780
8783
8784
8785
8786
8788
8790
8791
8794
8795
8796
8797
8798
8799
8800
8801
8802
8803
8804
8805
8806
8807
8808
8809
8810
8811
8812
8813
8814
8815
8817
8818
8820
8821
8822
8823
8825
8826
8827
8828
8829
8831
8833
8834
8835
8836
8837
8838
8839
8840
8842
8843
8844
8845
8846
8847
8848
8849
8850
8851
8852
8853
8854
8855
8856
8857
8858
8860
8861
8862
8863
8864
8865
8866
8867
8868
8869
8870
8871
8872
8873
8874
8875
8876
8877
8878
8879
8880
8881
8882
8883
8884
8887
8888
8890
8891
8892
8893
8894
8895
8896
8898
8899
8900
8901
8903
8904
8905
8906
8908
8909
8910
8911
8912
8913
8914
8915
8917
8918
8919
8920
8921
8922
8924
8925
8926
8927
8928
8929
8930
8931
8932
8933
8934
8936
8937
8938
8940
8941
8942
8943
8944
8947
8948
8949
8952
8953
8954
8955
8956
8957
8958
8959
8960
8961
8962
8963
8964
8965
8966
8968
8969
8970
8971
8972
8973
8974
8976
8977
8978
8979
8980
8981
8982
8983
8984
8985
8987
8988
8989
8990
8991
8992
8993
8994
8995
8996
8997
8998
8999
9001
9003
9006
9007
9008
9009
9010
9011
9012
9013
9015
9017
9018
9019
9020
9021
9023
9024
9025
9026
9028
9029
9030
9031
9032
9033
9034
9035
9036
9037
9038
9039
9040
9041
9042
9043
9045
9046
9047
9048
9049
9050
9051
9052
9053
9054
9055
9057
9059
9060
9061
9062
9063
9064
9066
9067
9069
9070
9071
9072
9073
9075
9076
9077
9079
9082
9083
9084
9085
9087
9088
9089
9090
9092
9093
9094
9095
9097
9098
9100
9101
9102
9103
9104
9105
9106
9107
9109
9110
9111
9112
9113
9114
9115
9116
9117
9118
9119
9120
9121
9122
9123
9124
9125
9128
9129
9131
9132
9133
9134
9135
9136
9137
9138
9140
9141
9142
9143
9144
9146
9147
9148
9149
9150
9153
9154
9155
9156
9157
9158
9159
9162
9163
9164
9166
9167
9168
9169
9170
9172
9174
9175
9176
9178
9180
9181
9182
9184
9185
9186
9187
9188
9189
9190
9191
9192
9193
9194
9195
9196
9197
9198
9199
9200
9201
9202
9203
9204
9205
9207
9208
9209
9210
9211
9212
9213
9214
9215
9216
9217
9218
9219
9221
9222
9223
9226
9227
9229
9230
9231
9232
9233
9234
9235
9236
9237
9238
9239
9240
9241
9242
9244
9245
9247
9249
9250
9251
9252
9253
9254
9255
9257
9259
9261
9262
9263
9264
9265
9266
9267
9268
9269
9272
9273
9274
9276
9277
9278
9279
9280
9281
9282
9283
9284
9286
9287
9288
9289
9290
9292
9293
9294
9295
9296
9297
9298
9299
9301
9302
9304
9305
9306
9307
9308
9309
9310
9311
9312
9313
9314
9315
9317
9318
9319
9321
9325
9326
9327
9328
9331
9332
9333
9335
9336
9337
9338
9339
9340
9341
9342
9343
9344
9345
9346
9347
9348
9350
9351
9352
9353
9354
9355
9356
9357
9358
9360
9361
9362
9363
9364
9366
9367
9368
9369
9370
9371
9372
9373
9374
9375
9376
9377
9378
9380
9381
9383
9384
9385
9386
9388
9389
9390
9391
9392
9393
9395
9397
9398
9399
9400
9402
9403
9405
9407
9408
9409
9410
9411
9412
9414
9415
9416
9417
9418
9419
9420
9423
9424
9425
9426
9427
9428
9429
9430
9431
9432
9433
9434
9435
9437
9441
9442
9443
9444
9445
9446
9447
9448
9449
9450
9452
9453
9454
9455
9457
9460
9461
9462
9463
9464
9465
9466
9467
9468
9469
9471
9472
9473
9474
9475
9476
9477
9478
9479
9480
9481
9482
9483
9484
9485
9487
9489
9490
9492
9493
9494
9495
9496
9497
9499
9500
9501
9502
9503
9504
9505
9506
9508
9509
9510
9512
9513
9515
9516
9517
9518
9519
9520
9521
9522
9523
9525
9526
9527
9529
9535
9536
9537
9538
9539
9540
9541
9542
9543
9545
9546
9548
9550
9551
9553
9554
9555
9556
9557
9559
9560
9561
9562
9563
9564
9565
9566
9567
9568
9569
9570
9571
9572
9573
9574
9575
9576
9577
9579
9581
9582
9583
9584
9585
9586
9587
9590
9591
9592
9593
9596
9597
9598
9599
9601
9602
9603
9605
9606
9607
9609
9610
9611
9612
9613
9614
9615
9616
9617
9619
9620
9621
9622
9623
9624
9625
9626
9627
9628
9629
9630
9632
9633
9634
9635
9636
9637
9638
9639
9640
9641
9642
9643
9645
9646
9647
9648
9649
9650
9651
9652
9653
9654
9655
9656
9657
9658
9659
9660
9662
9663
9664
9665
9666
9667
9668
9669
9670
9671
9672
9674
9675
9676
9678
9679
9680
9681
9682
9683
9685
9687
9688
9689
9690
9691
9692
9693
9694
9696
9697
9698
9699
9700
9701
9703
9704
9705
9707
9709
9710
9711
9712
9713
9714
9715
9716
9718
9719
9720
9721
9722
9723
9724
9725
9726
9727
9728
9729
9730
9731
9733
9734
9735
9737
9738
9739
9740
9742
9743
9744
9745
9747
9748
9749
9750
9751
9753
9754
9755
9756
9757
9758
9761
9762
9763
9764
9765
9766
9767
9768
9769
9770
9771
9772
9773
9774
9775
9776
9777
9778
9779
9780
9781
9782
9783
9784
9785
9787
9788
9789
9790
9791
9793
9795
9796
9797
9798
9799
9801
9802
9803
9804
9805
9806
9807
9808
9809
9810
9811
9812
9813
9814
9815
9816
9817
9819
9820
9821
9822
9823
9825
9826
9827
9828
9829
9830
9831
9832
9833
9834
9835
9838
9839
9840
9842
9845
9846
9847
9848
9849
9850
9851
9852
9853
9855
9856
9857
9858
9859
9862
9863
9864
9867
9868
9869
9870
9871
9872
9874
9877
9878
9879
9880
9881
9882
9884
9885
9886
9888
9889
9890
9891
9892
9893
9894
9895
9896
9897
9899
9900
9901
9902
9904
9905
9906
9907
9908
9909
9910
9911
9912
9913
9915
9918
9919
9920
9921
9922
9923
9924
9926
9927
9928
9929
9930
9933
9936
9937
9938
9940
9941
9942
9943
9944
9945
9946
9947
9948
9949
9950
9951
9952
9954
9955
9956
9957
9958
9959
9960
9962
9963
9964
9965
9966
9967
9968
9969
9970
9971
9972
9973
9974
9975
9976
9977
9978
9979
9980
9981
9984
9985
9986
9987
9988
9989
9990
9991
9992
9995
9996
9997
9998
10000
10001
10002
10003
10004
10005
10006
10007
10009
10010
10011
10012
10014
10016
10017
10018
10019
10020
10021
10022
10023
10024
10025
10026
10027
10028
10029
10030
10031
10032
10033
10034
10035
10036
10037
10038
10039
10040
10041
10042
10044
10046
10047
10049
10050
10052
10053
10055
10056
10057
10058
10059
10060
10061
10063
10065
10066
10067
10070
10071
10073
10074
10076
10077
10078
10079
10080
10082
10083
10084
10085
10087
10088
10089
10090
10091
10092
10094
10095
10097
10098
10102
10103
10104
10107
10108
10110
10111
10112
10113
10114
10115
10116
10118
10119
10120
10121
10122
10123
10124
10125
10126
10127
10128
10129
10130
10132
10133
10134
10135
10136
10137
10138
10139
10140
10141
10142
10143
10145
10146
10147
10148
10149
10150
10151
10152
10153
10154
10155
10156
10157
10158
10159
10160
10162
10163
10165
10166
10168
10169
10170
10173
10174
10177
10179
10180
10181
10182
10184
10185
10186
10187
10188
10190
10191
10192
10193
10194
10195
10196
10198
10199
10200
10201
10202
10203
10205
10206
10207
10208
10209
10211
10213
10217
10218
10219
10220
10222
10223
10225
10226
10228
10229
10230
10231
10232
10234
10235
10236
10238
10240
10241
10242
10243
10244
10245
10246
10247
10248
10249
10250
10252
10253
10254
10255
10256
10257
10258
10259
10260
10261
10262
10263
10264
10265
10266
10267
10268
10269
10270
10271
10272
10273
10275
10276
10277
10278
10279
10280
10281
10282
10283
10284
10286
10287
10288
10289
10290
10291
10292
10293
10294
10296
10297
10298
10299
10300
10301
10302
10304
10305
10306
10307
10308
10309
10310
10311
10312
10313
10314
10315
10316
10317
10318
10319
10320
10321
10322
10324
10325
10327
10329
10330
10331
10332
10333
10334
10335
10336
10337
10338
10339
10341
10342
10343
10344
10345
10346
10347
10349
10350
10351
10354
10355
10356
10357
10358
10359
10361
10362
10364
10365
10366
10368
10369
10371
10372
10373
10374
10375
10376
10377
10378
10379
10380
10381
10382
10383
10384
10385
10386
10388
10390
10391
10392
10393
10394
10396
10398
10399
10400
10401
10402
10403
10404
10405
10406
10408
10410
10412
10413
10414
10415
10416
10417
10419
10423
10424
10425
10426
10427
10429
10430
10431
10432
10433
10434
10435
10436
10437
10438
10440
10441
10442
10443
10445
10446
10447
10449
10450
10451
10452
10453
10454
10457
10458
10459
10460
10462
10463
10464
10465
10466
10467
10469
10470
10472
10473
10474
10476
10477
10478
10479
10480
10481
10482
10483
10484
10485
10486
10487
10490
10491
10492
10493
10494
10495
10497
10498
10499
10500
10501
10502
10503
10504
10505
10506
10507
10508
10511
10512
10514
10515
10516
10517
10518
10519
10521
10522
10524
10525
10527
10528
10530
10531
10532
10533
10534
10535
10536
10537
10539
10540
10542
10544
10545
10546
10548
10550
10551
10552
10553
10557
10558
10559
10560
10561
10562
10563
10564
10565
10569
10570
10573
10574
10575
10576
10578
10579
10580
10581
10582
10583
10584
10585
10586
10588
10590
10591
10592
10593
10596
10597
10598
10601
10602
10603
10604
10605
10606
10607
10610
10611
10612
10613
10614
10615
10616
10618
10619
10620
10621
10623
10624
10625
10626
10627
10628
10629
10630
10631
10632
10633
10634
10635
10636
10637
10638
10639
10640
10641
10642
10643
10644
10646
10649
10650
10652
10653
10655
10657
10658
10659
10660
10661
10662
10663
10664
10665
10666
10667
10668
10669
10672
10673
10674
10675
10676
10677
10678
10679
10680
10681
10684
10685
10686
10690
10691
10692
10693
10694
10695
10696
10697
10698
10699
10700
10701
10702
10703
10705
10706
10708
10709
10710
10711
10712
10713
10714
10715
10716
10717
10720
10721
10723
10724
10725
10727
10728
10729
10730
10731
10732
10733
10734
10736
10738
10739
10740
10741
10742
10743
10744
10746
10747
10749
10750
10751
10752
10754
10755
10756
10757
10758
10759
10760
10761
10762
10763
10764
10767
10768
10770
10771
10772
10773
10774
10775
10776
10777
10778
10779
10782
10785
10786
10787
10789
10790
10791
10792
10793
10795
10796
10798
10800
10801
10804
10805
10806
10807
10808
10809
10811
10812
10813
10814
10815
10816
10817
10818
10819
10820
10822
10823
10824
10825
10827
10828
10829
10830
10832
10834
10835
10836
10837
10838
10839
10840
10842
10843
10844
10845
10846
10847
10849
10850
10851
10852
10853
10856
10857
10858
10859
10860
10861
10862
10863
10864
10866
10867
10868
10869
10870
10872
10873
10874
10875
10876
10877
10878
10880
10881
10883
10884
10885
10886
10888
10889
10890
10891
10892
10893
10895
10896
10897
10898
10899
10900
10901
10902
10903
10904
10906
10907
10908
10911
10912
10913
10914
10915
10916
10917
10918
10919
10920
10921
10923
10925
10926
10927
10928
10929
10930
10931
10932
10934
10936
10937
10938
10939
10942
10944
10946
10947
10948
10950
10951
10952
10953
10954
10955
10956
10957
10958
10959
10960
10962
10964
10966
10967
10968
10969
10970
10971
10972
10973
10974
10975
10976
10977
10978
10979
10980
10981
10982
10984
10988
10990
10991
10992
10993
10996
10997
10999
11000
11002
11004
11006
11007
11008
11009
11010
11011
11012
11013
11014
11015
11016
11018
11020
11021
11022
11023
11024
11025
11026
11028
11029
11030
11031
11032
11033
11034
11035
11036
11038
11039
11040
11041
11043
11045
11046
11047
11048
11049
11051
11053
11054
11055
11057
11058
11059
11061
11062
11063
11064
11065
11066
11067
11068
11069
11070
11071
11072
11073
11074
11075
11076
11077
11078
11079
11080
11081
11083
11084
11085
11086
11087
11088
11089
11090
11091
11092
11093
11096
11098
11099
11100
11101
11102
11104
11105
11106
11107
11108
11111
11112
11113
11114
11115
11116
11117
11118
11119
11120
11121
11122
11123
11124
11125
11126
11127
11128
11129
11130
11131
11132
11133
11134
11135
11136
11137
11139
11140
11142
11143
11144
11145
11146
11147
11149
11150
11151
11152
11153
11155
11156
11157
11158
11159
11160
11163
11164
11165
11167
11168
11169
11170
11171
11172
11173
11174
11176
11177
11178
11179
11180
11181
11183
11184
11185
11187
11188
11189
11190
11191
11192
11193
11194
11195
11196
11197
11198
11201
11202
11203
11204
11205
11206
11207
11208
11209
11210
11211
11212
11214
11215
11217
11218
11219
11220
11221
11222
11223
11225
11227
11229
11230
11231
11232
11233
11234
11236
11238
11239
11240
11241
11242
11243
11244
11245
11246
11247
11248
11249
11250
11251
11253
11254
11255
11256
11257
11258
11259
11260
11261
11262
11263
11264
11265
11266
11267
11268
11269
11270
11271
11272
11273
11274
11276
11277
11278
11279
11280
11282
11283
11284
11285
11287
11290
11291
11293
11294
11295
11296
11297
11298
11299
11300
11302
11304
11305
11306
11307
11308
11309
11310
11311
11312
11313
11314
11315
11316
11317
11318
11319
11320
11321
11322
11323
11324
11325
11326
11327
11328
11329
11330
11331
11332
11333
11334
11336
11340
11342
11344
11345
11346
11347
11348
11349
11350
11351
11352
11353
11354
11355
11356
11357
11358
11359
11360
11361
11362
11363
11365
11367
11368
11369
11371
11372
11373
11374
11376
11377
11378
11379
11380
11381
11383
11385
11386
11387
11390
11393
11394
11395
11396
11397
11398
11399
11400
11401
11402
11404
11406
11407
11408
11409
11410
11411
11413
11414
11415
11416
11417
11418
11419
11420
11421
11422
11424
11425
11426
11427
11428
11429
11431
11432
11433
11434
11436
11437
11438
11439
11440
11441
11442
11443
11444
11447
11448
11450
11451
11452
11453
11455
11456
11457
11458
11459
11461
11465
11466
11467
11469
11471
11473
11474
11476
11477
11478
11479
11480
11481
11482
11483
11484
11486
11488
11489
11490
11491
11492
11493
11495
11496
11497
11498
11499
11500
11501
11503
11504
11505
11508
11509
11510
11511
11512
11513
11514
11516
11518
11519
11520
11521
11523
11524
11525
11527
11528
11529
11531
11532
11533
11534
11535
11536
11537
11538
11539
11540
11541
11542
11543
11544
11545
11546
11547
11548
11549
11550
11551
11553
11554
11555
11556
11557
11559
11560
11561
11562
11563
11565
11566
11567
11568
11569
11570
11571
11572
11573
11574
11576
11577
11579
11583
11585
11587
11588
11590
11591
11592
11593
11594
11595
11596
11597
11601
11602
11603
11604
11605
11606
11607
11608
11609
11611
11612
11614
11615
11616
11617
11618
11619
11620
11621
11622
11624
11626
11627
11628
11629
11630
11631
11632
11633
11635
11636
11637
11638
11639
11640
11641
11642
11643
11644
11645
11646
11647
11648
11649
11650
11651
11652
11653
11654
11655
11656
11657
11658
11659
11660
11662
11663
11665
11666
11667
11668
11669
11670
11671
11672
11673
11674
11675
11676
11677
11678
11679
11680
11681
11684
11685
11686
11687
11688
11689
11690
11691
11693
11694
11695
11696
11697
11698
11701
11704
11706
11707
11708
11709
11710
11711
11712
11715
11716
11717
11718
11719
11720
11721
11722
11723
11724
11725
11726
11727
11728
11729
11730
11732
11733
11735
11736
11737
11740
11741
11742
11743
11746
11747
11748
11750
11751
11752
11753
11754
11755
11756
11757
11758
11760
11761
11762
11763
11765
11766
11767
11768
11771
11772
11774
11775
11776
11778
11779
11780
11781
11782
11783
11784
11785
11786
11787
11788
11789
11790
11791
11792
11794
11795
11797
11798
11799
11800
11801
11803
11804
11805
11806
11807
11809
11810
11811
11812
11814
11815
11816
11817
11818
11819
11820
11821
11822
11823
11824
11825
11827
11828
11829
11830
11831
11832
11835
11836
11837
11838
11839
11842
11843
11845
11846
11847
11848
11850
11851
11852
11853
11855
11856
11857
11858
11859
11860
11861
11862
11863
11864
11865
11868
11870
11871
11872
11873
11874
11875
11877
11878
11879
11880
11881
11882
11883
11886
11888
11889
11890
11892
11893
11894
11895
11896
11897
11898
11899
11900
11901
11902
11904
11905
11906
11908
11909
11910
11911
11912
11914
11915
11916
11917
11918
11920
11921
11922
11924
11925
11926
11927
11930
11931
11932
11936
11937
11939
11940
11942
11943
11944
11946
11947
11948
11949
11950
11954
11955
11956
11957
11958
11959
11960
11961
11962
11963
11964
11965
11966
11967
11968
11969
11971
11973
11974
11975
11976
11977
11979
11980
11982
11983
11984
11985
11986
11987
11988
11990
11991
11992
11993
11994
11995
11999
12000
12001
12002
12003
12005
12006
12007
12008
12009
12013
12015
12017
12018
12019
12020
12021
12023
12024
12025
12026
12028
12029
12030
12031
12033
12034
12036
12037
12039
12040
12041
12043
12044
12045
12047
12048
12049
12051
12052
12054
12055
12056
12058
12060
12061
12062
12064
12065
12067
12068
12070
12071
12072
12073
12076
12077
12079
12080
12081
12082
12083
12084
12086
12087
12088
12089
12090
12091
12092
12094
12096
12097
12098
12099
12100
12101
12102
12103
12104
12105
12106
12107
12109
12110
12111
12112
12113
12114
12115
12117
12118
12119
12121
12123
12125
12126
12128
12129
12130
12131
12132
12133
12134
12135
12138
12139
12140
12141
12142
12143
12145
12146
12147
12149
12150
12151
12152
12153
12154
12155
12156
12157
12159
12160
12161
12162
12163
12164
12165
12166
12167
12168
12169
12170
12171
12172
12173
12176
12178
12179
12180
12182
12183
12184
12185
12187
12188
12189
12191
12192
12193
12194
12195
12196
12197
12199
12201
12202
12204
12205
12207
12208
12211
12212
12214
12215
12216
12217
12218
12219
12220
12221
12222
12224
12225
12226
12227
12230
12231
12232
12233
12234
12235
12237
12238
12239
12240
12241
12242
12243
12244
12245
12249
12250
12251
12253
12254
12255
12257
12258
12259
12261
12262
12263
12264
12265
12266
12267
12268
12269
12270
12271
12272
12273
12274
12275
12277
12278
12279
12282
12283
12285
12286
12287
12288
12290
12291
12294
12295
12296
12297
12298
12300
12301
12303
12304
12305
12306
12307
12309
12311
12312
12313
12314
12315
12316
12317
12319
12321
12322
12323
12324
12325
12327
12330
12331
12333
12334
12335
12336
12337
12338
12339
12340
12341
12342
12343
12345
12346
12347
12348
12350
12351
12352
12353
12354
12355
12356
12357
12358
12359
12361
12362
12365
12366
12367
12368
12369
12370
12373
12375
12376
12377
12379
12380
12381
12385
12386
12388
12389
12390
12391
12393
12394
12395
12396
12397
12399
12400
12402
12403
12404
12405
12406
12408
12409
12410
12412
12413
12414
12415
12416
12417
12418
12419
12421
12422
12423
12424
12425
12427
12428
12429
12430
12431
12435
12436
12437
12439
12441
12442
12443
12444
12446
12447
12448
12449
12450
12452
12453
12454
12455
12456
12457
12458
12459
12460
12461
12462
12463
12464
12466
12468
12471
12473
12475
12477
12478
12479
12480
12481
12482
12484
12485
12486
12488
12489
12490
12491
12492
12493
12494
12495
12496
12497
12498
12500
12501
12502
12503
12505
12506
12509
12510
12511
12512
12513
12515
12516
12517
12518
12519
12520
12521
12522
12523
12524
12525
12526
12527
12528
12529
12530
12531
12532
12533
12535
12536
12537
12538
12539
12540
12541
12542
12543
12544
12545
12546
12547
12548
12549
12550
12554
12555
12556
12557
12558
12559
12561
12562
12563
12564
12566
12567
12568
12569
12570
12571
12572
12573
12574
12576
12577
12578
12579
12580
12581
12582
12583
12584
12586
12587
12588
12594
12596
12597
12601
12602
12603
12604
12606
12607
12608
12609
12610
12611
12613
12615
12616
12617
12618
12619
12620
12621
12622
12623
12624
12626
12627
12629
12630
12631
12633
12636
12637
12638
12639
12640
12641
12642
12643
12645
12646
12647
12648
12649
12650
12651
12654
12655
12656
12657
12659
12660
12661
12662
12663
12664
12665
12668
12669
12671
12672
12673
12674
12675
12678
12679
12680
12681
12682
12683
12684
12688
12689
12690
12691
12692
12693
12694
12695
12696
12697
12700
12701
12702
12704
12705
12706
12709
12710
12711
12713
12714
12715
12716
12717
12718
12719
12720
12721
12722
12724
12725
12726
12727
12728
12732
12733
12735
12736
12737
12738
12739
12740
12741
12742
12743
12745
12747
12748
12749
12750
12751
12752
12753
12754
12755
12756
12757
12758
12759
12760
12763
12764
12765
12766
12767
12768
12770
12771
12774
12775
12776
12777
12778
12779
12780
12781
12782
12783
12784
12785
12786
12787
12788
12789
12790
12791
12792
12793
12794
12795
12796
12798
12799
12800
12801
12802
12804
12805
12806
12807
12808
12811
12812
12813
12814
12815
12816
12817
12818
12819
12820
12821
12822
12823
12824
12825
12826
12827
12829
12830
12832
12833
12834
12836
12837
12838
12840
12841
12842
12843
12844
12845
12846
12847
12849
12850
12851
12852
12853
12854
12855
12858
12859
12863
12864
12865
12866
12867
12868
12869
12870
12871
12873
12874
12875
12876
12877
12878
12880
12881
12882
12883
12884
12886
12887
12888
12889
12890
12891
12893
12895
12896
12897
12898
12899
12900
12901
12903
12904
12905
12906
12907
12908
12909
12910
12912
12913
12914
12915
12917
12920
12921
12922
12923
12924
12925
12926
12927
12928
12929
12931
12932
12934
12935
12936
12937
12938
12940
12941
12942
12943
12945
12946
12948
12949
12950
12952
12953
12954
12955
12957
12958
12959
12960
12961
12962
12963
12964
12965
12966
12969
12973
12974
12975
12976
12977
12980
12982
12983
12984
12985
12986
12987
12988
12991
12993
12994
12995
12996
12997
12998
13000
13001
13002
13004
13007
13011
13012
13013
13014
13015
13016
13017
13019
13022
13023
13024
13026
13027
13028
13029
13030
13031
13033
13034
13036
13037
13038
13039
13042
13043
13044
13045
13047
13048
13049
13050
13053
13054
13055
13056
13057
13058
13059
13061
13062
13063
13064
13065
13066
13067
13068
13069
13071
13072
13073
13076
13077
13079
13080
13081
13082
13083
13084
13085
13086
13087
13088
13089
13090
13091
13092
13093
13094
13095
13096
13097
13098
13099
13101
13102
13103
13104
13105
13107
13108
13109
13110
13111
13112
13113
13114
13115
13118
13120
13121
13123
13126
13128
13129
13131
13132
13135
13136
13137
13138
13139
13140
13141
13142
13143
13145
13146
13150
13151
13153
13154
13155
13156
13157
13158
13159
13160
13161
13162
13163
13165
13166
13167
13168
13169
13170
13171
13172
13173
13175
13176
13177
13178
13179
13180
13181
13182
13183
13184
13185
13186
13187
13188
13190
13192
13193
13196
13197
13198
13199
13200
13201
13202
13204
13205
13207
13208
13209
13211
13213
13214
13215
13216
13217
13218
13219
13220
13221
13222
13223
13224
13226
13227
13228
13229
13230
13231
13232
13235
13236
13237
13238
13239
13240
13241
13242
13243
13244
13245
13246
13247
13248
13249
13251
13252
13254
13256
13257
13258
13259
13260
13261
13262
13263
13264
13265
13266
13267
13268
13269
13270
13271
13272
13273
13276
13278
13279
13280
13281
13282
13283
13284
13285
13286
13288
13289
13290
13295
13296
13298
13301
13303
13305
13306
13307
13309
13310
13312
13313
13315
13316
13317
13318
13319
13320
13322
13323
13324
13325
13329
13330
13331
13332
13333
13334
13335
13336
13337
13340
13341
13343
13344
13345
13348
13350
13351
13353
13354
13355
13356
13358
13359
13360
13362
13364
13365
13366
13367
13368
13369
13370
13371
13372
13373
13374
13375
13376
13377
13378
13379
13382
13383
13384
13385
13386
13387
13388
13389
13390
13391
13392
13393
13394
13395
13396
13397
13398
13399
13400
13402
13403
13404
13405
13407
13408
13410
13412
13413
13415
13416
13417
13418
13420
13421
13422
13423
13425
13426
13427
13428
13429
13430
13432
13434
13435
13436
13439
13440
13441
13442
13443
13444
13445
13448
13449
13450
13451
13452
13453
13454
13455
13457
13458
13460
13462
13464
13465
13468
13470
13473
13475
13477
13478
13479
13480
13481
13482
13483
13485
13486
13487
13488
13489
13490
13491
13492
13494
13496
13497
13498
13499
13500
13501
13503
13504
13505
13506
13509
13510
13511
13512
13513
13514
13518
13520
13521
13522
13524
13525
13527
13528
13531
13533
13534
13535
13536
13537
13539
13540
13541
13542
13543
13544
13545
13546
13547
13550
13552
13553
13554
13555
13556
13557
13558
13559
13560
13561
13563
13564
13565
13566
13567
13568
13569
13570
13571
13572
13573
13574
13575
13576
13578
13579
13581
13584
13585
13586
13587
13588
13591
13594
13595
13596
13597
13598
13599
13600
13601
13602
13605
13606
13607
13608
13609
13610
13611
13612
13613
13614
13615
13616
13617
13618
13620
13622
13623
13624
13625
13626
13627
13628
13630
13631
13632
13634
13636
13637
13638
13640
13641
13642
13643
13644
13645
13646
13648
13650
13651
13652
13653
13654
13655
13657
13658
13660
13661
13662
13663
13665
13666
13667
13668
13669
13670
13672
13673
13674
13675
13676
13677
13678
13679
13681
13682
13683
13684
13685
13687
13688
13690
13691
13692
13694
13695
13697
13698
13699
13702
13703
13704
13705
13706
13707
13708
13709
13713
13714
13715
13716
13717
13723
13724
13725
13727
13728
13731
13732
13733
13734
13735
13736
13738
13741
13742
13744
13745
13746
13747
13749
13750
13752
13753
13754
13755
13756
13757
13758
13759
13760
13761
13762
13763
13764
13765
13766
13768
13769
13771
13772
13773
13774
13775
13776
13777
13778
13779
13780
13781
13782
13783
13784
13786
13787
13788
13789
13791
13792
13794
13795
13797
13798
13799
13800
13802
13803
13804
13805
13806
13807
13808
13809
13810
13811
13812
13813
13814
13816
13817
13818
13819
13820
13822
13823
13826
13827
13832
13833
13834
13835
13837
13838
13839
13840
13841
13842
13843
13844
13846
13847
13848
13849
13850
13851
13852
13853
13854
13855
13856
13857
13858
13859
13860
13862
13863
13864
13865
13866
13867
13868
13870
13873
13874
13875
13878
13879
13880
13881
13882
13884
13885
13887
13890
13891
13892
13894
13896
13897
13898
13899
13901
13902
13903
13904
13906
13908
13909
13910
13911
13912
13913
13914
13915
13917
13920
13921
13923
13925
13926
13927
13928
13929
13932
13933
13935
13936
13938
13939
13941
13942
13943
13944
13945
13946
13947
13948
13950
13951
13954
13955
13957
13958
13960
13961
13962
13963
13964
13965
13966
13967
13968
13969
13970
13971
13972
13973
13974
13975
13976
13977
13979
13980
13981
13982
13983
13984
13985
13986
13987
13988
13991
13992
13993
13995
13996
13998
13999
14000
14003
14004
14005
14006
14007
14008
14009
14011
14012
14013
14014
14015
14016
14018
14019
14021
14022
14023
14024
14026
14029
14030
14031
14032
14033
14034
14035
14036
14037
14039
14040
14041
14043
14044
14045
14046
14047
14048
14050
14051
14052
14053
14055
14056
14058
14059
14060
14061
14064
14065
14066
14067
14068
14069
14070
14071
14073
14074
14076
14077
14078
14079
14080
14081
14082
14084
14085
14086
14087
14088
14089
14090
14092
14094
14095
14097
14098
14100
14101
14102
14103
14105
14106
14107
14108
14109
14110
14111
14112
14113
14115
14116
14118
14119
14120
14121
14122
14123
14124
14125
14126
14128
14129
14130
14131
14132
14133
14134
14136
14137
14138
14140
14141
14142
14143
14144
14145
14147
14148
14149
14151
14152
14153
14154
14155
14156
14157
14159
14160
14161
14162
14163
14164
14165
14166
14168
14169
14170
14172
14174
14175
14176
14177
14178
14179
14180
14181
14182
14183
14184
14185
14186
14189
14190
14191
14192
14193
14194
14195
14196
14197
14198
14199
14200
14202
14203
14204
14205
14206
14208
14209
14210
14212
14213
14214
14215
14216
14219
14220
14221
14222
14223
14224
14226
14227
14228
14233
14234
14235
14237
14238
14239
14240
14241
14242
14243
14244
14245
14246
14247
14248
14249
14250
14251
14252
14254
14255
14256
14258
14259
14260
14261
14262
14263
14264
14265
14266
14267
14268
14269
14270
14271
14272
14273
14274
14277
14280
14281
14282
14283
14285
14286
14287
14288
14289
14290
14291
14292
14293
14294
14296
14297
14300
14301
14304
14306
14308
14309
14311
14312
14314
14315
14316
14318
14320
14322
14323
14325
14327
14328
14330
14332
14333
14334
14335
14336
14337
14339
14340
14341
14343
14344
14345
14346
14347
14348
14349
14351
14352
14353
14354
14356
14358
14361
14365
14368
14370
14371
14372
14373
14374
14375
14376
14377
14378
14379
14380
14381
14382
14383
14384
14385
14386
14387
14388
14389
14390
14392
14394
14395
14397
14398
14400
14401
14402
14405
14407
14408
14409
14410
14411
14414
14416
14417
14418
14419
14420
14421
14423
14427
14428
14429
14430
14431
14434
14435
14436
14437
14438
14439
14440
14441
14442
14443
14444
14445
14446
14447
14449
14450
14451
14452
14453
14454
14456
14457
14458
14459
14460
14461
14462
14465
14468
14469
14470
14471
14472
14473
14474
14475
14476
14477
14478
14480
14481
14482
14485
14486
14489
14490
14492
14495
14496
14497
14499
14501
14502
14503
14504
14505
14507
14508
14509
14510
14512
14513
14514
14515
14517
14519
14520
14522
14523
14524
14525
14526
14528
14531
14532
14534
14535
14537
14539
14540
14541
14542
14543
14544
14545
14548
14549
14551
14552
14553
14554
14555
14556
14557
14558
14559
14560
14561
14562
14563
14565
14566
14567
14569
14570
14571
14572
14573
14574
14576
14577
14578
14579
14580
14581
14583
14585
14586
14587
14588
14589
14590
14591
14593
14594
14595
14596
14598
14599
14600
14601
14602
14603
14604
14605
14606
14608
14610
14611
14613
14615
14616
14617
14618
14619
14621
14622
14623
14625
14626
14629
14630
14632
14634
14635
14636
14637
14639
14641
14642
14643
14645
14646
14647
14648
14649
14650
14653
14654
14657
14658
14659
14660
14661
14662
14663
14664
14665
14668
14669
14670
14671
14672
14673
14674
14676
14677
14678
14679
14680
14682
14683
14684
14685
14687
14688
14689
14691
14692
14693
14694
14695
14696
14697
14698
14700
14701
14702
14703
14705
14706
14707
14708
14710
14711
14712
14713
14714
14715
14716
14717
14718
14720
14721
14722
14725
14726
14727
14728
14731
14732
14733
14734
14735
14736
14737
14738
14739
14744
14746
14747
14748
14749
14750
14751
14752
14754
14755
14757
14759
14760
14762
14763
14764
14765
14766
14768
14769
14770
14772
14773
14774
14775
14777
14778
14779
14781
14782
14783
14784
14785
14786
14787
14788
14789
14791
14793
14794
14795
14796
14797
14798
14799
14800
14801
14802
14803
14807
14808
14809
14810
14811
14812
14813
14814
14816
14817
14818
14819
14821
14822
14823
14824
14825
14826
14827
14828
14829
14830
14832
14833
14834
14835
14836
14837
14838
14839
14840
14842
14844
14846
14848
14849
14851
14852
14853
14854
14855
14856
14858
14860
14861
14862
14863
14865
14866
14867
14868
14869
14870
14871
14872
14874
14875
14876
14877
14878
14879
14880
14882
14883
14884
14885
14886
14887
14888
14890
14892
14893
14894
14895
14896
14897
14898
14899
14901
14905
14906
14907
14908
14909
14910
14911
14912
14913
14914
14915
14916
14917
14918
14920
14921
14922
14923
14924
14926
14927
14928
14931
14932
14933
14934
14936
14937
14938
14940
14943
14944
14945
14947
14950
14951
14952
14953
14955
14956
14957
14958
14959
14960
14962
14963
14964
14965
14968
14970
14971
14972
14973
14974
14975
14976
14977
14978
14979
14980
14981
14982
14983
14984
14987
14988
14989
14991
14992
14993
14995
14996
14997
14999
15000
15001
15002
15003
15004
15005
15006
15007
15009
15010
15011
15013
15015
15016
15017
15018
15019
15020
15023
15025
15026
15027
15028
15029
15030
15031
15032
15033
15034
15035
15036
15037
15038
15040
15041
15042
15043
15044
15045
15047
15048
15049
15050
15052
15054
15055
15057
15058
15060
15061
15062
15064
15065
15066
15067
15069
15070
15071
15072
15074
15077
15078
15080
15082
15083
15085
15086
15087
15088
15089
15090
15092
15093
15094
15095
15096
15097
15098
15099
15100
15103
15104
15105
15107
15108
15109
15112
15113
15114
15115
15116
15117
15118
15119
15120
15121
15122
15123
15124
15128
15129
15130
15131
15132
15133
15134
15135
15136
15137
15138
15141
15144
15145
15146
15150
15153
15155
15156
15157
15160
15161
15162
15164
15165
15166
15167
15168
15169
15170
15171
15174
15175
15176
15177
15178
15181
15183
15184
15185
15186
15188
15189
15190
15192
15193
15194
15196
15197
15198
15199
15201
15202
15203
15204
15205
15206
15207
15208
15210
15211
15212
15213
15214
15215
15217
15218
15219
15220
15221
15222
15224
15225
15226
15227
15228
15229
15232
15233
15234
15235
15236
15237
15238
15239
15240
15242
15243
15244
15246
15248
15249
15250
15257
15259
15261
15262
15263
15264
15266
15267
15268
15269
15270
15271
15272
15273
15274
15275
15277
15278
15280
15284
15285
15286
15287
15288
15289
15290
15291
15292
15294
15295
15296
15297
15298
15299
15300
15301
15303
15304
15305
15306
15308
15309
15311
15312
15313
15314
15316
15318
15319
15320
15321
15323
15324
15327
15328
15329
15330
15331
15332
15333
15335
15339
15340
15341
15342
15344
15345
15346
15347
15349
15350
15352
15353
15354
15355
15356
15359
15360
15361
15362
15365
15366
15367
15369
15370
15371
15373
15374
15375
15376
15377
15378
15379
15380
15381
15382
15383
15384
15385
15386
15387
15388
15389
15390
15391
15392
15393
15394
15395
15397
15399
15400
15401
15402
15403
15405
15406
15407
15408
15409
15410
15411
15412
15413
15414
15415
15417
15419
15421
15422
15424
15425
15426
15427
15428
15429
15430
15431
15432
15433
15434
15435
15436
15437
15438
15440
15441
15443
15444
15445
15446
15448
15449
15450
15451
15452
15453
15454
15455
15460
15462
15463
15464
15466
15467
15468
15469
15470
15471
15472
15473
15474
15476
15478
15480
15482
15483
15484
15485
15486
15487
15488
15489
15490
15491
15492
15493
15494
15495
15496
15497
15498
15500
15501
15503
15504
15505
15507
15508
15510
15511
15512
15513
15514
15515
15518
15521
15522
15523
15525
15526
15527
15528
15529
15531
15537
15539
15540
15541
15542
15544
15545
15546
15547
15548
15549
15550
15551
15552
15553
15555
15556
15557
15559
15560
15561
15562
15563
15564
15566
15567
15568
15569
15570
15571
15572
15574
15575
15577
15578
15579
15580
15581
15582
15584
15585
15586
15587
15588
15589
15590
15591
15593
15594
15595
15596
15598
15600
15601
15603
15604
15605
15606
15608
15609
15611
15612
15613
15614
15615
15618
15619
15620
15622
15623
15624
15625
15627
15628
15629
15630
15632
15634
15635
15636
15638
15639
15640
15641
15644
15645
15646
15647
15648
15649
15650
15651
15653
15656
15658
15659
15660
15661
15662
15663
15664
15665
15666
15667
15669
15670
15672
15673
15674
15675
15676
15679
15681
15685
15686
15688
15689
15690
15692
15693
15694
15695
15696
15697
15698
15699
15700
15701
15702
15703
15704
15705
15706
15707
15708
15709
15710
15713
15715
15716
15717
15718
15719
15720
15722
15724
15725
15726
15727
15728
15729
15731
15732
15733
15734
15735
15736
15737
15738
15739
15740
15741
15742
15743
15745
15746
15747
15748
15749
15751
15752
15754
15756
15758
15759
15762
15764
15765
15767
15768
15769
15770
15771
15773
15774
15776
15778
15780
15781
15783
15784
15785
15788
15789
15790
15792
15793
15794
15795
15796
15797
15799
15802
15803
15804
15805
15806
15808
15809
15810
15812
15813
15814
15815
15816
15818
15820
15821
15822
15824
15825
15827
15828
15830
15831
15832
15834
15835
15836
15837
15838
15839
15840
15842
15843
15845
15846
15847
15848
15849
15850
15851
15853
15854
15855
15856
15857
15858
15859
15860
15861
15862
15863
15864
15865
15866
15867
15868
15870
15871
15872
15873
15874
15876
15877
15878
15879
15880
15882
15884
15885
15886
15887
15888
15889
15891
15892
15893
15894
15895
15896
15897
15898
15899
15900
15902
15903
15905
15906
15907
15908
15909
15910
15911
15917
15918
15919
15921
15922
15923
15924
15925
15927
15928
15929
15930
15931
15932
15933
15934
15936
15937
15938
15939
15941
15943
15945
15946
15947
15948
15949
15950
15952
15953
15955
15956
15957
15958
15959
15960
15962
15963
15964
15965
15966
15967
15968
15969
15970
15971
15972
15973
15975
15976
15977
15978
15979
15982
15983
15985
15987
15988
15990
15991
15992
15993
15994
15996
15998
15999
16000
16001
16006
16008
16009
16010
16011
16012
16014
16015
16016
16017
16018
16019
16020
16021
16022
16023
16024
16025
16026
16028
16029
16030
16033
16034
16035
16036
16037
16038
16039
16040
16042
16044
16045
16048
16049
16050
16053
16056
16058
16059
16060
16061
16062
16063
16065
16066
16067
16068
16069
16070
16073
16075
16077
16078
16079
16080
16081
16082
16084
16085
16086
16088
16089
16091
16092
16093
16095
16097
16098
16099
16100
16101
16103
16104
16106
16107
16108
16109
16110
16111
16112
16114
16115
16116
16117
16119
16120
16121
16122
16123
16124
16125
16126
16127
16128
16132
16134
16137
16138
16139
16140
16141
16142
16143
16144
16145
16147
16148
16149
16150
16153
16154
16155
16156
16157
16158
16159
16160
16162
16163
16164
16165
16167
16168
16169
16171
16172
16174
16175
16177
16178
16179
16180
16182
16183
16184
16186
16187
16188
16189
16190
16191
16192
16196
16197
16198
16200
16201
16202
16207
16208
16211
16212
16213
16214
16217
16218
16219
16220
16221
16222
16223
16225
16228
16229
16230
16231
16233
16234
16236
16237
16238
16239
16240
16241
16243
16245
16247
16248
16249
16250
16251
16252
16253
16254
16256
16257
16258
16260
16261
16262
16264
16267
16268
16270
16271
16272
16274
16275
16276
16278
16279
16280
16281
16282
16284
16285
16288
16290
16293
16294
16295
16296
16297
16298
16299
16300
16301
16302
16304
16305
16306
16307
16308
16309
16311
16313
16314
16315
16317
16318
16320
16321
16324
16325
16326
16327
16329
16330
16332
16333
16335
16336
16337
16338
16341
16343
16345
16346
16347
16348
16349
16350
16351
16352
16354
16356
16358
16359
16360
16362
16364
16366
16368
16369
16370
16371
16376
16377
16378
16379
16380
16381
16382
16384
16385
16386
16387
16389
16390
16393
16394
16395
16397
16398
16400
16401
16402
16403
16404
16405
16406
16407
16408
16409
16410
16411
16412
16413
16414
16415
16417
16418
16419
16420
16421
16422
16424
16425
16428
16429
16430
16431
16432
16434
16435
16436
16438
16439
16440
16441
16442
16443
16447
16448
16449
16450
16451
16452
16453
16454
16456
16460
16461
16463
16465
16468
16469
16471
16472
16473
16474
16475
16477
16478
16480
16481
16482
16484
16486
16487
16490
16491
16492
16493
16494
16495
16496
16499
16500
16501
16502
16503
16505
16506
16507
16508
16510
16514
16515
16516
16518
16519
16520
16521
16522
16523
16524
16525
16526
16528
16529
16531
16532
16534
16535
16536
16539
16544
16545
16546
16547
16548
16549
16551
16552
16555
16556
16558
16559
16560
16561
16562
16563
16565
16566
16567
16568
16569
16572
16573
16574
16575
16577
16578
16579
16580
16581
16582
16583
16584
16585
16587
16588
16590
16591
16592
16593
16594
16597
16598
16599
16601
16602
16603
16606
16607
16609
16610
16611
16612
16613
16614
16615
16616
16617
16619
16620
16622
16624
16626
16629
16630
16631
16634
16636
16638
16639
16640
16641
16642
16643
16644
16647
16648
16649
16651
16653
16654
16655
16656
16658
16659
16661
16662
16664
16666
16667
16668
16671
16672
16673
16674
16675
16676
16677
16679
16681
16682
16683
16685
16686
16687
16690
16691
16692
16693
16694
16695
16697
16699
16700
16703
16705
16706
16707
16709
16711
16712
16713
16714
16715
16717
16718
16719
16721
16722
16723
16724
16725
16727
16728
16732
16733
16734
16735
16736
16737
16738
16739
16740
16741
16742
16743
16744
16746
16747
16748
16749
16751
16752
16753
16754
16755
16756
16757
16758
16759
16760
16761
16762
16763
16764
16765
16767
16768
16769
16771
16772
16773
16775
16776
16777
16778
16779
16781
16782
16783
16786
16787
16788
16789
16790
16793
16794
16798
16799
16800
16801
16802
16803
16805
16807
16808
16809
16812
16813
16814
16815
16816
16817
16819
16820
16821
16823
16825
16826
16827
16828
16829
16830
16831
16833
16834
16836
16837
16838
16839
16841
16842
16843
16844
16846
16847
16848
16849
16850
16852
16853
16855
16856
16858
16859
16860
16862
16863
16864
16865
16866
16867
16869
16870
16871
16872
16873
16874
16875
16876
16877
16879
16880
16884
16885
16888
16890
16891
16893
16894
16897
16899
16900
16901
16903
16904
16905
16906
16907
16908
16909
16910
16911
16912
16914
16915
16916
16917
16920
16921
16923
16924
16928
16930
16932
16933
16934
16935
16936
16937
16938
16939
16940
16941
16942
16943
16944
16945
16946
16947
16949
16950
16951
16952
16954
16955
16956
16957
16958
16959
16961
16962
16963
16964
16965
16966
16967
16968
16970
16971
16973
16974
16975
16977
16978
16979
16980
16981
16982
16983
16984
16985
16986
16987
16988
16989
16991
16992
16993
16995
16996
16997
16998
16999
17000
17002
17003
17004
17005
17006
17009
17010
17011
17012
17013
17015
17016
17017
17018
17023
17024
17027
17028
17030
17032
17034
17035
17038
17039
17040
17041
17043
17044
17045
17046
17047
17049
17051
17052
17053
17054
17055
17058
17059
17062
17063
17064
17065
17066
17067
17068
17069
17070
17071
17073
17075
17076
17077
17078
17079
17080
17081
17082
17083
17084
17085
17086
17087
17089
17090
17091
17092
17094
17096
17098
17099
17100
17101
17102
17105
17106
17107
17108
17110
17111
17112
17114
17115
17117
17118
17119
17120
17121
17122
17123
17126
17128
17129
17130
17132
17133
17135
17136
17140
17142
17143
17144
17145
17147
17149
17150
17151
17152
17153
17154
17155
17156
17157
17158
17161
17162
17164
17166
17167
17168
17169
17171
17172
17174
17175
17176
17177
17180
17182
17183
17185
17186
17187
17189
17190
17191
17193
17195
17196
17197
17198
17199
17201
17204
17209
17210
17211
17212
17214
17216
17217
17218
17219
17220
17223
17224
17225
17226
17227
17228
17232
17233
17234
17235
17237
17238
17239
17241
17244
17246
17247
17248
17249
17251
17252
17253
17254
17257
17258
17260
17261
17262
17263
17265
17266
17267
17268
17269
17272
17274
17277
17278
17279
17280
17282
17283
17284
17287
17289
17290
17291
17293
17294
17295
17297
17298
17300
17302
17303
17304
17305
17306
17307
17309
17311
17312
17313
17314
17316
17317
17318
17319
17320
17322
17324
17326
17328
17331
17332
17334
17335
17336
17338
17340
17342
17344
17345
17347
17349
17351
17353
17354
17355
17357
17358
17359
17360
17362
17364
17365
17366
17367
17369
17370
17371
17372
17373
17374
17375
17376
17377
17379
17380
17381
17382
17383
17384
17385
17386
17387
17388
17389
17390
17391
17392
17393
17394
17396
17397
17398
17399
17401
17402
17403
17404
17405
17406
17409
17410
17413
17417
17418
17420
17422
17423
17424
17425
17426
17427
17429
17430
17431
17432
17433
17436
17437
17438
17439
17440
17441
17444
17445
17448
17450
17452
17454
17455
17456
17457
17458
17459
17461
17462
17463
17464
17465
17466
17467
17469
17470
17471
17472
17476
17477
17479
17480
17481
17482
17483
17484
17486
17489
17490
17492
17493
17494
17496
17497
17498
17501
17502
17503
17504
17506
17507
17509
17510
17512
17513
17514
17515
17516
17519
17522
17523
17524
17525
17526
17527
17528
17529
17530
17532
17533
17534
17535
17536
17537
17538
17541
17542
17543
17544
17545
17546
17548
17549
17550
17551
17553
17554
17555
17556
17557
17558
17559
17560
17561
17562
17563
17564
17565
17566
17568
17570
17571
17572
17573
17574
17575
17576
17577
17579
17580
17581
17582
17583
17584
17585
17587
17589
17590
17591
17592
17593
17594
17596
17598
17600
17602
17603
17604
17606
17607
17608
17609
17610
17612
17613
17614
17615
17616
17617
17620
17621
17622
17623
17624
17625
17626
17628
17629
17632
17634
17635
17636
17637
17638
17639
17640
17641
17642
17643
17644
17645
17646
17648
17649
17650
17651
17652
17655
17656
17657
17659
17660
17661
17663
17664
17666
17667
17669
17670
17673
17674
17675
17676
17677
17679
17680
17681
17682
17683
17684
17686
17688
17689
17690
17691
17692
17693
17696
17697
17698
17699
17701
17703
17705
17706
17708
17709
17710
17711
17712
17714
17715
17717
17720
17721
17722
17723
17724
17726
17728
17730
17731
17733
17734
17735
17737
17738
17740
17741
17742
17743
17745
17746
17747
17748
17749
17750
17751
17752
17754
17755
17756
17758
17759
17760
17761
17762
17763
17764
17766
17768
17769
17770
17771
17772
17773
17775
17776
17778
17782
17784
17785
17786
17787
17788
17789
17791
17792
17793
17794
17795
17797
17799
17800
17801
17802
17803
17804
17805
17806
17807
17809
17810
17811
17812
17813
17814
17815
17818
17823
17824
17827
17828
17829
17830
17831
17832
17833
17834
17835
17837
17839
17840
17841
17843
17844
17845
17847
17848
17852
17854
17855
17856
17857
17860
17861
17864
17865
17867
17868
17869
17870
17872
17873
17874
17876
17877
17878
17880
17881
17882
17883
17884
17885
17886
17887
17890
17891
17894
17896
17897
17898
17899
17900
17901
17902
17904
17906
17907
17908
17910
17913
17915
17916
17917
17918
17919
17920
17921
17922
17923
17924
17925
17928
17929
17930
17931
17932
17933
17934
17936
17938
17939
17940
17941
17943
17944
17945
17946
17948
17949
17951
17952
17953
17954
17955
17957
17959
17961
17962
17963
17965
17967
17969
17970
17971
17972
17973
17977
17978
17979
17980
17981
17982
17983
17985
17987
17988
17991
17992
17994
17995
17996
17999
18000
18002
18003
18004
18005
18006
18008
18009
18010
18011
18013
18014
18015
18016
18017
18018
18020
18022
18023
18024
18025
18028
18029
18030
18032
18034
18035
18036
18037
18038
18040
18044
18046
18047
18048
18050
18051
18053
18054
18055
18056
18057
18059
18060
18063
18065
18066
18068
18070
18071
18073
18074
18075
18076
18078
18079
18081
18082
18084
18085
18086
18087
18091
18092
18093
18094
18095
18097
18100
18101
18102
18103
18104
18105
18106
18107
18108
18109
18110
18112
18113
18115
18116
18117
18118
18119
18120
18121
18122
18125
18126
18128
18130
18131
18132
18135
18136
18139
18140
18141
18142
18146
18147
18148
18149
18150
18151
18153
18154
18155
18156
18157
18160
18162
18163
18164
18165
18166
18167
18168
18169
18170
18171
18172
18173
18175
18176
18177
18179
18180
18182
18183
18184
18185
18186
18187
18188
18191
18193
18194
18195
18198
18199
18200
18201
18202
18203
18204
18205
18206
18207
18208
18209
18210
18211
18212
18214
18215
18216
18218
18221
18222
18223
18225
18226
18227
18228
18229
18230
18232
18233
18234
18235
18236
18237
18238
18243
18247
18251
18252
18253
18258
18260
18261
18264
18265
18266
18267
18269
18270
18272
18273
18274
18275
18276
18277
18278
18280
18282
18283
18284
18285
18286
18288
18290
18291
18295
18296
18298
18299
18301
18302
18305
18306
18307
18308
18310
18311
18313
18315
18318
18319
18321
18322
18323
18325
18326
18327
18328
18330
18331
18332
18334
18335
18336
18340
18341
18342
18343
18346
18347
18348
18349
18350
18351
18352
18353
18354
18356
18357
18359
18362
18364
18365
18367
18368
18369
18370
18373
18374
18375
18376
18377
18378
18379
18381
18382
18383
18384
18385
18386
18387
18388
18389
18390
18391
18392
18393
18394
18395
18396
18397
18398
18399
18400
18401
18402
18403
18404
18405
18407
18408
18409
18410
18411
18412
18413
18414
18415
18417
18418
18420
18422
18424
18425
18426
18427
18431
18434
18435
18436
18439
18440
18441
18442
18443
18445
18446
18448
18452
18453
18455
18458
18459
18460
18461
18462
18463
18464
18465
18466
18467
18468
18469
18470
18471
18472
18473
18475
18476
18478
18479
18483
18484
18485
18486
18487
18488
18490
18491
18492
18493
18497
18498
18499
18502
18503
18504
18505
18508
18509
18510
18513
18515
18516
18517
18519
18520
18521
18522
18523
18524
18525
18526
18528
18530
18531
18532
18533
18534
18535
18536
18538
18539
18540
18541
18543
18544
18545
18546
18549
18551
18552
18553
18554
18555
18559
18560
18561
18562
18563
18564
18566
18567
18568
18569
18573
18574
18575
18577
18578
18579
18582
18583
18585
18586
18587
18588
18589
18590
18591
18592
18593
18594
18595
18596
18597
18598
18599
18600
18601
18602
18605
18606
18608
18610
18611
18612
18613
18614
18615
18616
18618
18620
18621
18622
18626
18627
18630
18631
18633
18635
18638
18639
18641
18642
18643
18644
18648
18650
18651
18652
18653
18655
18656
18657
18658
18661
18662
18663
18664
18667
18668
18670
18671
18673
18675
18676
18677
18679
18680
18681
18682
18683
18684
18685
18686
18687
18689
18690
18693
18694
18695
18696
18698
18699
18700
18701
18702
18704
18705
18707
18708
18709
18710
18712
18713
18714
18716
18718
18721
18722
18724
18725
18726
18727
18729
18730
18731
18732
18733
18734
18736
18737
18738
18739
18740
18743
18744
18745
18746
18747
18748
18750
18751
18752
18754
18755
18757
18760
18761
18763
18764
18765
18769
18770
18772
18773
18776
18777
18778
18779
18781
18782
18783
18784
18785
18786
18787
18788
18790
18791
18794
18796
18797
18800
18801
18802
18804
18805
18810
18811
18812
18813
18814
18816
18817
18818
18819
18820
18821
18824
18826
18827
18828
18830
18831
18833
18834
18835
18836
18837
18838
18839
18841
18842
18843
18844
18845
18847
18849
18853
18854
18855
18856
18857
18858
18859
18863
18864
18865
18867
18868
18869
18870
18871
18873
18874
18875
18876
18877
18878
18879
18880
18882
18885
18887
18888
18890
18892
18893
18894
18895
18896
18897
18898
18899
18900
18901
18902
18904
18906
18907
18908
18909
18910
18912
18913
18916
18917
18918
18919
18920
18921
18922
18923
18924
18925
18926
18927
18929
18930
18932
18933
18934
18935
18936
18937
18938
18939
18941
18942
18944
18945
18946
18948
18950
18952
18954
18955
18956
18957
18958
18959
18960
18961
18962
18964
18966
18967
18970
18971
18972
18973
18974
18975
18976
18977
18978
18979
18981
18982
18983
18984
18985
18987
18988
18989
18990
18991
18993
18997
18998
19000
19001
19002
19003
19005
19007
19009
19011
19012
19013
19014
19017
19018
19019
19020
19022
19023
19024
19025
19026
19027
19028
19029
19030
19032
19033
19035
19038
19039
19041
19042
19043
19044
19046
19047
19048
19050
19051
19054
19055
19056
19058
19061
19062
19063
19064
19067
19069
19070
19072
19073
19076
19077
19078
19079
19081
19083
19084
19085
19086
19087
19088
19089
19095
19096
19097
19098
19099
19100
19101
19102
19105
19107
19108
19109
19110
19111
19112
19113
19114
19115
19116
19117
19118
19119
19120
19123
19124
19125
19126
19128
19129
19130
19133
19135
19136
19137
19139
19141
19142
19143
19144
19145
19146
19149
19150
19152
19153
19154
19156
19157
19159
19162
19163
19165
19166
19167
19168
19170
19171
19172
19173
19174
19175
19177
19178
19179
19181
19182
19183
19185
19186
19187
19189
19190
19191
19192
19193
19194
19195
19197
19201
19206
19207
19208
19209
19210
19211
19212
19213
19214
19216
19217
19218
19221
19222
19223
19225
19226
19227
19228
19229
19231
19233
19234
19235
19238
19239
19241
19246
19247
19248
19249
19251
19252
19253
19255
19256
19257
19258
19260
19263
19264
19265
19266
19267
19268
19269
19271
19272
19273
19274
19275
19276
19277
19278
19279
19280
19281
19282
19283
19284
19285
19287
19288
19290
19291
19292
19293
19294
19296
19298
19300
19301
19303
19304
19305
19306
19307
19308
19310
19312
19313
19314
19315
19317
19318
19319
19321
19322
19323
19324
19325
19329
19330
19331
19332
19333
19335
19336
19337
19339
19344
19345
19346
19348
19349
19350
19351
19352
19353
19354
19355
19356
19359
19360
19361
19362
19363
19364
19366
19367
19368
19370
19371
19372
19373
19375
19379
19382
19383
19387
19388
19389
19390
19391
19394
19395
19396
19397
19398
19400
19401
19402
19403
19404
19405
19406
19407
19408
19409
19410
19411
19412
19413
19415
19417
19418
19420
19422
19424
19425
19427
19429
19432
19434
19435
19439
19441
19444
19445
19447
19448
19449
19452
19454
19455
19457
19458
19459
19460
19463
19464
19465
19466
19468
19469
19470
19471
19472
19473
19474
19475
19478
19480
19481
19482
19483
19484
19485
19486
19488
19489
19490
19491
19492
19495
19496
19497
19498
19500
19501
19503
19504
19505
19508
19509
19510
19511
19513
19515
19517
19520
19521
19522
19524
19525
19526
19527
19528
19532
19533
19534
19536
19537
19538
19539
19541
19542
19543
19544
19547
19551
19552
19553
19554
19555
19556
19557
19558
19559
19561
19562
19563
19564
19565
19566
19567
19568
19569
19570
19572
19573
19574
19575
19577
19579
19580
19581
19583
19584
19585
19586
19588
19589
19590
19591
19592
19593
19596
19598
19599
19600
19601
19603
19604
19605
19606
19608
19609
19610
19611
19612
19613
19615
19616
19619
19621
19625
19627
19628
19629
19630
19631
19632
19634
19635
19636
19638
19639
19641
19643
19644
19645
19646
19649
19650
19651
19652
19654
19655
19657
19658
19659
19660
19661
19662
19666
19667
19668
19669
19670
19671
19673
19674
19675
19676
19678
19680
19681
19682
19684
19685
19686
19687
19688
19689
19690
19691
19693
19694
19695
19696
19697
19699
19700
19702
19703
19705
19707
19708
19710
19711
19712
19713
19716
19717
19718
19720
19722
19723
19724
19725
19726
19727
19728
19729
19730
19731
19732
19735
19736
19738
19739
19740
19741
19744
19745
19747
19748
19749
19752
19753
19755
19757
19760
19761
19763
19764
19766
19767
19768
19771
19773
19775
19776
19778
19782
19783
19784
19786
19787
19789
19790
19792
19793
19794
19795
19797
19798
19800
19806
19807
19809
19810
19811
19812
19813
19814
19815
19816
19818
19820
19824
19825
19826
19827
19829
19830
19831
19832
19833
19834
19835
19839
19840
19842
19843
19844
19845
19846
19847
19848
19849
19850
19852
19854
19857
19858
19859
19860
19863
19864
19865
19866
19867
19868
19869
19872
19873
19874
19877
19878
19881
19883
19884
19887
19888
19892
19893
19894
19896
19899
19900
19902
19904
19908
19910
19911
19912
19913
19916
19917
19921
19922
19925
19927
19930
19932
19933
19934
19935
19936
19939
19941
19942
19943
19944
19945
19947
19948
19949
19950
19951
19952
19953
19954
19957
19958
19959
19960
19961
19962
19963
19964
19965
19966
19968
19969
19970
19972
19973
19974
19977
19978
19980
19981
19982
19983
19986
19988
19989
19991
19992
19995
19996
20000
20001
20002
20003
20004
20006
20007
20009
20010
20011
20012
20013
20014
20015
20016
20017
20018
20019
20021
20022
20024
20025
20026
20027
20028
20030
20031
20032
20034
20035
20036
20038
20040
20043
20044
20046
20048
20049
20050
20052
20053
20054
20056
20058
20062
20063
20064
20065
20066
20067
20068
20069
20070
20072
20073
20076
20077
20078
20079
20080
20084
20086
20087
20089
20090
20093
20094
20095
20097
20098
20100
20101
20102
20103
20104
20105
20106
20108
20109
20110
20112
20113
20114
20115
20116
20117
20120
20121
20122
20123
20124
20125
20126
20128
20133
20134
20135
20136
20139
20142
20144
20145
20146
20147
20149
20152
20153
20155
20156
20158
20160
20161
20162
20163
20164
20166
20167
20169
20170
20171
20172
20173
20174
20175
20176
20178
20179
20181
20182
20183
20184
20185
20189
20190
20191
20192
20193
20194
20195
20197
20199
20204
20206
20207
20208
20209
20210
20212
20213
20214
20215
20216
20218
20219
20220
20221
20222
20223
20224
20225
20226
20227
20228
20229
20231
20232
20234
20235
20236
20238
20239
20240
20243
20244
20245
20246
20249
20250
20253
20254
20255
20256
20257
20260
20262
20263
20265
20266
20267
20268
20269
20270
20271
20273
20274
20275
20276
20277
20279
20280
20282
20283
20285
20286
20290
20291
20292
20293
20295
20296
20297
20302
20304
20305
20306
20307
20308
20311
20312
20313
20314
20315
20317
20318
20319
20320
20321
20322
20323
20326
20327
20328
20329
20330
20332
20334
20335
20337
20338
20340
20342
20343
20344
20345
20346
20348
20349
20350
20351
20352
20353
20357
20359
20360
20361
20362
20363
20364
20365
20366
20367
20368
20370
20372
20374
20375
20376
20377
20378
20379
20381
20382
20384
20385
20386
20388
20389
20390
20391
20392
20393
20394
20396
20397
20398
20400
20403
20405
20406
20408
20409
20412
20413
20414
20416
20417
20418
20420
20421
20422
20424
20427
20428
20430
20431
20432
20433
20435
20437
20438
20439
20440
20441
20442
20443
20444
20446
20447
20448
20449
20450
20453
20454
20455
20456
20457
20458
20459
20460
20461
20463
20464
20465
20467
20468
20469
20470
20471
20472
20473
20474
20475
20476
20477
20479
20480
20483
20484
20485
20487
20488
20489
20491
20492
20495
20496
20497
20498
20499
20500
20503
20505
20506
20507
20508
20509
20510
20512
20513
20519
20520
20521
20522
20523
20524
20528
20529
20530
20531
20532
20533
20536
20537
20538
20539
20540
20542
20543
20545
20547
20549
20550
20552
20554
20555
20558
20559
20560
20561
20563
20564
20565
20566
20567
20569
20570
20571
20572
20573
20575
20576
20577
20579
20580
20581
20584
20585
20586
20589
20590
20591
20592
20593
20594
20596
20597
20598
20599
20600
20604
20607
20610
20612
20613
20615
20616
20618
20619
20621
20622
20624
20626
20627
20629
20630
20631
20632
20633
20634
20635
20636
20640
20641
20643
20644
20647
20648
20649
20650
20653
20654
20655
20657
20659
20660
20661
20662
20663
20664
20665
20666
20667
20668
20670
20671
20672
20674
20675
20676
20677
20678
20679
20680
20682
20683
20684
20685
20688
20689
20690
20691
20692
20693
20694
20695
20696
20702
20703
20704
20705
20707
20708
20711
20712
20713
20714
20715
20716
20719
20721
20722
20723
20724
20725
20727
20728
20729
20730
20731
20732
20733
20734
20735
20736
20737
20738
20739
20740
20741
20742
20744
20748
20749
20750
20751
20752
20754
20755
20757
20758
20759
20761
20762
20763
20764
20765
20766
20768
20769
20770
20771
20772
20773
20774
20775
20776
20777
20781
20782
20784
20785
20787
20788
20790
20791
20792
20794
20796
20797
20800
20802
20803
20804
20807
20808
20809
20810
20812
20813
20814
20815
20816
20817
20818
20819
20822
20823
20826
20827
20828
20829
20831
20832
20833
20834
20835
20836
20837
20838
20841
20843
20844
20845
20846
20848
20849
20850
20851
20852
20853
20856
20858
20860
20861
20862
20863
20864
20865
20866
20867
20868
20870
20871
20872
20874
20875
20876
20877
20878
20879
20880
20881
20882
20883
20884
20886
20887
20888
20889
20890
20894
20895
20897
20899
20901
20902
20905
20906
20908
20910
20911
20913
20915
20917
20918
20919
20920
20921
20923
20924
20927
20928
20929
20930
20932
20933
20934
20937
20938
20939
20940
20941
20943
20945
20946
20947
20948
20950
20951
20952
20953
20954
20955
20956
20957
20958
20959
20960
20961
20963
20966
20967
20968
20969
20970
20971
20972
20973
20974
20978
20979
20980
20981
20982
20983
20987
20988
20990
20991
20992
20993
20996
20999
21000
21001
21002
21003
21004
21005
21006
21007
21011
21013
21014
21016
21017
21018
21019
21022
21023
21024
21025
21026
21027
21029
21031
21033
21035
21036
21037
21038
21041
21042
21043
21044
21047
21048
21049
21050
21051
21054
21055
21056
21059
21061
21064
21065
21066
21068
21069
21070
21072
21073
21076
21077
21078
21079
21080
21081
21083
21087
21090
21091
21092
21094
21095
21096
21097
21101
21102
21103
21104
21105
21106
21107
21108
21109
21111
21112
21113
21114
21116
21117
21118
21119
21121
21122
21123
21124
21125
21126
21127
21129
21130
21131
21132
21133
21134
21135
21136
21138
21139
21141
21142
21143
21144
21145
21146
21147
21148
21149
21150
21151
21152
21154
21155
21157
21158
21159
21160
21161
21162
21163
21164
21165
21166
21167
21168
21170
21171
21172
21174
21176
21177
21181
21182
21183
21186
21188
21189
21190
21191
21192
21193
21194
21195
21196
21197
21199
21200
21201
21202
21203
21204
21206
21207
21211
21213
21214
21215
21216
21217
21218
21220
21221
21222
21224
21226
21227
21228
21229
21230
21232
21235
21236
21237
21238
21239
21240
21241
21242
21243
21244
21245
21248
21249
21250
21251
21252
21253
21254
21255
21256
21257
21258
21259
21260
21261
21262
21263
21264
21270
21272
21273
21275
21276
21278
21279
21280
21281
21282
21283
21285
21286
21288
21290
21291
21292
21293
21294
21295
21298
21299
21301
21303
21304
21306
21307
21309
21310
21312
21316
21320
21321
21322
21323
21324
21325
21327
21328
21329
21330
21333
21335
21337
21340
21341
21342
21343
21344
21345
21347
21349
21351
21352
21353
21354
21355
21356
21357
21358
21359
21360
21362
21363
21365
21366
21367
21368
21369
21370
21371
21372
21373
21374
21375
21378
21380
21381
21382
21383
21384
21386
21387
21389
21390
21391
21394
21396
21397
21398
21399
21400
21402
21403
21405
21406
21408
21411
21412
21414
21415
21417
21419
21420
21423
21424
21425
21426
21427
21433
21434
21435
21436
21437
21439
21440
21442
21447
21450
21451
21452
21453
21454
21455
21456
21457
21458
21459
21460
21461
21463
21464
21465
21471
21472
21473
21474
21475
21477
21479
21480
21481
21482
21483
21485
21487
21488
21489
21490
21493
21494
21496
21497
21498
21500
21502
21503
21504
21506
21507
21508
21510
21511
21512
21513
21515
21516
21517
21518
21521
21525
21527
21529
21532
21533
21535
21536
21537
21538
21539
21540
21541
21542
21543
21544
21545
21546
21547
21548
21549
21551
21553
21555
21556
21557
21558
21559
21560
21561
21562
21563
21564
21565
21567
21568
21569
21571
21572
21573
21575
21576
21578
21579
21580
21587
21588
21589
21590
21591
21592
21593
21594
21595
21596
21597
21598
21599
21600
21603
21604
21605
21607
21609
21610
21612
21613
21614
21616
21617
21618
21620
21621
21622
21624
21626
21627
21628
21629
21630
21631
21632
21633
21634
21635
21637
21638
21639
21640
21641
21642
21645
21647
21649
21650
21655
21656
21657
21658
21660
21661
21663
21665
21666
21670
21671
21672
21674
21675
21676
21678
21680
21681
21682
21683
21684
21685
21687
21689
21692
21693
21694
21695
21698
21699
21700
21701
21703
21704
21705
21707
21708
21709
21710
21711
21712
21714
21715
21716
21718
21721
21724
21725
21726
21728
21729
21730
21731
21733
21734
21736
21737
21738
21739
21740
21742
21743
21745
21746
21747
21748
21749
21753
21755
21756
21758
21761
21764
21766
21767
21769
21772
21773
21774
21777
21779
21780
21782
21784
21786
21788
21790
21791
21792
21793
21794
21795
21798
21799
21804
21805
21806
21808
21809
21811
21812
21813
21814
21817
21819
21820
21822
21823
21824
21825
21826
21828
21833
21835
21841
21842
21843
21844
21845
21846
21848
21849
21850
21851
21852
21853
21854
21856
21857
21858
21859
21860
21863
21864
21866
21867
21868
21869
21870
21871
21873
21874
21876
21878
21879
21880
21881
21883
21887
21888
21890
21891
21892
21893
21894
21895
21897
21898
21899
21901
21902
21903
21904
21905
21906
21907
21908
21910
21912
21915
21916
21917
21919
21921
21922
21924
21925
21926
21928
21929
21930
21933
21934
21935
21938
21940
21941
21943
21945
21946
21948
21950
21951
21952
21954
21955
21956
21957
21958
21962
21963
21964
21965
21966
21967
21969
21970
21971
21972
21973
21974
21976
21977
21979
21982
21985
21986
21987
21988
21989
21990
21992
21994
21995
21997
21998
21999
22000
22003
22004
22005
22006
22007
22008
22009
22010
22013
22014
22016
22017
22019
22020
22021
22022
22023
22024
22025
22026
22027
22028
22030
22031
22032
22033
22034
22036
22038
22039
22040
22043
22044
22045
22046
22050
22052
22054
22057
22059
22060
22061
22062
22063
22064
22066
22067
22068
22070
22071
22072
22073
22075
22076
22079
22080
22081
22082
22084
22085
22086
22089
22090
22091
22092
22093
22095
22096
22098
22100
22101
22102
22104
22106
22109
22112
22113
22114
22116
22117
22120
22121
22125
22126
22127
22128
22129
22131
22134
22136
22137
22138
22139
22140
22141
22142
22143
22144
22146
22147
22149
22150
22151
22152
22153
22154
22155
22157
22158
22159
22162
22163
22165
22166
22167
22169
22171
22172
22175
22176
22177
22179
22180
22182
22183
22184
22187
22188
22190
22191
22195
22197
22200
22202
22205
22206
22207
22208
22211
22212
22213
22214
22217
22219
22221
22222
22224
22225
22227
22228
22229
22230
22232
22233
22234
22235
22236
22238
22240
22241
22242
22243
22244
22245
22246
22247
22248
22249
22250
22251
22253
22254
22255
22256
22257
22258
22259
22263
22266
22268
22269
22270
22271
22272
22273
22274
22275
22278
22279
22281
22282
22283
22284
22285
22287
22289
22290
22291
22293
22294
22295
22296
22299
22302
22304
22305
22306
22307
22308
22309
22310
22315
22316
22318
22319
22320
22322
22324
22325
22326
22327
22329
22330
22331
22332
22333
22334
22335
22336
22338
22339
22341
22342
22344
22348
22349
22350
22353
22354
22355
22357
22361
22362
22365
22367
22369
22370
22371
22372
22373
22375
22377
22379
22380
22381
22382
22384
22386
22387
22389
22392
22395
22398
22399
22401
22404
22405
22406
22407
22408
22411
22415
22416
22417
22418
22419
22420
22421
22424
22430
22431
22433
22435
22436
22437
22439
22440
22441
22442
22444
22445
22446
22447
22448
22449
22450
22451
22452
22453
22456
22458
22459
22460
22461
22462
22464
22465
22467
22468
22469
22470
22471
22472
22473
22474
22475
22476
22479
22480
22481
22484
22487
22489
22491
22493
22494
22496
22498
22499
22500
22501
22502
22503
22505
22506
22507
22509
22511
22512
22513
22514
22515
22516
22517
22518
22523
22524
22525
22526
22527
22528
22530
22531
22532
22534
22536
22537
22538
22541
22542
22544
22545
22546
22551
22553
22556
22558
22559
22560
22561
22562
22565
22567
22569
22570
22572
22573
22576
22577
22578
22579
22580
22581
22582
22583
22584
22585
22587
22588
22590
22591
22592
22593
22594
22595
22597
22598
22599
22602
22603
22606
22608
22612
22613
22614
22618
22619
22621
22622
22623
22624
22625
22626
22627
22629
22630
22631
22632
22634
22636
22637
22638
22639
22640
22641
22642
22643
22644
22645
22648
22649
22651
22653
22655
22656
22657
22658
22659
22660
22661
22663
22664
22666
22668
22670
22671
22672
22673
22674
22675
22676
22677
22678
22680
22681
22682
22684
22687
22690
22692
22695
22696
22697
22698
22699
22701
22702
22703
22705
22706
22707
22708
22709
22710
22711
22713
22715
22716
22718
22721
22724
22725
22727
22728
22729
22731
22732
22737
22738
22739
22740
22741
22743
22744
22745
22746
22747
22748
22749
22750
22753
22754
22755
22756
22759
22760
22761
22762
22763
22764
22765
22766
22767
22768
22769
22770
22771
22772
22773
22774
22775
22777
22778
22779
22780
22782
22783
22784
22785
22786
22789
22790
22791
22792
22793
22794
22796
22797
22798
22800
22801
22802
22805
22806
22807
22809
22810
22812
22815
22820
22821
22822
22824
22825
22826
22827
22828
22830
22832
22835
22838
22840
22841
22842
22844
22845
22846
22847
22848
22849
22850
22852
22854
22855
22856
22858
22859
22860
22861
22862
22863
22864
22865
22866
22868
22869
22870
22871
22872
22873
22875
22876
22877
22879
22880
22881
22882
22885
22887
22889
22890
22891
22894
22895
22897
22898
22900
22901
22902
22903
22904
22905
22906
22907
22910
22911
22912
22913
22915
22916
22917
22918
22920
22921
22922
22923
22926
22927
22928
22929
22930
22931
22933
22935
22939
22941
22942
22943
22945
22946
22948
22952
22953
22956
22957
22958
22960
22961
22963
22964
22965
22966
22968
22969
22970
22973
22974
22976
22977
22978
22979
22980
22981
22982
22983
22984
22985
22986
22987
22988
22993
22996
22997
22998
23001
23002
23003
23007
23008
23009
23010
23012
23014
23016
23017
23018
23021
23022
23023
23024
23025
23026
23027
23028
23029
23030
23032
23033
23035
23036
23038
23041
23044
23046
23047
23049
23053
23057
23060
23061
23063
23064
23065
23066
23067
23070
23071
23072
23073
23074
23075
23077
23080
23082
23085
23086
23087
23088
23092
23093
23094
23095
23098
23099
23101
23103
23104
23105
23106
23107
23108
23109
23111
23113
23114
23115
23116
23117
23118
23119
23120
23121
23122
23124
23129
23130
23132
23134
23135
23137
23139
23140
23141
23144
23145
23146
23152
23153
23155
23156
23157
23158
23161
23163
23164
23165
23166
23170
23173
23174
23177
23180
23181
23182
23183
23184
23185
23186
23187
23189
23191
23194
23196
23197
23200
23201
23202
23205
23207
23210
23211
23212
23213
23214
23218
23219
23220
23221
23222
23223
23225
23226
23227
23229
23231
23233
23235
23237
23238
23239
23241
23243
23244
23245
23246
23248
23250
23251
23254
23255
23256
23257
23258
23259
23261
23262
23263
23264
23265
23267
23269
23270
23271
23272
23274
23276
23277
23278
23279
23280
23281
23282
23283
23285
23287
23288
23290
23291
23293
23294
23295
23296
23297
23298
23299
23300
23302
23303
23304
23305
23307
23310
23311
23312
23313
23314
23315
23316
23317
23318
23319
23322
23323
23324
23325
23326
23329
23331
23332
23335
23336
23338
23341
23342
23343
23344
23345
23346
23348
23352
23353
23354
23355
23356
23357
23358
23359
23360
23361
23362
23367
23368
23371
23372
23373
23374
23377
23378
23379
23380
23381
23382
23383
23384
23387
23389
23391
23394
23396
23397
23400
23401
23402
23403
23405
23406
23408
23409
23410
23411
23412
23414
23415
23416
23417
23419
23421
23423
23424
23425
23426
23427
23428
23429
23432
23435
23436
23437
23442
23443
23444
23446
23448
23449
23451
23455
23456
23457
23458
23459
23461
23464
23465
23466
23467
23468
23470
23472
23474
23475
23476
23477
23478
23479
23481
23483
23485
23486
23491
23493
23495
23496
23497
23498
23500
23502
23506
23507
23508
23509
23510
23511
23512
23513
23515
23516
23517
23520
23521
23522
23523
23526
23527
23529
23530
23531
23532
23533
23534
23535
23536
23540
23541
23543
23544
23546
23547
23548
23549
23550
23551
23554
23556
23557
23559
23563
23564
23565
23566
23567
23568
23570
23571
23572
23573
23578
23580
23581
23582
23583
23584
23586
23587
23588
23590
23591
23592
23593
23594
23596
23597
23598
23600
23601
23603
23604
23605
23610
23612
23614
23615
23616
23617
23618
23619
23626
23628
23630
23631
23635
23636
23637
23638
23639
23640
23641
23642
23644
23645
23647
23648
23650
23651
23657
23658
23661
23663
23664
23665
23668
23670
23672
23674
23675
23676
23677
23679
23681
23682
23683
23685
23686
23689
23690
23693
23695
23697
23699
23700
23702
23703
23704
23705
23707
23708
23709
23711
23712
23713
23714
23716
23718
23719
23721
23722
23726
23728
23731
23732
23733
23734
23735
23736
23737
23738
23740
23741
23744
23746
23747
23748
23749
23753
23754
23755
23756
23758
23760
23762
23764
23765
23768
23769
23770
23771
23772
23773
23775
23776
23777
23778
23780
23783
23784
23785
23786
23787
23790
23791
23792
23793
23794
23795
23796
23799
23801
23804
23805
23806
23807
23809
23811
23812
23814
23815
23816
23817
23818
23819
23821
23822
23823
23825
23826
23828
23829
23830
23831
23832
23833
23834
23835
23836
23837
23838
23839
23841
23844
23845
23846
23848
23849
23851
23852
23853
23854
23856
23857
23859
23860
23866
23868
23870
23873
23874
23875
23877
23878
23879
23880
23882
23883
23884
23885
23887
23890
23891
23892
23893
23894
23895
23896
23899
23900
23901
23903
23905
23906
23907
23908
23909
23911
23912
23913
23914
23915
23917
23919
23921
23922
23923
23925
23926
23927
23929
23930
23932
23933
23934
23935
23936
23937
23938
23941
23942
23944
23945
23946
23948
23949
23950
23951
23952
23953
23954
23956
23958
23959
23961
23964
23965
23966
23967
23968
23969
23970
23971
23972
23973
23975
23976
23977
23979
23980
23982
23983
23985
23986
23989
23990
23991
23995
23996
23997
24001
24002
24003
24004
24005
24006
24007
24008
24009
24010
24011
24012
24013
24014
24015
24016
24018
24019
24020
24023
24024
24025
24027
24028
24030
24031
24033
24034
24035
24036
24037
24038
24040
24041
24043
24047
24048
24049
24050
24051
24053
24054
24056
24057
24058
24060
24061
24062
24063
24065
24067
24068
24073
24074
24077
24078
24079
24080
24084
24085
24087
24088
24090
24091
24092
24093
24094
24096
24097
24098
24100
24101
24102
24105
24106
24108
24109
24112
24113
24115
24116
24117
24118
24119
24120
24121
24122
24123
24124
24125
24127
24128
24129
24132
24136
24138
24140
24141
24142
24145
24147
24151
24152
24153
24154
24155
24156
24158
24160
24161
24162
24163
24166
24167
24168
24169
24170
24173
24175
24177
24178
24181
24183
24184
24185
24186
24187
24188
24191
24193
24194
24195
24197
24198
24199
24200
24201
24202
24204
24205
24206
24207
24209
24210
24211
24213
24216
24217
24218
24219
24220
24221
24222
24223
24224
24225
24226
24227
24228
24229
24230
24231
24236
24237
24241
24242
24243
24244
24245
24247
24250
24251
24252
24253
24254
24255
24261
24262
24265
24266
24268
24269
24271
24272
24273
24274
24275
24276
24277
24278
24280
24281
24282
24283
24284
24285
24289
24290
24291
24292
24293
24295
24297
24298
24299
24300
24302
24303
24304
24305
24308
24310
24311
24312
24314
24315
24316
24317
24319
24321
24322
24323
24324
24325
24328
24329
24330
24331
24332
24334
24336
24337
24340
24341
24342
24343
24344
24345
24346
24348
24349
24350
24351
24352
24353
24354
24356
24358
24359
24360
24363
24364
24365
24366
24367
24368
24369
24370
24372
24374
24375
24376
24377
24379
24382
24383
24384
24385
24386
24390
24392
24393
24396
24398
24399
24401
24403
24404
24407
24408
24409
24412
24415
24419
24420
24422
24425
24426
24427
24429
24432
24434
24435
24436
24438
24439
24440
24442
24443
24444
24446
24447
24451
24453
24454
24455
24456
24459
24460
24461
24462
24463
24466
24468
24469
24470
24472
24475
24476
24478
24480
24481
24484
24485
24486
24487
24488
24491
24495
24496
24497
24500
24501
24502
24503
24504
24505
24507
24508
24509
24510
24511
24512
24513
24515
24516
24519
24520
24522
24523
24524
24526
24527
24528
24529
24530
24531
24533
24535
24536
24541
24542
24543
24544
24546
24547
24548
24550
24551
24553
24554
24555
24556
24557
24558
24561
24562
24563
24565
24566
24567
24568
24571
24572
24573
24574
24575
24578
24579
24580
24582
24583
24584
24586
24587
24590
24591
24595
24596
24597
24599
24600
24601
24602
24603
24604
24606
24608
24609
24614
24617
24622
24624
24625
24627
24628
24629
24631
24632
24633
24634
24635
24636
24637
24638
24639
24641
24642
24643
24644
24645
24646
24647
24648
24649
24652
24655
24656
24657
24658
24659
24660
24661
24662
24663
24664
24667
24668
24669
24670
24671
24672
24674
24675
24676
24677
24679
24681
24685
24689
24690
24691
24693
24695
24698
24699
24700
24701
24702
24703
24704
24708
24710
24712
24713
24714
24715
24716
24719
24720
24721
24722
24724
24725
24726
24727
24728
24731
24732
24733
24734
24735
24738
24742
24744
24745
24746
24747
24749
24751
24752
24753
24755
24762
24763
24764
24765
24766
24768
24769
24770
24772
24773
24776
24777
24781
24782
24785
24787
24790
24791
24792
24794
24795
24797
24798
24799
24800
24801
24802
24804
24806
24807
24810
24811
24812
24813
24815
24816
24817
24818
24819
24821
24822
24824
24826
24827
24828
24830
24831
24833
24835
24837
24838
24842
24843
24845
24846
24847
24848
24849
24850
24851
24852
24854
24856
24857
24860
24861
24862
24863
24864
24865
24866
24867
24868
24869
24870
24873
24874
24875
24876
24878
24880
24881
24883
24886
24887
24888
24890
24891
24892
24893
24894
24896
24898
24899
24900
24901
24902
24903
24904
24905
24906
24907
24911
24915
24918
24919
24921
24924
24927
24929
24930
24932
24933
24935
24936
24937
24938
24939
24941
24942
24943
24944
24945
24946
24947
24948
24950
24951
24952
24953
24954
24955
24956
24958
24959
24960
24962
24963
24965
24967
24968
24970
24972
24973
24974
24976
24979
24981
24982
24983
24986
24987
24988
24991
24992
24993
24999
25000
25001
25002
25004
25005
25006
25007
25009
25013
25015
25016
25017
25018
25019
25020
25023
25025
25026
25030
25031
25032
25033
25034
25036
25038
25039
25041
25043
25044
25045
25047
25048
25050
25051
25052
25053
25054
25055
25060
25062
25063
25064
25065
25067
25068
25070
25072
25073
25074
25075
25077
25078
25079
25080
25081
25082
25083
25084
25085
25086
25087
25091
25092
25093
25094
25095
25096
25097
25098
25099
25101
25103
25104
25105
25111
25112
25113
25114
25115
25116
25117
25118
25122
25124
25126
25128
25129
25130
25131
25133
25136
25137
25140
25141
25142
25144
25145
25146
25147
25148
25149
25150
25151
25152
25153
25155
25157
25160
25161
25162
25163
25164
25165
25166
25168
25169
25170
25171
25172
25173
25175
25177
25178
25179
25181
25182
25184
25185
25186
25187
25188
25190
25191
25192
25196
25200
25201
25204
25207
25208
25209
25210
25211
25212
25213
25214
25215
25216
25217
25218
25220
25221
25222
25223
25224
25225
25227
25228
25229
25231
25232
25234
25236
25237
25243
25244
25245
25246
25247
25248
25249
25250
25251
25252
25254
25255
25256
25257
25258
25260
25261
25264
25265
25267
25269
25270
25273
25277
25278
25279
25280
25283
25284
25285
25286
25287
25289
25291
25293
25294
25296
25299
25300
25301
25303
25304
25306
25307
25309
25310
25311
25312
25314
25316
25317
25318
25319
25320
25322
25324
25325
25326
25328
25329
25331
25332
25333
25334
25336
25337
25338
25339
25340
25343
25344
25346
25347
25349
25351
25353
25358
25362
25364
25365
25367
25369
25370
25371
25374
25377
25379
25382
25383
25385
25386
25387
25389
25391
25393
25394
25395
25397
25399
25400
25402
25404
25406
25407
25408
25410
25412
25413
25414
25416
25419
25420
25421
25423
25426
25427
25428
25429
25430
25432
25433
25434
25435
25436
25439
25440
25442
25446
25448
25449
25451
25455
25456
25458
25459
25460
25462
25463
25464
25465
25467
25468
25469
25470
25471
25472
25473
25474
25475
25476
25478
25479
25480
25481
25483
25484
25486
25487
25489
25490
25492
25493
25497
25498
25499
25500
25501
25502
25503
25504
25506
25508
25509
25510
25513
25514
25516
25517
25518
25519
25522
25523
25524
25528
25530
25532
25536
25537
25538
25539
25543
25544
25546
25547
25548
25549
25550
25551
25552
25553
25555
25557
25558
25559
25561
25562
25564
25567
25570
25571
25572
25573
25574
25575
25576
25577
25580
25583
25584
25586
25587
25591
25594
25595
25597
25598
25599
25600
25601
25602
25603
25605
25609
25610
25611
25612
25613
25614
25616
25618
25619
25620
25621
25622
25625
25626
25627
25628
25629
25631
25632
25633
25634
25635
25636
25637
25638
25640
25641
25642
25643
25644
25645
25646
25647
25651
25654
25655
25656
25658
25662
25663
25665
25667
25668
25673
25675
25676
25677
25678
25679
25680
25681
25682
25686
25688
25689
25690
25691
25692
25693
25694
25695
25696
25697
25699
25700
25702
25705
25706
25708
25709
25710
25711
25712
25714
25716
25718
25719
25720
25721
25722
25723
25725
25729
25730
25731
25736
25737
25738
25739
25740
25741
25742
25744
25745
25746
25747
25748
25749
25752
25756
25757
25758
25762
25764
25766
25770
25771
25772
25773
25774
25775
25776
25779
25780
25781
25785
25786
25787
25788
25790
25791
25792
25798
25801
25802
25804
25805
25806
25807
25808
25810
25811
25812
25814
25816
25818
25820
25822
25823
25824
25825
25827
25828
25830
25831
25832
25833
25835
25836
25837
25838
25841
25844
25845
25848
25849
25851
25856
25857
25858
25862
25863
25864
25866
25868
25869
25875
25876
25877
25880
25883
25884
25885
25887
25889
25890
25891
25893
25895
25896
25897
25900
25901
25902
25903
25905
25907
25910
25914
25917
25918
25919
25924
25926
25927
25930
25931
25932
25933
25936
25938
25939
25940
25941
25943
25944
25945
25946
25949
25950
25951
25952
25953
25958
25960
25961
25962
25964
25965
25966
25968
25969
25970
25971
25973
25974
25975
25976
25977
25979
25984
25989
25990
25992
25993
25994
25997
25998
26000
26002
26003
26004
26007
26008
26011
26012
26014
26015
26017
26019
26022
26023
26024
26025
26026
26027
26028
26033
26035
26036
26037
26038
26039
26040
26041
26042
26044
26048
26049
26050
26054
26055
26056
26060
26061
26062
26063
26065
26067
26068
26072
26073
26076
26077
26079
26080
26083
26084
26091
26093
26094
26096
26098
26101
26102
26103
26104
26105
26107
26108
26109
26111
26112
26114
26115
26117
26119
26121
26122
26123
26124
26125
26126
26128
26132
26134
26135
26137
26139
26140
26141
26143
26146
26147
26148
26150
26152
26153
26155
26156
26157
26158
26159
26160
26161
26162
26164
26167
26168
26170
26171
26172
26173
26175
26177
26178
26181
26182
26183
26184
26189
26190
26192
26194
26196
26197
26200
26202
26204
26205
26206
26207
26208
26209
26211
26214
26218
26222
26223
26224
26226
26227
26228
26229
26230
26233
26234
26235
26236
26237
26238
26239
26241
26242
26247
26249
26250
26252
26253
26254
26255
26258
26259
26260
26261
26262
26263
26264
26265
26270
26271
26273
26274
26275
26277
26278
26280
26282
26284
26287
26288
26289
26291
26292
26294
26295
26297
26299
26300
26301
26303
26306
26307
26308
26309
26311
26312
26313
26316
26320
26321
26322
26323
26324
26325
26326
26327
26328
26329
26331
26333
26334
26335
26336
26337
26338
26339
26340
26342
26343
26344
26345
26346
26348
26349
26350
26351
26352
26353
26354
26355
26356
26357
26358
26359
26360
26362
26363
26364
26365
26366
26368
26370
26371
26372
26373
26378
26379
26380
26381
26384
26386
26388
26389
26390
26392
26393
26396
26398
26401
26403
26404
26406
26407
26410
26411
26412
26413
26415
26417
26418
26419
26420
26425
26427
26429
26432
26434
26436
26437
26441
26442
26443
26446
26450
26451
26452
26453
26454
26456
26457
26458
26463
26464
26466
26468
26472
26473
26477
26479
26482
26483
26487
26488
26489
26490
26492
26493
26494
26500
26501
26502
26503
26506
26507
26510
26512
26515
26516
26517
26518
26520
26521
26524
26526
26527
26528
26530
26531
26532
26533
26534
26536
26537
26539
26540
26542
26543
26545
26546
26547
26548
26549
26550
26551
26552
26554
26555
26556
26558
26561
26564
26565
26566
26569
26570
26571
26572
26574
26577
26579
26581
26582
26583
26584
26585
26586
26587
26588
26593
26596
26597
26600
26602
26604
26605
26606
26608
26610
26611
26612
26613
26614
26615
26618
26619
26621
26622
26623
26624
26625
26626
26627
26628
26629
26630
26632
26634
26637
26639
26640
26641
26642
26643
26644
26645
26646
26649
26650
26651
26653
26655
26657
26658
26659
26660
26661
26665
26666
26667
26669
26670
26671
26672
26674
26677
26678
26679
26681
26685
26686
26687
26689
26690
26691
26693
26699
26701
26702
26703
26704
26707
26708
26709
26713
26714
26715
26716
26718
26722
26723
26724
26727
26728
26729
26731
26732
26733
26734
26735
26736
26738
26743
26745
26748
26749
26750
26752
26753
26754
26755
26756
26759
26760
26762
26763
26764
26765
26766
26767
26768
26769
26770
26772
26773
26774
26775
26777
26778
26779
26781
26782
26783
26785
26786
26790
26793
26795
26802
26804
26805
26806
26807
26808
26810
26812
26814
26815
26816
26817
26818
26820
26821
26823
26824
26829
26831
26834
26836
26837
26838
26839
26841
26842
26843
26844
26846
26849
26850
26852
26855
26858
26859
26860
26862
26863
26864
26865
26867
26870
26871
26873
26875
26876
26878
26879
26880
26883
26884
26886
26887
26889
26894
26895
26898
26900
26902
26903
26907
26908
26909
26911
26912
26913
26915
26917
26918
26920
26921
26923
26925
26926
26927
26930
26931
26932
26933
26934
26938
26939
26941
26943
26946
26951
26952
26953
26954
26955
26956
26957
26961
26962
26963
26964
26967
26968
26969
26970
26971
26972
26975
26978
26982
26985
26986
26988
26990
26991
26993
26994
26996
26998
27000
27003
27004
27005
27006
27007
27008
27009
27010
27011
27015
27016
27017
27018
27020
27021
27022
27024
27025
27028
27031
27032
27033
27034
27035
27038
27040
27041
27043
27044
27045
27047
27050
27056
27059
27063
27064
27066
27067
27068
27069
27072
27073
27078
27080
27082
27083
27084
27086
27087
27089
27092
27093
27094
27095
27096
27101
27102
27104
27105
27108
27110
27111
27113
27114
27116
27118
27119
27120
27121
27122
27123
27124
27126
27127
27129
27130
27132
27135
27136
27140
27142
27143
27148
27150
27151
27153
27155
27158
27159
27160
27162
27166
27167
27168
27169
27171
27172
27173
27174
27175
27179
27182
27183
27185
27188
27189
27191
27192
27193
27194
27195
27196
27197
27198
27199
27200
27203
27204
27205
27207
27208
27209
27210
27211
27212
27214
27217
27218
27221
27222
27223
27224
27225
27226
27227
27228
27229
27231
27232
27235
27237
27238
27240
27241
27242
27245
27247
27248
27251
27253
27255
27256
27257
27259
27260
27263
27265
27266
27268
27270
27271
27272
27273
27275
27277
27279
27280
27281
27285
27287
27288
27289
27290
27291
27292
27293
27296
27297
27305
27307
27309
27310
27312
27313
27317
27318
27320
27321
27322
27324
27325
27327
27331
27334
27335
27336
27337
27338
27339
27341
27342
27343
27344
27345
27346
27350
27351
27352
27354
27355
27358
27359
27360
27362
27363
27365
27366
27367
27369
27370
27371
27372
27373
27374
27375
27376
27378
27379
27380
27381
27382
27383
27384
27385
27386
27387
27389
27390
27391
27392
27393
27395
27396
27398
27399
27400
27401
27402
27403
27404
27405
27406
27408
27409
27410
27412
27413
27416
27417
27419
27420
27421
27423
27424
27425
27427
27428
27430
27432
27433
27434
27435
27436
27437
27439
27441
27443
27445
27446
27447
27450
27454
27456
27460
27462
27464
27465
27466
27467
27471
27472
27475
27476
27477
27478
27482
27483
27484
27485
27487
27490
27491
27494
27495
27496
27501
27502
27510
27512
27513
27514
27515
27517
27519
27522
27523
27525
27526
27528
27530
27532
27533
27534
27536
27538
27540
27543
27545
27547
27549
27551
27556
27557
27558
27559
27560
27563
27565
27566
27567
27568
27571
27572
27573
27575
27577
27578
27580
27582
27583
27584
27585
27586
27587
27588
27589
27591
27592
27593
27595
27596
27597
27600
27602
27603
27604
27605
27608
27609
27611
27612
27613
27614
27615
27616
27618
27619
27620
27621
27622
27623
27625
27628
27629
27630
27631
27632
27633
27634
27635
27641
27642
27645
27647
27648
27650
27651
27653
27654
27655
27656
27657
27661
27662
27663
27664
27665
27666
27667
27668
27670
27672
27673
27674
27676
27678
27679
27682
27686
27688
27689
27690
27692
27693
27694
27695
27696
27698
27699
27700
27701
27702
27704
27706
27707
27709
27710
27711
27712
27713
27714
27715
27717
27718
27719
27720
27723
27724
27727
27730
27731
27732
27733
27734
27735
27736
27737
27738
27739
27740
27741
27742
27743
27745
27747
27748
27750
27751
27753
27755
27756
27757
27758
27760
27761
27762
27763
27764
27766
27767
27772
27775
27776
27777
27778
27779
27780
27781
27782
27784
27787
27788
27790
27791
27793
27794
27795
27797
27798
27802
27803
27805
27806
27808
27811
27817
27819
27820
27821
27822
27823
27824
27826
27828
27833
27837
27838
27840
27841
27843
27844
27845
27846
27849
27850
27852
27854
27857
27858
27859
27860
27861
27864
27865
27867
27868
27869
27870
27872
27876
27879
27881
27884
27885
27887
27889
27891
27892
27893
27894
27895
27896
27899
27900
27903
27904
27906
27907
27908
27909
27910
27911
27912
27915
27916
27919
27921
27922
27923
27924
27925
27926
27927
27928
27929
27930
27931
27932
27933
27935
27938
27942
27943
27944
27945
27946
27948
27950
27952
27953
27958
27959
27960
27962
27963
27964
27965
27966
27967
27969
27970
27971
27973
27974
27976
27977
27979
27980
27981
27984
27988
27990
27991
27993
27994
27995
27996
27997
27998
27999
28000
28001
28002
28003
28006
28007
28008
28009
28011
28013
28014
28017
28018
28020
28021
28024
28025
28026
28028
28032
28033
28035
28036
28040
28041
28042
28043
28044
28048
28049
28054
28058
28060
28061
28062
28063
28065
28066
28067
28068
28070
28072
28073
28074
28075
28079
28080
28081
28082
28085
28086
28087
28088
28090
28091
28092
28095
28096
28097
28098
28100
28101
28103
28104
28105
28107
28109
28110
28111
28112
28113
28115
28118
28121
28125
28126
28127
28132
28133
28136
28137
28138
28140
28141
28142
28143
28145
28147
28149
28150
28151
28156
28157
28161
28164
28166
28168
28169
28170
28171
28172
28173
28177
28180
28183
28184
28185
28188
28189
28190
28191
28192
28193
28197
28198
28199
28200
28207
28208
28210
28211
28214
28215
28216
28217
28218
28219
28221
28222
28223
28227
28229
28230
28232
28233
28234
28235
28236
28237
28238
28239
28240
28241
28242
28243
28247
28248
28252
28253
28254
28255
28257
28258
28259
28260
28261
28262
28263
28265
28266
28267
28269
28271
28272
28274
28276
28278
28281
28284
28286
28288
28291
28292
28295
28297
28298
28299
28300
28301
28302
28305
28306
28308
28310
28311
28312
28313
28315
28317
28318
28320
28321
28326
28327
28328
28329
28330
28335
28336
28337
28338
28339
28340
28341
28343
28347
28348
28349
28352
28354
28356
28357
28358
28360
28362
28365
28366
28367
28368
28370
28371
28372
28373
28377
28378
28380
28382
28384
28385
28389
28390
28391
28392
28395
28396
28398
28399
28401
28402
28403
28404
28405
28409
28410
28412
28416
28422
28423
28425
28426
28427
28428
28429
28430
28431
28432
28434
28436
28439
28440
28441
28442
28443
28444
28445
28446
28449
28450
28452
28454
28456
28457
28458
28459
28461
28463
28465
28468
28469
28470
28471
28472
28473
28475
28476
28477
28481
28484
28485
28486
28488
28489
28490
28492
28493
28494
28495
28496
28497
28498
28501
28502
28504
28505
28510
28513
28514
28516
28517
28518
28519
28520
28524
28525
28526
28528
28529
28530
28531
28534
28535
28537
28538
28539
28540
28541
28542
28546
28547
28549
28550
28552
28556
28560
28561
28562
28563
28565
28566
28567
28568
28569
28571
28573
28578
28579
28581
28582
28584
28586
28587
28589
28592
28593
28594
28596
28597
28598
28599
28602
28604
28609
28610
28613
28617
28621
28622
28623
28624
28625
28627
28628
28629
28631
28632
28633
28637
28638
28639
28640
28641
28645
28646
28647
28648
28649
28651
28655
28658
28659
28660
28661
28662
28663
28670
28671
28672
28674
28675
28676
28677
28679
28682
28683
28684
28685
28686
28687
28688
28689
28690
28692
28693
28694
28697
28699
28700
28701
28705
28706
28707
28708
28709
28710
28712
28713
28714
28715
28717
28718
28721
28723
28726
28729
28731
28732
28737
28738
28739
28740
28741
28742
28743
28746
28750
28751
28755
28756
28758
28759
28760
28761
28762
28763
28767
28768
28770
28771
28772
28774
28778
28782
28783
28784
28786
28788
28789
28791
28792
28793
28794
28797
28798
28799
28800
28803
28804
28805
28812
28815
28817
28820
28821
28822
28825
28826
28829
28830
28831
28833
28837
28838
28841
28842
28843
28844
28845
28847
28849
28853
28854
28855
28856
28857
28860
28862
28864
28866
28867
28872
28873
28874
28875
28876
28879
28880
28881
28882
28883
28885
28887
28888
28889
28892
28893
28894
28895
28896
28898
28899
28901
28902
28906
28907
28909
28910
28913
28915
28916
28918
28919
28920
28921
28923
28924
28926
28931
28936
28937
28938
28942
28943
28944
28945
28946
28947
28949
28950
28952
28953
28954
28955
28958
28962
28964
28970
28973
28974
28975
28976
28977
28979
28980
28981
28983
28985
28986
28988
28989
28990
28995
28997
28998
28999
29000
29001
29005
29006
29007
29009
29010
29012
29013
29014
29015
29016
29017
29018
29019
29021
29022
29025
29026
29029
29031
29033
29035
29038
29040
29041
29042
29044
29045
29046
29047
29048
29051
29052
29057
29058
29059
29060
29062
29063
29064
29066
29067
29069
29070
29074
29075
29076
29080
29081
29085
29088
29089
29090
29091
29093
29094
29096
29100
29101
29103
29105
29106
29108
29109
29110
29111
29112
29113
29114
29115
29116
29118
29120
29121
29122
29127
29128
29129
29130
29131
29133
29134
29138
29139
29140
29144
29148
29149
29150
29151
29153
29155
29157
29158
29159
29160
29161
29162
29165
29166
29167
29169
29174
29177
29178
29179
29182
29183
29187
29189
29190
29192
29193
29196
29197
29202
29203
29204
29207
29208
29210
29211
29212
29213
29217
29220
29221
29222
29225
29229
29230
29234
29235
29237
29238
29239
29242
29243
29245
29246
29249
29251
29255
29259
29261
29262
29263
29264
29267
29268
29269
29273
29274
29275
29278
29279
29280
29282
29283
29284
29287
29288
29292
29293
29297
29298
29299
29301
29302
29303
29304
29306
29309
29310
29311
29313
29315
29316
29317
29318
29321
29322
29325
29326
29327
29328
29329
29330
29331
29332
29334
29342
29343
29346
29347
29348
29350
29351
29353
29355
29357
29359
29360
29361
29362
29363
29364
29366
29368
29369
29370
29371
29372
29373
29375
29377
29378
29379
29381
29382
29383
29384
29386
29387
29388
29389
29390
29392
29393
29394
29396
29397
29400
29401
29407
29408
29410
29413
29414
29415
29416
29419
29420
29421
29422
29423
29424
29425
29426
29429
29430
29431
29435
29436
29438
29439
29440
29443
29445
29446
29449
29450
29451
29454
29455
29456
29457
29458
29460
29462
29464
29465
29468
29470
29471
29472
29473
29474
29475
29476
29477
29478
29479
29482
29485
29486
29487
29490
29491
29492
29493
29495
29500
29501
29502
29503
29504
29505
29506
29507
29508
29510
29511
29512
29517
29518
29519
29520
29523
29525
29526
29527
29531
29533
29534
29535
29538
29540
29541
29542
29543
29544
29545
29549
29550
29551
29552
29553
29554
29555
29560
29562
29563
29564
29567
29568
29569
29570
29571
29572
29573
29574
29577
29578
29581
29582
29584
29585
29586
29587
29588
29589
29591
29593
29594
29595
29596
29599
29602
29607
29609
29611
29612
29615
29616
29617
29618
29621
29622
29625
29628
29629
29630
29631
29635
29636
29637
29641
29642
29643
29644
29645
29647
29648
29649
29650
29652
29653
29654
29656
29657
29658
29663
29664
29665
29666
29670
29671
29672
29674
29675
29677
29678
29680
29681
29682
29683
29685
29686
29687
29688
29689
29691
29692
29693
29694
29696
29697
29699
29700
29701
29702
29707
29709
29711
29712
29715
29717
29720
29721
29722
29723
29725
29726
29727
29729
29730
29731
29732
29734
29736
29738
29741
29744
29745
29747
29748
29749
29751
29752
29753
29754
29755
29760
29761
29762
29763
29765
29767
29768
29769
29771
29773
29774
29775
29776
29778
29779
29780
29781
29784
29785
29786
29792
29793
29794
29796
29797
29798
29800
29801
29803
29804
29805
29806
29808
29809
29811
29812
29814
29815
29816
29817
29820
29821
29822
29824
29826
29828
29830
29831
29832
29834
29835
29836
29838
29839
29840
29843
29844
29845
29847
29850
29851
29852
29853
29854
29858
29860
29861
29863
29865
29866
29868
29869
29870
29871
29872
29873
29875
29877
29878
29879
29883
29885
29886
29887
29889
29890
29891
29897
29899
29903
29904
29905
29906
29908
29910
29913
29914
29916
29918
29920
29921
29922
29925
29926
29927
29928
29929
29930
29931
29933
29934
29935
29939
29941
29944
29945
29950
29951
29954
29956
29957
29958
29964
29965
29968
29969
29972
29973
29974
29975
29976
29978
29983
29984
29986
29988
29991
29992
29993
29997
29999
30001
30002
30003
30006
30009
30010
30011
30012
30013
30015
30017
30018
30020
30021
30022
30025
30027
30029
30031
30035
30036
30037
30038
30039
30040
30043
30045
30046
30047
30049
30052
30053
30054
30055
30056
30057
30058
30063
30064
30066
30069
30070
30074
30075
30083
30084
30086
30087
30088
30090
30091
30094
30095
30096
30097
30098
30101
30102
30103
30104
30106
30107
30108
30111
30113
30114
30115
30116
30117
30118
30119
30120
30122
30123
30124
30125
30126
30127
30128
30132
30135
30138
30139
30140
30141
30143
30144
30145
30146
30147
30148
30149
30150
30151
30152
30154
30155
30157
30160
30162
30165
30171
30172
30173
30174
30175
30177
30179
30180
30181
30182
30183
30185
30186
30187
30189
30191
30192
30193
30196
30197
30198
30202
30204
30205
30207
30208
30209
30211
30212
30214
30215
30216
30218
30219
30220
30221
30224
30225
30226
30229
30230
30231
30235
30236
30237
30238
30240
30244
30245
30246
30250
30251
30252
30255
30258
30260
30261
30262
30263
30264
30269
30271
30274
30276
30278
30279
30280
30284
30285
30286
30287
30289
30291
30292
30293
30294
30296
30299
30300
30303
30304
30305
30307
30308
30309
30316
30318
30319
30320
30323
30324
30326
30327
30328
30331
30335
30336
30337
30339
30340
30342
30344
30345
30346
30351
30352
30358
30359
30360
30361
30362
30363
30364
30366
30367
30368
30369
30370
30371
30372
30373
30374
30376
30377
30379
30383
30387
30389
30390
30392
30394
30396
30397
30399
30401
30402
30405
30406
30407
30408
30412
30413
30417
30419
30421
30422
30423
30425
30427
30429
30430
30433
30434
30435
30436
30437
30438
30441
30442
30443
30445
30446
30450
30451
30453
30456
30460
30461
30463
30466
30467
30470
30472
30474
30475
30476
30478
30481
30487
30488
30492
30493
30494
30496
30498
30499
30503
30506
30508
30510
30511
30512
30515
30516
30518
30519
30520
30521
30523
30525
30527
30529
30531
30535
30536
30537
30539
30541
30544
30545
30546
30551
30558
30559
30561
30562
30563
30564
30567
30568
30571
30575
30576
30578
30582
30584
30586
30591
30593
30594
30595
30596
30600
30601
30603
30604
30605
30606
30608
30611
30613
30615
30618
30619
30620
30622
30623
30624
30625
30630
30632
30634
30635
30636
30637
30640
30641
30642
30644
30645
30646
30647
30648
30649
30650
30651
30652
30653
30654
30656
30657
30659
30662
30663
30664
30666
30667
30668
30669
30670
30672
30674
30675
30677
30678
30680
30682
30683
30684
30686
30687
30688
30689
30690
30691
30692
30695
30697
30698
30699
30701
30702
30704
30705
30706
30710
30713
30715
30719
30724
30725
30727
30728
30729
30730
30733
30734
30738
30741
30742
30744
30745
30746
30747
30748
30749
30753
30755
30756
30758
30760
30761
30762
30763
30764
30765
30766
30768
30775
30776
30778
30779
30781
30783
30784
30785
30787
30788
30789
30790
30793
30794
30796
30799
30800
30803
30804
30805
30806
30807
30808
30810
30812
30814
30816
30817
30819
30821
30823
30824
30826
30828
30831
30832
30833
30835
30836
30837
30838
30839
30841
30842
30843
30847
30848
30851
30852
30854
30857
30858
30859
30863
30864
30867
30868
30869
30870
30871
30874
30875
30876
30877
30878
30880
30882
30883
30885
30888
30889
30890
30895
30899
30900
30901
30903
30904
30906
30907
30909
30910
30912
30913
30914
30915
30917
30918
30919
30923
30924
30925
30927
30928
30929
30933
30935
30936
30937
30938
30941
30944
30949
30951
30952
30953
30954
30956
30957
30958
30959
30960
30961
30962
30966
30967
30968
30969
30972
30973
30974
30976
30977
30979
30982
30983
30988
30990
30992
30993
30994
30996
30997
30998
31000
31003
31004
31008
31009
31010
31011
31012
31013
31016
31020
31022
31023
31024
31025
31028
31030
31032
31034
31036
31037
31038
31042
31045
31047
31048
31049
31051
31053
31055
31056
31057
31058
31060
31061
31062
31063
31064
31065
31071
31072
31074
31080
31082
31083
31084
31085
31086
31088
31090
31091
31092
31097
31098
31099
31100
31101
31102
31103
31105
31106
31107
31109
31114
31118
31120
31124
31127
31128
31129
31130
31133
31134
31136
31137
31138
31142
31143
31144
31145
31147
31150
31151
31152
31153
31154
31157
31162
31165
31167
31168
31169
31170
31171
31172
31173
31179
31180
31181
31182
31183
31184
31186
31187
31190
31192
31193
31195
31196
31198
31199
31200
31201
31205
31207
31208
31209
31211
31212
31213
31215
31216
31217
31218
31219
31220
31221
31223
31224
31225
31226
31227
31228
31230
31231
31233
31234
31236
31238
31239
31241
31242
31243
31244
31247
31248
31251
31255
31256
31257
31258
31259
31261
31262
31264
31265
31267
31270
31271
31273
31276
31278
31279
31282
31285
31286
31287
31288
31291
31292
31294
31297
31302
31303
31304
31305
31307
31308
31310
31311
31312
31314
31315
31318
31321
31324
31326
31327
31328
31329
31330
31332
31333
31337
31338
31339
31340
31341
31342
31343
31344
31346
31348
31349
31350
31351
31354
31355
31356
31358
31360
31361
31363
31367
31368
31369
31370
31371
31374
31376
31377
31379
31386
31388
31389
31391
31392
31393
31397
31403
31404
31405
31407
31409
31410
31411
31413
31414
31417
31418
31420
31425
31428
31430
31431
31434
31435
31436
31437
31439
31440
31442
31443
31445
31446
31450
31451
31453
31454
31456
31461
31462
31464
31466
31467
31470
31471
31479
31481
31483
31484
31485
31487
31488
31489
31490
31491
31493
31494
31498
31502
31503
31505
31507
31508
31509
31510
31512
31515
31516
31517
31519
31520
31521
31524
31525
31526
31529
31530
31532
31533
31534
31536
31538
31541
31542
31543
31544
31546
31547
31548
31550
31551
31552
31555
31556
31557
31558
31559
31561
31562
31564
31565
31566
31567
31571
31572
31574
31575
31579
31580
31584
31588
31589
31590
31591
31593
31598
31600
31602
31606
31610
31611
31616
31617
31619
31621
31622
31623
31624
31625
31626
31627
31628
31629
31631
31634
31636
31637
31640
31641
31642
31644
31645
31646
31647
31649
31650
31652
31654
31656
31659
31660
31661
31662
31663
31664
31665
31666
31668
31670
31671
31672
31677
31685
31686
31688
31689
31690
31692
31693
31695
31696
31697
31698
31699
31701
31705
31706
31708
31709
31711
31712
31713
31714
31718
31720
31721
31722
31723
31724
31725
31727
31728
31733
31734
31735
31737
31738
31740
31741
31744
31748
31749
31750
31751
31752
31753
31754
31755
31759
31760
31762
31764
31765
31766
31769
31770
31773
31776
31777
31778
31780
31781
31788
31789
31790
31791
31792
31793
31794
31795
31797
31799
31800
31802
31809
31810
31812
31813
31815
31816
31820
31821
31823
31824
31826
31829
31830
31833
31834
31835
31838
31841
31842
31846
31847
31849
31850
31853
31854
31855
31858
31859
31860
31861
31862
31869
31871
31872
31874
31875
31878
31879
31881
31882
31884
31886
31887
31888
31889
31891
31896
31899
31900
31901
31902
31904
31906
31911
31913
31914
31918
31919
31921
31923
31925
31928
31930
31931
31932
31933
31935
31937
31941
31942
31943
31944
31945
31949
31950
31951
31954
31957
31959
31961
31964
31965
31966
31968
31969
31970
31971
31972
31973
31975
31978
31979
31980
31983
31984
31985
31986
31987
31988
31989
31990
31991
31992
31994
31995
31996
31997
31998
32000
32001
32002
32003
32005
32006
32007
32008
32009
32010
32011
32013
32015
32016
32017
32019
32029
32031
32032
32039
32042
32043
32045
32049
32052
32055
32058
32061
32062
32064
32071
32074
32075
32076
32083
32084
32086
32087
32088
32093
32096
32097
32098
32099
32100
32102
32104
32105
32107
32108
32114
32115
32116
32117
32118
32124
32127
32128
32129
32130
32133
32135
32137
32138
32140
32143
32144
32145
32147
32148
32149
32153
32154
32156
32157
32160
32162
32163
32164
32166
32168
32170
32171
32174
32175
32176
32177
32178
32179
32184
32187
32188
32189
32190
32191
32192
32193
32194
32195
32198
32199
32201
32202
32204
32205
32208
32209
32210
32218
32220
32222
32224
32227
32228
32229
32230
32231
32235
32236
32237
32239
32241
32245
32246
32247
32248
32250
32251
32252
32254
32255
32256
32257
32258
32259
32260
32261
32262
32264
32267
32269
32277
32280
32282
32283
32284
32285
32286
32288
32289
32290
32291
32292
32293
32294
32296
32300
32303
32304
32305
32306
32308
32310
32312
32313
32314
32315
32318
32320
32321
32323
32325
32327
32328
32329
32330
32331
32332
32333
32334
32335
32341
32342
32343
32344
32345
32346
32348
32349
32352
32354
32360
32362
32364
32365
32367
32368
32369
32370
32373
32374
32375
32376
32378
32379
32380
32381
32382
32384
32386
32387
32388
32389
32390
32391
32392
32396
32405
32410
32412
32416
32418
32421
32423
32424
32425
32427
32428
32429
32430
32431
32432
32433
32434
32439
32440
32441
32442
32443
32445
32447
32449
32450
32451
32452
32453
32454
32455
32456
32457
32462
32463
32464
32465
32467
32468
32469
32471
32472
32475
32476
32477
32479
32480
32481
32483
32484
32488
32490
32491
32492
32493
32494
32495
32496
32497
32499
32501
32503
32504
32505
32506
32507
32508
32509
32511
32515
32516
32521
32522
32523
32524
32525
32526
32528
32530
32532
32534
32541
32544
32545
32546
32548
32549
32550
32551
32554
32555
32558
32560
32561
32562
32563
32564
32566
32567
32568
32570
32571
32572
32579
32580
32581
32582
32589
32590
32591
32595
32596
32597
32601
32603
32607
32608
32611
32612
32613
32614
32615
32616
32617
32619
32623
32624
32625
32626
32627
32629
32631
32633
32634
32635
32636
32637
32638
32639
32640
32641
32645
32647
32650
32651
32653
32655
32656
32657
32658
32659
32663
32664
32665
32666
32667
32671
32672
32673
32674
32675
32676
32677
32680
32683
32684
32685
32686
32688
32689
32690
32691
32692
32693
32694
32696
32698
32699
32702
32712
32713
32715
32717
32719
32720
32723
32725
32726
32728
32730
32734
32735
32736
32740
32741
32742
32743
32744
32745
32746
32748
32749
32751
32752
32753
32755
32758
32759
32760
32763
32765
32767
32768
32769
32770
32772
32773
32775
32777
32778
32780
32781
32783
32784
32785
32786
32787
32788
32790
32792
32793
32797
32798
32799
32800
32801
32802
32804
32809
32811
32814
32815
32817
32819
32820
32821
32822
32823
32828
32830
32832
32834
32835
32836
32837
32838
32842
32844
32848
32850
32852
32853
32854
32856
32857
32858
32859
32861
32862
32866
32868
32872
32873
32875
32878
32879
32880
32881
32882
32883
32884
32885
32887
32889
32892
32893
32894
32895
32897
32898
32899
32903
32905
32907
32912
32915
32916
32917
32921
32923
32924
32925
32928
32929
32930
32931
32933
32935
32936
32939
32940
32942
32943
32944
32945
32949
32953
32954
32955
32956
32958
32961
32964
32967
32968
32969
32971
32974
32975
32977
32979
32980
32982
32983
32985
32988
32990
32994
32995
32998
33001
33003
33004
33005
33006
33010
33011
33017
33018
33020
33021
33023
33024
33025
33027
33029
33030
33031
33033
33034
33039
33041
33045
33050
33052
33053
33056
33057
33058
33060
33064
33066
33067
33068
33069
33070
33074
33075
33083
33085
33088
33089
33091
33092
33093
33094
33095
33096
33098
33100
33101
33105
33108
33109
33110
33111
33112
33113
33115
33118
33119
33120
33122
33125
33126
33129
33130
33131
33134
33135
33139
33142
33143
33146
33147
33149
33152
33153
33154
33156
33158
33159
33160
33161
33165
33167
33170
33171
33176
33177
33178
33179
33181
33182
33184
33185
33187
33188
33191
33192
33193
33196
33198
33203
33204
33208
33210
33211
33214
33217
33218
33220
33222
33224
33226
33229
33230
33233
33234
33235
33237
33238
33239
33240
33241
33242
33244
33251
33254
33256
33259
33260
33261
33262
33263
33264
33265
33267
33268
33269
33270
33271
33272
33273
33277
33278
33283
33284
33286
33287
33289
33290
33291
33292
33293
33294
33295
33296
33297
33298
33299
33301
33302
33303
33305
33306
33310
33311
33312
33313
33314
33318
33319
33320
33324
33326
33331
33332
33333
33335
33336
33337
33340
33341
33342
33343
33344
33346
33347
33349
33350
33351
33352
33354
33355
33356
33357
33358
33360
33361
33362
33363
33365
33367
33371
33373
33376
33377
33378
33379
33380
33381
33382
33385
33387
33388
33389
33390
33392
33393
33395
33398
33400
33401
33402
33403
33406
33407
33408
33410
33411
33413
33414
33420
33421
33423
33424
33425
33426
33427
33430
33431
33432
33435
33436
33439
33440
33441
33444
33445
33447
33449
33451
33452
33453
33455
33457
33458
33459
33462
33464
33467
33468
33472
33473
33475
33476
33479
33483
33486
33488
33489
33490
33495
33498
33501
33504
33505
33507
33508
33509
33510
33513
33515
33516
33517
33519
33522
33524
33525
33527
33528
33532
33535
33537
33539
33540
33541
33544
33545
33546
33549
33550
33552
33555
33557
33558
33565
33567
33569
33570
33573
33575
33578
33579
33580
33582
33583
33584
33585
33586
33587
33588
33590
33591
33593
33596
33597
33601
33603
33604
33607
33608
33609
33610
33611
33613
33614
33617
33618
33620
33621
33625
33626
33628
33632
33633
33634
33635
33637
33639
33640
33642
33644
33647
33648
33651
33652
33654
33655
33658
33659
33660
33662
33664
33666
33667
33669
33671
33673
33676
33684
33685
33686
33687
33691
33692
33694
33696
33700
33701
33702
33704
33705
33708
33709
33710
33711
33713
33714
33715
33716
33718
33720
33722
33723
33724
33725
33729
33730
33731
33732
33733
33735
33740
33742
33743
33744
33750
33751
33752
33753
33756
33758
33761
33762
33763
33764
33765
33767
33768
33771
33772
33773
33775
33776
33777
33778
33779
33781
33782
33783
33786
33787
33789
33791
33793
33794
33795
33797
33799
33801
33803
33805
33807
33810
33811
33812
33813
33814
33816
33822
33825
33827
33829
33831
33832
33836
33837
33839
33840
33843
33845
33847
33848
33850
33852
33853
33854
33860
33861
33862
33865
33868
33869
33871
33875
33877
33880
33886
33887
33889
33892
33893
33894
33895
33898
33899
33900
33901
33902
33903
33904
33905
33909
33911
33913
33914
33915
33917
33922
33924
33926
33928
33930
33931
33932
33934
33936
33939
33940
33943
33944
33945
33946
33949
33950
33955
33957
33960
33963
33965
33969
33970
33971
33972
33974
33976
33979
33980
33981
33983
33984
33986
33987
33989
33991
33993
33994
33995
33996
34000
34001
34003
34005
34006
34009
34012
34015
34016
34017
34018
34020
34021
34022
34023
34024
34027
34028
34029
34030
34032
34033
34034
34038
34040
34042
34043
34045
34046
34047
34048
34051
34052
34053
34055
34058
34059
34060
34062
34065
34066
34071
34072
34073
34074
34077
34078
34080
34081
34082
34084
34085
34086
34088
34091
34092
34093
34094
34097
34098
34099
34100
34102
34104
34105
34108
34111
34112
34114
34116
34118
34120
34122
34123
34124
34125
34126
34130
34131
34132
34133
34134
34135
34136
34139
34141
34144
34145
34147
34149
34150
34151
34153
34154
34156
34157
34163
34164
34165
34167
34169
34170
34171
34173
34174
34176
34177
34180
34181
34182
34183
34184
34185
34186
34187
34188
34191
34192
34195
34197
34201
34203
34204
34206
34207
34209
34210
34211
34215
34217
34218
34219
34222
34224
34228
34229
34230
34231
34232
34234
34236
34237
34238
34241
34243
34248
34250
34251
34253
34254
34257
34259
34261
34263
34267
34271
34274
34275
34276
34277
34279
34281
34282
34283
34284
34287
34288
34289
34290
34291
34293
34294
34295
34298
34301
34303
34305
34306
34309
34310
34311
34312
34313
34314
34317
34318
34319
34320
34322
34323
34325
34326
34327
34328
34329
34333
34337
34338
34343
34344
34347
34349
34352
34354
34356
34359
34362
34364
34365
34366
34367
34369
34373
34374
34376
34377
34379
34380
34383
34384
34385
34386
34387
34391
34392
34393
34394
34395
34396
34397
34398
34405
34406
34407
34409
34410
34413
34414
34415
34417
34419
34420
34422
34424
34426
34429
34433
34435
34436
34437
34438
34439
34445
34447
34448
34449
34451
34455
34459
34461
34462
34463
34464
34467
34468
34470
34471
34473
34475
34481
34482
34483
34489
34490
34491
34493
34494
34498
34499
34500
34501
34502
34505
34506
34507
34509
34510
34512
34513
34514
34515
34516
34519
34521
34523
34524
34525
34527
34529
34531
34532
34533
34534
34535
34536
34537
34538
34541
34542
34543
34545
34547
34548
34549
34551
34555
34557
34558
34559
34560
34563
34564
34566
34569
34574
34577
34578
34579
34580
34583
34584
34588
34589
34593
34594
34597
34600
34601
34602
34605
34608
34609
34610
34612
34613
34615
34620
34621
34623
34624
34625
34626
34628
34633
34634
34635
34636
34638
34639
34643
34644
34645
34646
34647
34648
34651
34652
34654
34655
34656
34660
34661
34663
34667
34669
34672
34674
34675
34676
34677
34681
34682
34683
34685
34686
34692
34693
34695
34697
34700
34703
34705
34706
34707
34708
34710
34711
34714
34716
34717
34718
34719
34722
34725
34726
34727
34728
34731
34733
34734
34735
34736
34738
34740
34741
34742
34743
34746
34748
34750
34755
34757
34761
34762
34764
34766
34767
34768
34771
34773
34774
34777
34780
34781
34785
34786
34788
34789
34790
34793
34794
34795
34797
34801
34802
34808
34809
34810
34811
34814
34816
34817
34819
34821
34822
34825
34828
34831
34833
34835
34841
34842
34843
34844
34848
34849
34850
34852
34853
34855
34856
34858
34860
34862
34865
34866
34867
34868
34871
34872
34874
34877
34878
34879
34880
34881
34884
34885
34886
34887
34888
34889
34890
34893
34896
34898
34902
34904
34905
34906
34908
34910
34912
34913
34915
34918
34920
34921
34922
34923
34926
34928
34929
34930
34932
34933
34936
34937
34938
34941
34942
34943
34944
34946
34951
34952
34953
34956
34960
34962
34963
34966
34970
34971
34973
34978
34979
34982
34983
34987
34988
34991
34992
34993
34996
35000
35002
35005
35007
35009
35011
35012
35015
35016
35018
35019
35021
35022
35023
35024
35025
35027
35028
35033
35034
35035
35036
35037
35039
35040
35042
35044
35046
35047
35048
35049
35050
35051
35054
35055
35060
35061
35065
35067
35070
35072
35073
35076
35079
35080
35081
35084
35087
35088
35090
35091
35094
35095
35096
35097
35098
35099
35100
35103
35104
35106
35108
35110
35112
35114
35116
35118
35120
35121
35122
35124
35125
35126
35128
35131
35133
35134
35136
35137
35138
35139
35140
35141
35142
35145
35146
35150
35153
35155
35156
35157
35159
35161
35162
35165
35166
35169
35175
35178
35181
35183
35184
35187
35188
35193
35194
35195
35196
35199
35200
35203
35204
35205
35207
35210
35211
35212
35213
35214
35216
35218
35220
35221
35222
35226
35229
35231
35232
35237
35238
35239
35240
35242
35243
35246
35247
35249
35250
35251
35252
35255
35257
35260
35264
35265
35269
35270
35273
35274
35275
35276
35282
35286
35288
35289
35294
35295
35296
35299
35302
35303
35306
35307
35308
35309
35312
35313
35318
35319
35323
35324
35325
35326
35329
35331
35335
35336
35338
35340
35344
35348
35349
35351
35354
35355
35358
35359
35360
35364
35374
35378
35380
35386
35393
35395
35396
35397
35398
35399
35400
35403
35404
35406
35407
35409
35413
35414
35418
35419
35420
35421
35422
35423
35424
35425
35426
35427
35430
35431
35433
35434
35435
35438
35439
35441
35444
35445
35451
35452
35455
35460
35463
35464
35467
35468
35471
35472
35473
35474
35475
35476
35478
35479
35480
35481
35482
35483
35489
35492
35494
35495
35497
35503
35504
35505
35509
35511
35512
35513
35514
35516
35518
35522
35529
35532
35535
35537
35538
35539
35540
35541
35542
35543
35546
35547
35548
35550
35551
35555
35558
35559
35560
35562
35564
35565
35568
35569
35571
35575
35577
35578
35580
35583
35584
35585
35589
35590
35593
35594
35595
35599
35601
35602
35603
35604
35606
35607
35608
35609
35612
35613
35614
35615
35617
35621
35623
35629
35633
35634
35635
35637
35643
35646
35647
35648
35649
35650
35653
35655
35657
35659
35661
35662
35665
35667
35668
35672
35675
35677
35678
35679
35680
35682
35683
35686
35687
35688
35690
35691
35692
35693
35695
35697
35698
35699
35701
35704
35707
35709
35711
35713
35716
35718
35719
35721
35725
35726
35727
35728
35732
35733
35735
35737
35740
35742
35744
35746
35747
35748
35750
35751
35752
35754
35755
35758
35762
35764
35765
35768
35769
35771
35778
35779
35780
35783
35784
35785
35786
35787
35788
35790
35792
35793
35794
35795
35797
35798
35800
35801
35807
35808
35812
35814
35819
35821
35822
35824
35826
35831
35832
35835
35836
35838
35840
35841
35843
35845
35846
35847
35849
35851
35853
35856
35859
35861
35862
35864
35865
35866
35867
35868
35872
35873
35875
35878
35880
35881
35883
35884
35885
35886
35889
35891
35892
35893
35894
35895
35899
35900
35901
35902
35904
35908
35909
35911
35912
35914
35917
35919
35920
35922
35923
35924
35925
35926
35927
35929
35930
35931
35932
35934
35935
35936
35937
35940
35941
35944
35945
35946
35947
35951
35953
35955
35956
35959
35960
35962
35963
35968
35969
35970
35971
35972
35975
35977
35978
35979
35980
35981
35983
35985
35988
35989
35990
35992
35993
35995
35996
35998
36000
36003
36004
36008
36009
36010
36011
36012
36014
36015
36016
36021
36022
36023
36024
36025
36026
36027
36028
36029
36034
36035
36036
36038
36039
36040
36042
36043
36044
36046
36048
36050
36052
36053
36055
36059
36066
36071
36072
36074
36075
36076
36079
36080
36084
36088
36089
36090
36091
36093
36097
36098
36100
36101
36105
36106
36109
36110
36111
36112
36114
36117
36118
36119
36121
36123
36126
36128
36129
36131
36133
36134
36138
36139
36142
36146
36151
36152
36155
36156
36158
36159
36160
36162
36163
36164
36165
36166
36169
36171
36174
36175
36176
36180
36182
36184
36186
36189
36190
36191
36192
36193
36195
36196
36197
36199
36200
36201
36204
36205
36207
36208
36211
36212
36213
36214
36215
36221
36222
36225
36230
36231
36234
36237
36238
36245
36246
36247
36249
36250
36253
36254
36256
36257
36260
36265
36268
36269
36272
36275
36276
36277
36279
36280
36286
36287
36294
36295
36296
36297
36298
36301
36303
36309
36311
36312
36314
36315
36317
36319
36320
36322
36323
36325
36326
36327
36328
36331
36332
36333
36334
36335
36336
36343
36344
36346
36347
36348
36349
36350
36351
36353
36354
36357
36363
36366
36367
36368
36369
36370
36372
36373
36375
36376
36377
36382
36384
36389
36393
36394
36395
36397
36398
36400
36403
36406
36407
36408
36409
36410
36414
36415
36416
36418
36419
36422
36423
36424
36425
36426
36429
36432
36435
36436
36438
36440
36441
36445
36446
36449
36450
36453
36454
36456
36464
36465
36468
36469
36472
36474
36475
36478
36479
36480
36482
36483
36485
36487
36491
36492
36495
36496
36497
36499
36500
36501
36503
36504
36506
36513
36514
36515
36516
36520
36521
36523
36524
36526
36527
36529
36530
36531
36535
36536
36538
36539
36546
36552
36553
36554
36557
36562
36563
36569
36571
36572
36573
36574
36576
36577
36578
36583
36584
36586
36588
36589
36590
36591
36592
36593
36594
36595
36597
36598
36601
36602
36603
36605
36606
36607
36609
36610
36612
36613
36614
36615
36616
36618
36626
36627
36628
36629
36630
36631
36634
36636
36637
36638
36639
36640
36641
36642
36643
36648
36649
36652
36654
36658
36660
36662
36664
36667
36670
36671
36675
36676
36679
36681
36683
36688
36693
36700
36702
36703
36706
36709
36712
36714
36717
36719
36720
36722
36723
36724
36725
36730
36732
36733
36734
36736
36737
36740
36744
36745
36746
36748
36749
36751
36754
36760
36762
36765
36769
36773
36774
36776
36777
36780
36783
36784
36785
36787
36789
36792
36793
36794
36796
36798
36799
36801
36802
36805
36806
36807
36808
36809
36810
36814
36816
36817
36819
36820
36822
36823
36824
36827
36831
36833
36834
36835
36836
36838
36839
36840
36841
36843
36844
36846
36851
36853
36859
36861
36864
36865
36866
36867
36874
36875
36876
36877
36879
36882
36883
36884
36885
36887
36889
36890
36891
36892
36893
36895
36897
36898
36899
36900
36901
36902
36904
36906
36907
36908
36909
36914
36915
36923
36924
36925
36926
36928
36931
36933
36934
36935
36938
36939
36940
36943
36944
36945
36948
36951
36953
36954
36957
36960
36962
36965
36967
36968
36970
36973
36974
36975
36976
36979
36981
36982
36984
36985
36986
36987
36988
36990
36996
36997
36999
37002
37003
37004
37005
37006
37008
37010
37011
37014
37015
37016
37019
37020
37022
37023
37024
37025
37028
37029
37032
37033
37034
37035
37036
37037
37040
37041
37043
37044
37047
37048
37049
37052
37056
37057
37058
37061
37063
37066
37069
37070
37072
37073
37078
37079
37081
37085
37086
37088
37093
37094
37098
37103
37104
37107
37108
37109
37113
37115
37116
37118
37121
37125
37127
37128
37130
37134
37136
37138
37139
37140
37142
37144
37145
37147
37148
37149
37152
37153
37154
37155
37157
37158
37160
37163
37164
37168
37169
37170
37172
37173
37175
37179
37180
37182
37183
37186
37189
37194
37197
37198
37201
37202
37204
37205
37207
37208
37211
37212
37213
37214
37218
37219
37220
37224
37226
37228
37229
37230
37231
37232
37234
37236
37237
37238
37240
37245
37246
37247
37248
37249
37250
37252
37254
37255
37263
37264
37266
37267
37270
37271
37272
37276
37277
37280
37281
37284
37288
37292
37294
37297
37299
37300
37303
37304
37306
37308
37309
37310
37311
37312
37314
37319
37321
37326
37327
37329
37331
37332
37334
37336
37339
37342
37345
37348
37350
37352
37353
37355
37356
37358
37359
37360
37361
37363
37364
37366
37367
37368
37370
37371
37372
37374
37380
37381
37382
37383
37384
37388
37395
37396
37397
37398
37400
37403
37405
37408
37410
37411
37412
37413
37416
37417
37418
37421
37423
37424
37425
37427
37428
37429
37431
37432
37433
37435
37436
37437
37438
37441
37442
37445
37447
37448
37450
37451
37456
37457
37458
37459
37460
37463
37466
37467
37468
37471
37475
37476
37477
37481
37482
37485
37488
37490
37492
37493
37494
37497
37499
37500
37506
37508
37514
37516
37518
37523
37526
37527
37529
37531
37532
37533
37534
37536
37537
37538
37539
37542
37543
37546
37547
37549
37550
37551
37553
37554
37555
37556
37561
37562
37566
37569
37574
37577
37582
37585
37586
37587
37589
37592
37593
37595
37596
37600
37602
37603
37604
37606
37608
37613
37616
37618
37619
37621
37623
37625
37627
37631
37634
37637
37638
37640
37641
37642
37643
37645
37647
37652
37653
37654
37655
37656
37657
37658
37659
37660
37663
37667
37668
37672
37673
37675
37676
37679
37681
37683
37685
37687
37688
37689
37690
37691
37693
37695
37696
37698
37699
37700
37701
37702
37705
37707
37708
37710
37714
37715
37716
37719
37721
37722
37725
37726
37727
37729
37730
37731
37732
37734
37735
37737
37738
37740
37741
37742
37744
37747
37748
37752
37753
37754
37758
37759
37760
37761
37763
37764
37765
37769
37774
37775
37779
37780
37781
37782
37784
37785
37786
37787
37792
37793
37794
37795
37797
37799
37800
37801
37802
37804
37809
37812
37813
37815
37817
37819
37823
37824
37825
37826
37827
37830
37831
37832
37833
37835
37839
37844
37845
37847
37848
37849
37852
37853
37858
37860
37863
37866
37868
37870
37871
37876
37877
37878
37879
37880
37882
37886
37887
37889
37890
37892
37894
37895
37896
37897
37899
37904
37908
37911
37912
37913
37914
37915
37916
37918
37920
37923
37928
37930
37932
37934
37935
37938
37939
37941
37943
37944
37947
37951
37954
37955
37956
37957
37958
37960
37964
37965
37968
37969
37971
37972
37974
37978
37980
37981
37984
37985
37986
37989
37990
37991
37992
37993
37994
37995
37996
37997
37998
37999
38000
38001
38002
38003
38004
38005
38008
38010
38011
38012
38013
38015
38016
38019
38020
38024
38026
38027
38028
38029
38030
38033
38035
38036
38039
38040
38044
38045
38049
38050
38052
38056
38059
38060
38061
38062
38065
38066
38067
38068
38069
38070
38071
38073
38074
38075
38076
38079
38085
38086
38088
38089
38090
38091
38092
38093
38094
38097
38099
38104
38107
38109
38111
38112
38113
38117
38118
38121
38123
38126
38127
38129
38131
38134
38135
38136
38138
38139
38141
38142
38147
38148
38152
38154
38155
38156
38157
38158
38163
38166
38168
38169
38170
38171
38172
38175
38176
38177
38178
38180
38182
38183
38187
38188
38190
38191
38192
38193
38194
38196
38197
38200
38203
38205
38207
38208
38209
38211
38212
38213
38214
38216
38217
38220
38222
38223
38225
38226
38227
38233
38236
38237
38238
38243
38245
38247
38248
38251
38253
38255
38256
38258
38260
38261
38266
38269
38270
38273
38274
38278
38279
38281
38283
38285
38289
38290
38294
38297
38303
38304
38306
38308
38311
38314
38315
38316
38318
38321
38323
38324
38325
38327
38329
38331
38333
38334
38339
38343
38344
38346
38347
38348
38351
38352
38354
38357
38360
38361
38362
38363
38364
38365
38368
38369
38372
38373
38375
38377
38378
38380
38383
38386
38387
38390
38391
38393
38394
38397
38399
38400
38401
38402
38403
38406
38408
38410
38416
38417
38418
38419
38420
38424
38425
38429
38430
38433
38442
38443
38445
38447
38449
38450
38453
38454
38459
38460
38461
38465
38469
38473
38474
38476
38477
38478
38479
38481
38482
38484
38488
38489
38490
38491
38493
38494
38495
38499
38501
38502
38503
38505
38506
38508
38510
38511
38512
38516
38517
38518
38519
38523
38528
38531
38532
38533
38535
38537
38538
38540
38543
38545
38549
38551
38553
38555
38556
38558
38559
38562
38563
38566
38568
38569
38570
38572
38574
38575
38576
38577
38580
38581
38584
38585
38589
38591
38592
38593
38594
38595
38598
38601
38603
38606
38607
38610
38611
38613
38615
38617
38618
38619
38622
38623
38624
38625
38626
38627
38628
38629
38631
38633
38636
38637
38638
38639
38641
38642
38643
38645
38647
38648
38649
38652
38653
38655
38656
38658
38660
38661
38663
38667
38669
38672
38673
38675
38676
38678
38679
38680
38681
38688
38689
38690
38691
38693
38694
38695
38696
38698
38699
38701
38703
38706
38707
38708
38710
38712
38715
38718
38723
38724
38725
38726
38727
38729
38733
38734
38738
38739
38740
38742
38743
38754
38755
38756
38760
38762
38763
38764
38766
38769
38771
38773
38774
38775
38778
38779
38780
38782
38783
38784
38785
38786
38788
38789
38793
38794
38795
38797
38798
38799
38800
38802
38806
38807
38810
38812
38814
38816
38817
38819
38821
38823
38824
38828
38829
38830
38831
38832
38834
38835
38836
38837
38838
38841
38843
38845
38848
38855
38860
38864
38867
38870
38872
38877
38879
38882
38883
38886
38888
38889
38890
38891
38892
38894
38898
38899
38901
38903
38904
38906
38913
38915
38916
38920
38921
38922
38925
38926
38928
38929
38930
38931
38932
38935
38937
38939
38942
38943
38944
38945
38946
38947
38953
38958
38959
38960
38963
38964
38965
38968
38975
38978
38980
38981
38982
38983
38986
38989
38990
38993
38994
38999
39001
39007
39008
39009
39010
39012
39013
39017
39018
39021
39023
39028
39031
39032
39034
39035
39037
39038
39039
39041
39042
39044
39046
39047
39048
39049
39050
39051
39052
39054
39061
39062
39063
39064
39065
39066
39067
39071
39072
39073
39074
39075
39076
39078
39080
39082
39084
39085
39087
39088
39089
39090
39094
39095
39096
39099
39100
39102
39103
39105
39108
39109
39110
39111
39113
39117
39119
39121
39125
39127
39129
39130
39131
39135
39136
39140
39141
39143
39147
39148
39149
39150
39153
39157
39160
39161
39163
39165
39167
39168
39173
39174
39178
39179
39180
39181
39182
39183
39184
39186
39187
39188
39189
39191
39194
39198
39200
39202
39205
39209
39210
39211
39213
39214
39215
39219
39222
39223
39224
39226
39228
39231
39232
39233
39234
39235
39237
39238
39240
39242
39243
39244
39245
39246
39247
39248
39249
39250
39252
39255
39258
39261
39262
39264
39267
39268
39270
39271
39272
39273
39275
39277
39278
39280
39281
39282
39284
39285
39286
39287
39289
39291
39293
39294
39295
39297
39299
39300
39302
39303
39304
39308
39309
39311
39314
39316
39318
39325
39328
39329
39330
39331
39334
39335
39339
39342
39343
39344
39345
39346
39347
39349
39352
39355
39356
39358
39360
39361
39364
39365
39367
39369
39375
39378
39380
39381
39382
39383
39386
39387
39388
39389
39390
39393
39394
39397
39399
39401
39403
39405
39409
39411
39412
39416
39417
39420
39422
39424
39426
39432
39436
39437
39440
39441
39442
39444
39446
39452
39456
39460
39464
39466
39468
39470
39472
39476
39478
39480
39487
39492
39493
39496
39497
39498
39499
39500
39505
39506
39507
39512
39513
39516
39519
39520
39524
39527
39532
39534
39539
39540
39543
39545
39547
39551
39552
39554
39556
39557
39558
39559
39562
39563
39565
39566
39567
39569
39570
39571
39572
39575
39579
39581
39582
39585
39587
39588
39589
39591
39592
39599
39601
39602
39603
39604
39610
39618
39619
39621
39622
39626
39627
39629
39630
39634
39635
39637
39640
39641
39643
39644
39647
39649
39651
39652
39654
39655
39656
39659
39661
39663
39664
39665
39668
39671
39672
39673
39674
39675
39676
39678
39686
39688
39689
39691
39692
39693
39696
39698
39699
39700
39701
39707
39708
39710
39711
39714
39716
39717
39718
39720
39721
39722
39725
39726
39728
39730
39732
39736
39737
39741
39744
39746
39748
39751
39752
39754
39755
39756
39757
39760
39761
39765
39770
39771
39773
39774
39775
39776
39777
39778
39781
39782
39785
39786
39788
39792
39793
39797
39799
39800
39801
39805
39809
39811
39812
39813
39814
39816
39818
39820
39821
39823
39826
39833
39834
39835
39836
39840
39842
39844
39845
39846
39849
39850
39852
39853
39856
39865
39866
39867
39868
39869
39870
39871
39874
39875
39876
39879
39881
39882
39885
39886
39891
39895
39899
39901
39903
39904
39907
39909
39912
39914
39916
39918
39919
39920
39922
39923
39924
39925
39927
39928
39929
39930
39931
39934
39938
39940
39941
39943
39945
39949
39950
39951
39952
39960
39961
39962
39963
39965
39968
39972
39973
39974
39975
39982
39983
39985
39988
39991
39992
39994
39996
39997
39998
39999
40001
40002
40003
40007
40008
40009
40011
40012
40013
40014
40016
40019
40022
40024
40025
40027
40028
40034
40038
40039
40040
40041
40043
40048
40049
40052
40053
40056
40057
40059
40061
40062
40064
40066
40068
40071
40072
40073
40074
40077
40079
40082
40084
40085
40086
40087
40088
40089
40092
40093
40094
40095
40097
40098
40099
40102
40103
40104
40106
40107
40110
40111
40112
40115
40116
40117
40118
40119
40121
40122
40124
40125
40127
40128
40129
40130
40132
40136
40138
40139
40148
40153
40155
40156
40160
40161
40162
40163
40164
40165
40167
40170
40171
40173
40176
40179
40182
40183
40186
40188
40190
40193
40197
40198
40199
40201
40203
40207
40208
40210
40212
40214
40215
40225
40229
40230
40231
40234
40238
40239
40240
40245
40249
40252
40253
40255
40256
40257
40259
40261
40263
40267
40268
40270
40271
40272
40274
40275
40276
40277
40278
40284
40287
40290
40292
40293
40294
40295
40301
40302
40305
40307
40309
40310
40314
40322
40323
40328
40329
40330
40335
40336
40337
40338
40340
40341
40342
40343
40344
40345
40346
40350
40351
40352
40355
40358
40359
40362
40365
40367
40368
40370
40372
40374
40378
40381
40386
40387
40390
40393
40394
40396
40397
40398
40399
40400
40401
40403
40405
40406
40411
40412
40413
40415
40416
40419
40420
40422
40424
40426
40427
40428
40429
40430
40432
40436
40438
40440
40441
40443
40444
40446
40447
40449
40450
40452
40453
40457
40458
40459
40461
40464
40467
40468
40469
40473
40474
40476
40479
40480
40481
40485
40486
40490
40491
40492
40493
40495
40496
40497
40498
40499
40503
40504
40506
40507
40509
40510
40512
40513
40514
40516
40518
40521
40522
40523
40525
40526
40527
40529
40530
40534
40535
40539
40541
40545
40548
40549
40551
40554
40555
40556
40557
40559
40563
40565
40568
40569
40570
40571
40573
40574
40575
40576
40578
40579
40581
40582
40583
40587
40588
40592
40593
40598
40601
40604
40608
40609
40610
40611
40612
40619
40621
40622
40624
40628
40629
40633
40635
40637
40638
40645
40647
40650
40655
40657
40661
40662
40664
40665
40666
40669
40671
40677
40679
40681
40682
40683
40684
40691
40692
40693
40696
40697
40698
40699
40701
40708
40709
40711
40712
40715
40716
40717
40718
40719
40722
40723
40724
40726
40727
40729
40730
40731
40734
40735
40737
40741
40742
40746
40748
40751
40755
40757
40758
40759
40760
40763
40767
40768
40769
40770
40773
40775
40776
40782
40783
40784
40785
40786
40787
40789
40790
40791
40792
40795
40797
40798
40799
40802
40804
40805
40817
40818
40819
40821
40822
40823
40825
40827
40828
40830
40832
40833
40834
40835
40837
40838
40839
40841
40843
40846
40848
40849
40851
40852
40854
40857
40860
40864
40868
40871
40874
40876
40878
40884
40885
40886
40887
40889
40890
40893
40894
40895
40896
40899
40900
40901
40904
40905
40906
40907
40909
40910
40911
40912
40915
40921
40922
40923
40924
40927
40928
40929
40931
40933
40934
40937
40938
40941
40945
40946
40950
40953
40956
40958
40959
40961
40964
40969
40973
40976
40977
40978
40979
40980
40981
40982
40983
40984
40986
40987
40988
40990
40994
40996
40998
41003
41004
41008
41009
41010
41012
41014
41015
41017
41019
41020
41024
41025
41027
41028
41031
41034
41040
41041
41042
41046
41047
41048
41050
41052
41054
41055
41058
41059
41062
41063
41067
41075
41076
41080
41082
41086
41088
41089
41095
41096
41100
41102
41103
41105
41108
41111
41114
41120
41122
41124
41125
41128
41130
41131
41132
41133
41134
41135
41139
41140
41141
41143
41145
41146
41147
41150
41151
41152
41153
41155
41156
41157
41159
41162
41163
41164
41165
41166
41171
41172
41173
41176
41178
41179
41182
41183
41187
41190
41191
41195
41196
41197
41199
41204
41208
41211
41212
41213
41220
41221
41222
41224
41227
41228
41229
41230
41231
41235
41237
41238
41239
41244
41246
41247
41250
41252
41255
41257
41258
41259
41261
41262
41264
41266
41267
41268
41270
41271
41275
41278
41279
41280
41281
41282
41286
41287
41288
41289
41290
41292
41293
41294
41295
41298
41303
41304
41305
41306
41309
41310
41314
41315
41316
41317
41320
41322
41323
41325
41326
41327
41330
41332
41333
41337
41339
41341
41343
41345
41347
41352
41354
41355
41358
41359
41365
41367
41369
41372
41375
41376
41378
41379
41380
41382
41383
41384
41385
41389
41391
41393
41395
41397
41398
41401
41402
41403
41405
41407
41408
41409
41411
41412
41413
41414
41415
41418
41419
41424
41426
41429
41435
41436
41437
41438
41439
41440
41442
41443
41445
41446
41451
41452
41453
41454
41457
41458
41464
41468
41472
41473
41474
41476
41477
41479
41480
41484
41487
41488
41489
41490
41491
41492
41493
41496
41497
41498
41499
41502
41506
41509
41510
41512
41513
41515
41520
41521
41522
41523
41529
41532
41534
41535
41538
41540
41541
41545
41547
41548
41551
41553
41554
41559
41560
41561
41563
41568
41569
41571
41575
41578
41579
41586
41587
41590
41591
41592
41603
41604
41606
41609
41614
41615
41616
41618
41619
41621
41625
41627
41630
41632
41636
41638
41639
41641
41642
41643
41647
41648
41650
41651
41652
41654
41657
41659
41661
41662
41663
41664
41666
41667
41668
41669
41671
41679
41681
41684
41685
41687
41689
41695
41697
41698
41700
41702
41704
41705
41706
41708
41710
41711
41717
41718
41720
41722
41726
41728
41731
41738
41740
41741
41742
41743
41744
41745
41747
41748
41750
41751
41753
41755
41758
41760
41761
41763
41764
41766
41768
41769
41774
41776
41777
41778
41779
41781
41784
41786
41787
41793
41794
41795
41796
41798
41799
41800
41803
41805
41807
41808
41813
41814
41815
41816
41821
41824
41827
41829
41830
41832
41833
41834
41836
41843
41846
41848
41849
41853
41855
41857
41860
41861
41866
41867
41868
41869
41870
41871
41874
41877
41878
41881
41882
41884
41888
41890
41891
41894
41895
41898
41900
41901
41902
41904
41906
41911
41912
41915
41916
41918
41920
41923
41924
41925
41926
41929
41930
41931
41932
41933
41936
41937
41940
41942
41943
41944
41946
41948
41951
41954
41955
41956
41959
41960
41963
41968
41969
41971
41972
41973
41975
41979
41980
41982
41984
41985
41992
41993
41994
41997
41999
42000
42001
42005
42006
42008
42012
42013
42015
42016
42017
42019
42020
42022
42023
42024
42029
42030
42032
42033
42035
42037
42045
42047
42049
42050
42051
42052
42055
42056
42059
42061
42062
42065
42068
42069
42073
42075
42077
42078
42079
42080
42081
42082
42085
42088
42092
42096
42099
42100
42101
42102
42103
42105
42106
42107
42108
42109
42112
42116
42117
42119
42120
42123
42124
42127
42132
42133
42136
42140
42141
42143
42146
42147
42151
42154
42155
42161
42162
42165
42166
42167
42168
42169
42170
42171
42173
42174
42177
42179
42181
42185
42187
42188
42191
42193
42196
42199
42200
42201
42203
42204
42205
42206
42208
42209
42212
42214
42215
42216
42220
42225
42227
42228
42229
42232
42236
42237
42238
42239
42241
42242
42247
42249
42253
42256
42264
42266
42267
42268
42272
42275
42279
42281
42284
42288
42290
42295
42299
42300
42302
42303
42305
42306
42307
42309
42310
42313
42314
42318
42324
42325
42326
42328
42329
42330
42331
42332
42333
42334
42336
42338
42339
42341
42343
42346
42347
42349
42350
42354
42355
42359
42360
42363
42364
42365
42366
42367
42368
42369
42370
42371
42373
42376
42377
42380
42381
42382
42385
42387
42389
42391
42393
42396
42398
42400
42402
42404
42407
42410
42412
42414
42416
42417
42418
42419
42420
42423
42424
42427
42428
42429
42431
42436
42438
42439
42441
42445
42446
42447
42449
42450
42451
42453
42458
42459
42461
42463
42465
42466
42467
42469
42470
42471
42472
42473
42474
42475
42476
42480
42481
42487
42490
42491
42492
42493
42495
42496
42497
42498
42499
42500
42501
42502
42503
42506
42510
42513
42514
42517
42520
42524
42525
42527
42529
42530
42531
42532
42534
42535
42540
42544
42547
42557
42559
42560
42561
42571
42574
42579
42580
42583
42585
42587
42589
42590
42592
42595
42597
42598
42601
42602
42604
42606
42608
42613
42614
42615
42616
42617
42618
42625
42626
42629
42634
42635
42638
42642
42643
42644
42646
42648
42651
42653
42654
42658
42661
42662
42663
42664
42665
42667
42668
42669
42673
42674
42676
42678
42679
42683
42684
42685
42688
42689
42694
42695
42701
42705
42707
42709
42711
42712
42714
42715
42716
42718
42720
42721
42722
42723
42726
42727
42728
42732
42733
42736
42737
42738
42739
42741
42742
42743
42744
42746
42750
42753
42756
42757
42758
42759
42760
42763
42764
42765
42767
42768
42771
42773
42779
42780
42781
42782
42788
42789
42790
42792
42793
42795
42796
42797
42798
42800
42802
42803
42808
42809
42812
42815
42816
42818
42821
42823
42824
42826
42827
42828
42833
42836
42837
42843
42845
42849
42850
42852
42855
42857
42859
42860
42862
42866
42870
42872
42874
42876
42878
42879
42880
42881
42884
42885
42887
42889
42890
42896
42897
42898
42901
42902
42903
42905
42907
42909
42911
42913
42914
42916
42918
42926
42929
42930
42931
42932
42933
42935
42938
42939
42944
42948
42950
42951
42954
42955
42957
42959
42960
42962
42963
42964
42967
42968
42969
42971
42973
42974
42977
42979
42983
42984
42988
42989
42993
42994
42996
42997
43000
43001
43004
43005
43006
43007
43009
43010
43013
43015
43016
43023
43030
43031
43032
43035
43036
43038
43039
43043
43047
43048
43049
43053
43055
43058
43061
43063
43065
43066
43070
43071
43072
43074
43075
43077
43078
43079
43082
43083
43088
43090
43092
43093
43095
43098
43100
43101
43105
43114
43116
43117
43120
43121
43123
43128
43129
43130
43132
43137
43138
43139
43140
43141
43143
43146
43147
43148
43150
43153
43155
43156
43157
43161
43164
43166
43168
43169
43173
43176
43178
43179
43181
43182
43187
43188
43189
43190
43191
43192
43193
43194
43195
43196
43197
43202
43204
43206
43207
43208
43209
43210
43215
43217
43218
43219
43220
43222
43223
43224
43226
43227
43230
43233
43240
43242
43243
43244
43245
43250
43251
43252
43253
43254
43257
43260
43265
43266
43267
43268
43269
43270
43272
43274
43278
43279
43280
43281
43285
43289
43291
43294
43295
43296
43298
43299
43301
43303
43305
43306
43311
43314
43318
43320
43323
43327
43328
43329
43332
43333
43334
43335
43337
43339
43342
43345
43346
43347
43348
43353
43354
43355
43364
43365
43366
43367
43374
43375
43377
43380
43381
43385
43387
43388
43389
43390
43393
43394
43400
43402
43407
43408
43409
43412
43413
43414
43417
43418
43423
43424
43426
43427
43429
43430
43433
43437
43441
43443
43445
43449
43450
43454
43456
43459
43460
43461
43462
43465
43466
43467
43468
43469
43471
43472
43473
43476
43478
43480
43481
43483
43486
43487
43488
43492
43494
43495
43497
43499
43502
43504
43505
43506
43508
43509
43510
43511
43518
43522
43523
43524
43525
43527
43528
43532
43534
43540
43543
43545
43546
43548
43551
43552
43555
43558
43559
43561
43564
43565
43566
43568
43571
43576
43577
43579
43580
43581
43582
43585
43586
43588
43589
43592
43594
43595
43596
43610
43612
43613
43614
43615
43617
43618
43619
43625
43626
43628
43630
43632
43635
43638
43639
43640
43643
43644
43645
43647
43649
43650
43652
43655
43656
43660
43664
43668
43670
43673
43674
43675
43677
43679
43680
43687
43692
43693
43697
43699
43700
43701
43702
43706
43709
43712
43715
43716
43717
43719
43724
43726
43727
43731
43732
43733
43735
43736
43738
43740
43741
43742
43743
43745
43746
43750
43756
43757
43761
43762
43763
43764
43765
43766
43770
43771
43774
43780
43781
43782
43789
43792
43795
43796
43797
43801
43804
43806
43809
43813
43814
43816
43818
43823
43827
43828
43830
43831
43832
43835
43838
43843
43844
43847
43850
43853
43854
43859
43861
43862
43864
43865
43866
43867
43870
43871
43873
43874
43876
43878
43882
43884
43889
43891
43892
43893
43896
43897
43899
43900
43902
43906
43910
43911
43913
43914
43915
43917
43919
43920
43921
43922
43923
43924
43925
43927
43928
43929
43931
43934
43936
43938
43939
43940
43941
43943
43944
43946
43947
43949
43957
43958
43959
43960
43967
43969
43971
43977
43979
43982
43983
43984
43991
43992
43995
43996
43997
44002
44005
44006
44007
44008
44009
44010
44012
44017
44018
44020
44022
44023
44025
44026
44028
44029
44030
44031
44035
44036
44037
44041
44042
44043
44045
44047
44049
44050
44052
44053
44056
44061
44066
44071
44072
44074
44078
44080
44083
44085
44086
44091
44094
44095
44096
44098
44099
44101
44102
44103
44109
44111
44114
44115
44116
44118
44119
44121
44122
44123
44125
44127
44133
44135
44136
44137
44139
44140
44142
44143
44144
44145
44147
44148
44149
44152
44154
44155
44157
44158
44160
44165
44166
44169
44171
44173
44174
44175
44182
44183
44184
44192
44193
44196
44197
44199
44201
44202
44204
44205
44206
44207
44208
44211
44212
44213
44218
44219
44220
44222
44227
44228
44231
44232
44233
44236
44237
44239
44240
44242
44243
44244
44246
44247
44248
44250
44255
44258
44268
44272
44275
44276
44282
44283
44287
44289
44290
44292
44293
44295
44296
44297
44298
44300
44301
44305
44312
44318
44319
44321
44327
44329
44330
44334
44336
44337
44338
44340
44341
44343
44344
44345
44346
44349
44352
44354
44361
44363
44365
44369
44370
44373
44374
44375
44378
44386
44390
44394
44396
44397
44399
44401
44408
44411
44412
44414
44415
44417
44418
44421
44424
44431
44433
44435
44436
44439
44442
44443
44444
44446
44447
44449
44456
44457
44459
44462
44463
44465
44467
44469
44472
44473
44474
44475
44476
44480
44481
44482
44483
44484
44485
44486
44487
44491
44492
44497
44498
44501
44504
44506
44507
44509
44510
44511
44515
44517
44521
44523
44524
44525
44526
44527
44529
44530
44533
44543
44544
44545
44546
44548
44549
44550
44551
44552
44555
44556
44557
44559
44564
44565
44568
44572
44573
44575
44576
44577
44578
44583
44585
44586
44587
44588
44590
44593
44595
44598
44599
44600
44601
44602
44606
44610
44614
44615
44616
44618
44619
44620
44623
44625
44626
44627
44628
44629
44631
44635
44638
44639
44640
44644
44646
44647
44652
44654
44657
44659
44662
44665
44666
44667
44669
44670
44671
44672
44673
44674
44675
44678
44679
44681
44683
44684
44686
44687
44690
44697
44698
44699
44702
44712
44713
44716
44717
44718
44719
44722
44725
44730
44732
44733
44734
44738
44739
44740
44744
44746
44748
44749
44752
44754
44756
44757
44760
44768
44771
44772
44773
44776
44777
44780
44782
44783
44788
44789
44791
44794
44796
44799
44800
44805
44808
44810
44811
44812
44813
44816
44817
44819
44820
44823
44824
44826
44827
44828
44829
44839
44843
44844
44845
44846
44847
44849
44850
44852
44856
44858
44859
44863
44867
44868
44872
44876
44878
44880
44883
44884
44885
44887
44889
44891
44896
44897
44898
44899
44900
44903
44904
44907
44909
44911
44916
44918
44921
44922
44923
44924
44925
44929
44932
44933
44934
44935
44937
44940
44942
44944
44946
44947
44948
44950
44952
44957
44958
44959
44963
44964
44967
44968
44972
44975
44976
44978
44982
44984
44986
44988
44991
44996
44998
44999
45002
45003
45005
45006
45007
45011
45015
45019
45021
45022
45024
45026
45030
45031
45032
45035
45036
45037
45038
45039
45042
45044
45045
45047
45048
45049
45050
45051
45056
45058
45059
45061
45066
45067
45069
45072
45076
45077
45079
45082
45083
45084
45085
45086
45087
45090
45091
45092
45094
45096
45097
45099
45101
45106
45109
45111
45112
45113
45115
45119
45123
45124
45126
45128
45129
45130
45132
45134
45135
45136
45137
45138
45140
45142
45151
45153
45154
45156
45157
45161
45163
45164
45165
45167
45168
45171
45173
45174
45175
45181
45183
45188
45189
45191
45193
45196
45197
45202
45203
45205
45207
45208
45209
45210
45211
45212
45214
45217
45218
45220
45221
45223
45224
45227
45230
45231
45232
45233
45235
45236
45237
45238
45239
45240
45241
45243
45244
45246
45247
45250
45251
45252
45254
45256
45259
45260
45261
45262
45263
45266
45268
45271
45275
45276
45277
45279
45283
45285
45286
45287
45289
45292
45294
45299
45300
45304
45305
45307
45308
45309
45310
45319
45324
45326
45328
45329
45332
45334
45336
45338
45343
45344
45345
45347
45349
45350
45351
45353
45355
45356
45361
45362
45366
45369
45371
45372
45373
45374
45376
45379
45382
45388
45391
45392
45393
45395
45397
45398
45401
45403
45404
45406
45407
45409
45414
45415
45416
45417
45418
45421
45422
45424
45425
45426
45427
45429
45430
45437
45438
45440
45444
45445
45446
45447
45448
45452
45453
45455
45458
45460
45462
45465
45467
45469
45472
45477
45479
45481
45482
45483
45484
45485
45487
45490
45492
45495
45497
45498
45499
45500
45503
45507
45509
45510
45514
45517
45522
45525
45526
45528
45530
45531
45537
45538
45542
45543
45544
45547
45551
45553
45555
45557
45559
45560
45562
45566
45567
45569
45573
45577
45583
45584
45591
45592
45593
45594
45597
45599
45600
45601
45604
45605
45606
45607
45608
45609
45610
45613
45614
45615
45616
45617
45620
45621
45624
45625
45626
45627
45628
45629
45632
45633
45636
45637
45638
45639
45640
45642
45643
45648
45649
45657
45658
45660
45664
45665
45667
45668
45669
45670
45672
45674
45676
45677
45678
45680
45684
45686
45687
45690
45691
45692
45695
45696
45697
45701
45704
45707
45712
45714
45715
45717
45719
45720
45722
45724
45726
45730
45731
45732
45734
45735
45736
45737
45738
45744
45747
45748
45750
45754
45757
45759
45762
45765
45771
45776
45783
45784
45785
45787
45793
45794
45802
45804
45806
45807
45811
45812
45814
45816
45817
45822
45823
45826
45827
45829
45830
45831
45832
45838
45839
45842
45843
45845
45847
45848
45850
45851
45852
45853
45854
45855
45862
45863
45866
45867
45870
45871
45875
45876
45877
45881
45883
45884
45885
45886
45887
45888
45891
45896
45899
45900
45901
45902
45904
45905
45912
45918
45919
45920
45924
45926
45928
45930
45932
45933
45935
45936
45937
45938
45941
45942
45943
45944
45946
45947
45948
45949
45950
45951
45956
45957
45964
45965
45966
45972
45975
45978
45979
45986
45990
45991
45993
45994
45998
46000
46001
46003
46004
46006
46009
46011
46012
46015
46019
46025
46026
46028
46029
46030
46031
46032
46034
46038
46040
46041
46043
46048
46050
46053
46055
46056
46057
46059
46065
46066
46069
46070
46071
46072
46073
46075
46076
46080
46083
46088
46089
46094
46095
46096
46100
46103
46105
46107
46108
46110
46113
46116
46117
46120
46124
46125
46126
46128
46129
46130
46131
46132
46133
46134
46135
46137
46138
46139
46142
46146
46150
46156
46158
46161
46168
46169
46170
46174
46176
46177
46181
46183
46184
46185
46186
46187
46188
46192
46196
46199
46201
46203
46204
46205
46206
46208
46210
46211
46212
46216
46227
46230
46235
46238
46239
46242
46243
46247
46250
46252
46255
46259
46261
46262
46263
46267
46270
46271
46272
46275
46277
46278
46279
46283
46284
46286
46287
46288
46290
46291
46292
46293
46296
46298
46299
46303
46306
46307
46309
46310
46311
46314
46316
46318
46324
46326
46329
46331
46332
46333
46335
46336
46337
46341
46344
46345
46347
46348
46349
46351
46352
46361
46365
46366
46369
46371
46373
46374
46376
46377
46378
46379
46380
46383
46384
46389
46391
46394
46395
46397
46398
46399
46400
46402
46403
46405
46407
46408
46414
46416
46417
46418
46420
46421
46422
46423
46424
46426
46427
46429
46431
46433
46437
46438
46439
46440
46441
46443
46446
46451
46452
46453
46455
46459
46462
46463
46464
46465
46466
46467
46469
46471
46472
46474
46478
46479
46480
46481
46482
46484
46485
46490
46491
46492
46493
46494
46495
46500
46501
46505
46508
46517
46518
46519
46520
46521
46522
46525
46526
46528
46529
46531
46532
46534
46537
46541
46543
46544
46549
46554
46556
46557
46560
46564
46567
46568
46570
46571
46574
46575
46577
46579
46581
46586
46590
46591
46594
46595
46596
46598
46602
46607
46608
46609
46610
46611
46614
46616
46617
46619
46621
46622
46625
46629
46630
46631
46633
46634
46636
46649
46651
46654
46655
46656
46657
46659
46660
46662
46663
46668
46670
46671
46676
46680
46687
46689
46691
46692
46693
46695
46696
46699
46701
46702
46703
46705
46707
46714
46720
46721
46723
46726
46727
46728
46729
46730
46731
46732
46734
46736
46737
46738
46742
46744
46749
46751
46755
46756
46757
46758
46759
46761
46762
46765
46767
46768
46772
46773
46774
46776
46779
46780
46781
46782
46783
46789
46790
46792
46793
46794
46796
46797
46798
46800
46804
46806
46808
46813
46815
46819
46824
46825
46826
46833
46834
46838
46839
46841
46842
46847
46848
46849
46850
46853
46854
46855
46863
46865
46867
46868
46870
46871
46877
46878
46880
46881
46884
46889
46890
46892
46893
46894
46899
46901
46902
46904
46907
46910
46913
46914
46916
46922
46923
46924
46925
46927
46928
46929
46930
46931
46933
46936
46937
46940
46941
46945
46946
46949
46950
46952
46954
46956
46957
46958
46962
46965
46966
46972
46974
46977
46980
46982
46983
46986
46987
46988
46990
46992
46997
47000
47003
47004
47007
47010
47011
47013
47017
47022
47023
47026
47029
47032
47033
47034
47038
47040
47045
47046
47048
47051
47058
47062
47063
47064
47065
47072
47074
47079
47082
47083
47089
47092
47093
47094
47095
47096
47097
47099
47103
47105
47108
47111
47115
47116
47117
47118
47119
47121
47122
47124
47125
47126
47128
47129
47130
47132
47133
47134
47136
47138
47139
47140
47141
47143
47147
47148
47149
47153
47154
47156
47157
47159
47160
47161
47163
47164
47165
47167
47171
47172
47173
47175
47179
47181
47182
47186
47187
47188
47190
47191
47192
47193
47194
47197
47198
47201
47202
47203
47204
47206
47210
47214
47216
47217
47218
47219
47221
47225
47226
47229
47235
47238
47239
47241
47243
47245
47246
47248
47249
47252
47255
47257
47264
47265
47268
47271
47272
47277
47279
47280
47283
47285
47286
47288
47289
47290
47294
47295
47298
47299
47300
47302
47303
47305
47307
47308
47309
47310
47311
47312
47318
47319
47321
47322
47324
47325
47326
47328
47332
47334
47338
47339
47341
47347
47353
47354
47355
47357
47362
47363
47364
47366
47368
47371
47372
47380
47383
47387
47388
47389
47391
47396
47397
47399
47401
47402
47404
47407
47409
47410
47411
47417
47419
47420
47421
47422
47424
47426
47427
47433
47435
47436
47437
47438
47440
47441
47442
47443
47444
47445
47446
47448
47450
47451
47452
47455
47456
47457
47459
47460
47461
47464
47466
47469
47470
47471
47472
47473
47475
47476
47477
47478
47479
47481
47482
47484
47488
47492
47493
47496
47499
47500
47501
47502
47506
47508
47512
47514
47517
47522
47524
47529
47532
47533
47534
47535
47540
47543
47544
47546
47548
47550
47551
47553
47554
47555
47563
47564
47567
47572
47573
47574
47575
47579
47580
47582
47587
47588
47590
47591
47596
47597
47601
47603
47614
47615
47616
47620
47622
47624
47625
47626
47627
47628
47630
47631
47632
47634
47639
47640
47642
47645
47646
47648
47650
47651
47652
47654
47655
47656
47658
47659
47661
47663
47665
47667
47668
47669
47675
47676
47681
47684
47685
47687
47688
47690
47692
47696
47697
47699
47700
47701
47707
47709
47710
47711
47712
47716
47717
47719
47720
47722
47723
47725
47727
47728
47729
47730
47731
47732
47733
47734
47736
47739
47742
47746
47749
47750
47752
47753
47755
47756
47757
47758
47759
47760
47763
47764
47766
47767
47770
47771
47772
47773
47774
47775
47779
47781
47785
47786
47788
47789
47790
47793
47794
47796
47798
47799
47800
47801
47802
47804
47806
47807
47808
47812
47815
47818
47821
47822
47823
47824
47829
47830
47833
47834
47838
47842
47843
47846
47848
47849
47851
47852
47855
47856
47857
47858
47859
47861
47862
47863
47865
47866
47868
47869
47875
47876
47880
47883
47885
47887
47889
47890
47891
47892
47894
47895
47897
47900
47901
47902
47905
47906
47907
47910
47913
47917
47918
47919
47920
47925
47926
47927
47928
47930
47933
47934
47935
47937
47939
47940
47944
47948
47953
47954
47955
47956
47957
47959
47962
47964
47970
47971
47973
47974
47975
47976
47977
47979
47980
47983
47984
47985
47986
47988
47989
47993
47994
47996
47997
47999
48000
48002
48004
48005
48007
48008
48011
48016
48017
48018
48020
48021
48024
48025
48026
48029
48030
48033
48034
48037
48038
48039
48041
48042
48043
48044
48047
48052
48054
48055
48057
48061
48062
48063
48064
48066
48068
48069
48070
48071
48072
48073
48074
48076
48078
48081
48082
48085
48087
48092
48093
48097
48098
48102
48103
48110
48113
48114
48116
48117
48119
48120
48122
48128
48129
48135
48136
48137
48138
48142
48143
48145
48147
48148
48151
48152
48153
48155
48158
48162
48166
48167
48168
48169
48170
48173
48178
48180
48181
48184
48185
48187
48196
48200
48204
48205
48206
48213
48215
48217
48218
48219
48220
48221
48222
48225
48227
48232
48233
48235
48236
48241
48242
48245
48251
48258
48260
48263
48264
48265
48270
48271
48272
48273
48275
48279
48282
48287
48290
48292
48294
48296
48297
48300
48301
48304
48306
48307
48308
48310
48312
48317
48318
48320
48322
48325
48327
48330
48335
48336
48338
48339
48340
48342
48343
48344
48345
48348
48351
48352
48354
48356
48357
48359
48360
48361
48363
48366
48370
48371
48372
48373
48375
48376
48377
48379
48382
48387
48389
48390
48393
48394
48395
48396
48397
48399
48401
48403
48404
48407
48408
48409
48412
48416
48419
48421
48422
48424
48427
48428
48430
48434
48437
48438
48440
48441
48445
48452
48453
48454
48455
48458
48459
48461
48462
48465
48468
48470
48473
48475
48478
48481
48482
48483
48485
48489
48496
48497
48499
48501
48503
48505
48507
48508
48509
48510
48512
48515
48518
48524
48528
48529
48539
48542
48543
48549
48551
48553
48554
48560
48562
48563
48564
48567
48568
48569
48570
48571
48572
48575
48576
48577
48580
48583
48585
48588
48592
48593
48594
48600
48601
48604
48606
48608
48611
48612
48621
48622
48624
48625
48628
48630
48631
48632
48636
48637
48639
48641
48645
48647
48650
48652
48656
48657
48658
48659
48660
48665
48667
48668
48669
48671
48672
48673
48675
48677
48680
48683
48685
48689
48693
48694
48698
48699
48700
48702
48704
48706
48707
48713
48717
48718
48725
48727
48728
48730
48734
48736
48738
48739
48740
48743
48744
48749
48753
48754
48757
48758
48761
48762
48768
48770
48773
48775
48778
48779
48781
48782
48784
48786
48790
48791
48794
48795
48796
48798
48804
48805
48806
48809
48810
48811
48812
48814
48818
48819
48820
48821
48825
48830
48833
48839
48843
48851
48855
48856
48857
48860
48864
48865
48866
48868
48870
48872
48876
48877
48879
48881
48886
48887
48889
48890
48891
48892
48893
48894
48895
48898
48905
48906
48908
48909
48911
48913
48917
48918
48919
48920
48922
48926
48927
48928
48929
48930
48932
48935
48937
48939
48942
48945
48947
48948
48950
48955
48956
48957
48959
48962
48963
48964
48965
48967
48970
48971
48973
48975
48976
48979
48981
48982
48983
48986
48992
48994
48997
48998
48999
49001
49002
49004
49006
49007
49008
49011
49012
49014
49015
49017
49019
49020
49021
49022
49023
49024
49026
49028
49029
49031
49032
49035
49036
49039
49040
49044
49047
49051
49054
49055
49061
49062
49063
49064
49065
49066
49068
49069
49070
49077
49078
49079
49082
49087
49088
49096
49097
49101
49104
49107
49110
49112
49113
49114
49117
49120
49121
49122
49124
49125
49126
49128
49131
49133
49134
49135
49139
49141
49142
49143
49144
49146
49147
49148
49150
49153
49157
49158
49162
49164
49165
49168
49169
49170
49172
49174
49175
49179
49183
49184
49187
49188
49189
49191
49193
49197
49198
49203
49204
49205
49208
49211
49213
49215
49216
49219
49222
49223
49227
49228
49231
49236
49237
49238
49241
49243
49245
49246
49247
49248
49251
49252
49256
49257
49259
49261
49262
49264
49265
49266
49267
49268
49273
49274
49276
49279
49282
49283
49284
49287
49288
49289
49290
49291
49292
49297
49298
49300
49305
49309
49310
49314
49315
49318
49320
49322
49323
49324
49325
49326
49329
49330
49332
49333
49334
49337
49339
49340
49345
49347
49348
49349
49350
49351
49352
49353
49354
49363
49364
49365
49368
49369
49376
49377
49378
49380
49382
49386
49387
49388
49393
49398
49400
49403
49405
49406
49407
49409
49415
49416
49418
49422
49423
49424
49428
49430
49432
49434
49438
49439
49442
49445
49449
49450
49455
49456
49457
49458
49459
49461
49462
49463
49464
49465
49470
49471
49472
49477
49484
49485
49487
49492
49493
49495
49496
49497
49501
49502
49509
49512
49513
49514
49516
49517
49520
49522
49527
49531
49534
49536
49539
49540
49543
49545
49547
49550
49552
49553
49554
49555
49556
49558
49560
49562
49563
49564
49568
49571
49572
49573
49575
49578
49579
49580
49581
49582
49584
49587
49588
49591
49593
49595
49596
49597
49600
49605
49608
49617
49618
49620
49621
49622
49624
49625
49627
49629
49632
49634
49639
49644
49647
49648
49649
49651
49654
49657
49662
49663
49664
49668
49669
49671
49672
49675
49676
49677
49681
49682
49684
49690
49692
49694
49695
49697
49699
49700
49701
49702
49703
49705
49707
49708
49709
49710
49711
49712
49713
49714
49715
49716
49717
49718
49719
49720
49721
49722
49723
49724
49725
49728
49729
49731
49732
49733
49735
49741
49743
49748
49752
49754
49756
49757
49760
49761
49763
49764
49765
49766
49769
49773
49774
49776
49785
49787
49788
49795
49796
49798
49801
49802
49809
49810
49815
49819
49820
49823
49825
49826
49830
49831
49832
49835
49837
49839
49840
49841
49845
49847
49848
49850
49852
49858
49861
49863
49868
49869
49873
49874
49875
49876
49877
49878
49879
49882
49884
49886
49887
49889
49890
49891
49895
49897
49898
49901
49904
49907
49908
49913
49917
49918
49924
49927
49928
49930
49931
49936
49940
49941
49942
49945
49948
49953
49959
49960
49961
49962
49966
49970
49971
49972
49976
49982
49986
49989
49990
49991
49996
49999
50003
50004
50005
50006
50009
50011
50019
50026
50029
50030
50033
50040
50042
50049
50053
50054
50055
50056
50057
50062
50063
50066
50067
50068
50073
50076
50077
50078
50080
50081
50082
50083
50086
50087
50089
50093
50094
50098
50101
50103
50104
50107
50110
50113
50114
50115
50120
50121
50123
50124
50125
50128
50129
50131
50132
50139
50143
50145
50147
50151
50153
50154
50155
50157
50161
50163
50167
50169
50170
50174
50175
50176
50178
50184
50186
50187
50188
50192
50194
50195
50196
50199
50201
50206
50207
50213
50215
50216
50222
50223
50224
50226
50229
50232
50233
50236
50244
50245
50246
50247
50249
50251
50252
50255
50258
50259
50263
50266
50274
50277
50278
50285
50288
50289
50291
50292
50294
50296
50297
50298
50304
50310
50311
50317
50318
50319
50321
50322
50324
50330
50331
50333
50337
50338
50339
50340
50342
50345
50346
50348
50349
50350
50352
50354
50358
50359
50360
50361
50362
50367
50368
50370
50371
50374
50376
50381
50382
50383
50384
50385
50387
50390
50396
50397
50398
50402
50405
50409
50410
50413
50415
50416
50422
50423
50426
50427
50436
50437
50445
50446
50447
50450
50451
50453
50457
50458
50460
50461
50463
50465
50467
50468
50472
50477
50480
50485
50486
50490
50492
50495
50496
50500
50503
50507
50508
50509
50510
50511
50515
50517
50519
50520
50522
50523
50524
50525
50526
50529
50530
50531
50534
50537
50539
50543
50545
50546
50561
50562
50564
50569
50570
50572
50573
50574
50577
50578
50579
50580
50584
50585
50586
50588
50589
50591
50599
50606
50611
50613
50615
50616
50617
50622
50624
50629
50634
50635
50636
50638
50640
50641
50642
50646
50651
50652
50654
50656
50657
50661
50664
50667
50669
50671
50675
50679
50680
50681
50686
50688
50693
50695
50697
50698
50700
50701
50702
50703
50705
50706
50707
50708
50712
50713
50714
50715
50716
50717
50718
50719
50724
50725
50726
50730
50731
50732
50733
50734
50735
50736
50738
50743
50746
50747
50750
50751
50752
50753
50754
50757
50760
50763
50767
50776
50781
50782
50785
50786
50788
50789
50791
50792
50793
50794
50795
50797
50799
50802
50803
50804
50808
50810
50811
50812
50813
50817
50820
50823
50826
50831
50832
50837
50838
50841
50842
50844
50845
50846
50847
50849
50852
50853
50855
50857
50861
50866
50870
50871
50873
50876
50877
50879
50881
50882
50885
50891
50893
50897
50900
50901
50902
50903
50904
50905
50907
50908
50910
50912
50913
50921
50923
50925
50927
50932
50933
50935
50938
50944
50947
50949
50951
50953
50956
50957
50958
50959
50960
50962
50965
50966
50967
50970
50971
50974
50977
50981
50982
50986
50991
50993
50996
50998
50999
51000
51001
51005
51009
51010
51011
51012
51013
51018
51021
51024
51025
51026
51027
51028
51030
51031
51033
51035
51038
51039
51041
51042
51043
51044
51046
51047
51053
51054
51055
51058
51061
51062
51065
51067
51068
51070
51071
51072
51073
51074
51076
51077
51078
51079
51081
51083
51085
51086
51087
51088
51089
51090
51091
51092
51093
51095
51098
51101
51102
51103
51104
51105
51108
51112
51113
51116
51117
51118
51119
51129
51133
51136
51138
51139
51140
51145
51148
51151
51152
51154
51155
51157
51162
51165
51168
51171
51177
51178
51179
51180
51187
51188
51190
51191
51192
51193
51197
51198
51200
51201
51202
51204
51205
51212
51214
51215
51216
51217
51220
51221
51224
51227
51230
51231
51234
51236
51241
51245
51248
51249
51256
51262
51263
51266
51268
51269
51272
51273
51274
51275
51277
51278
51280
51284
51285
51286
51287
51288
51290
51292
51296
51300
51301
51302
51303
51305
51308
51310
51311
51315
51316
51317
51319
51323
51326
51333
51334
51335
51338
51339
51342
51343
51344
51347
51349
51353
51355
51362
51365
51368
51369
51370
51372
51376
51380
51382
51384
51387
51390
51392
51394
51401
51403
51404
51406
51407
51415
51416
51422
51424
51425
51426
51427
51431
51433
51435
51442
51443
51448
51449
51451
51453
51454
51460
51461
51462
51465
51468
51469
51470
51471
51473
51476
51480
51481
51483
51487
51488
51491
51492
51493
51494
51496
51497
51498
51499
51501
51503
51507
51508
51509
51512
51513
51514
51515
51516
51517
51520
51525
51526
51527
51529
51532
51535
51536
51539
51541
51544
51545
51546
51556
51566
51567
51571
51572
51574
51576
51577
51578
51579
51581
51582
51583
51586
51587
51588
51590
51591
51595
51596
51598
51601
51603
51605
51611
51619
51621
51622
51623
51624
51626
51630
51635
51636
51637
51638
51640
51642
51644
51648
51655
51656
51657
51663
51666
51669
51671
51672
51673
51674
51675
51680
51682
51689
51691
51694
51695
51696
51699
51702
51703
51712
51714
51719
51720
51721
51723
51729
51730
51733
51735
51741
51742
51744
51746
51748
51756
51758
51762
51763
51765
51770
51772
51774
51775
51779
51783
51785
51786
51790
51792
51796
51797
51800
51803
51804
51812
51814
51815
51819
51831
51833
51834
51836
51839
51840
51842
51844
51846
51850
51851
51859
51860
51861
51862
51864
51866
51867
51870
51874
51875
51877
51878
51880
51881
51883
51884
51885
51887
51888
51889
51890
51891
51893
51895
51896
51899
51900
51901
51902
51905
51906
51908
51913
51915
51916
51918
51922
51923
51924
51929
51932
51934
51937
51940
51943
51944
51946
51948
51950
51952
51953
51958
51960
51964
51967
51969
51975
51976
51979
51980
51981
51983
51985
51988
51989
51990
51993
51994
51997
52000
52001
52004
52006
52007
52013
52014
52015
52016
52017
52018
52019
52020
52021
52025
52028
52031
52032
52033
52039
52041
52042
52043
52047
52048
52049
52053
52057
52058
52059
52060
52061
52062
52065
52066
52067
52068
52070
52071
52072
52078
52089
52091
52097
52100
52105
52106
52109
52111
52112
52115
52117
52119
52120
52122
52123
52124
52126
52129
52131
52133
52135
52140
52141
52145
52146
52150
52152
52160
52166
52167
52170
52172
52175
52176
52178
52182
52187
52188
52189
52191
52192
52194
52195
52197
52200
52201
52202
52204
52207
52211
52213
52214
52215
52217
52218
52220
52222
52223
52226
52227
52230
52232
52234
52238
52240
52242
52244
52246
52248
52250
52254
52256
52257
52262
52264
52270
52275
52276
52277
52278
52281
52285
52287
52288
52290
52292
52293
52294
52295
52297
52298
52300
52302
52303
52304
52305
52309
52311
52314
52319
52321
52326
52327
52329
52332
52336
52337
52338
52339
52340
52341
52342
52343
52345
52346
52347
52349
52351
52352
52353
52354
52357
52363
52367
52368
52369
52371
52372
52373
52376
52379
52386
52390
52393
52396
52397
52401
52404
52405
52406
52411
52412
52415
52417
52422
52426
52434
52436
52439
52444
52448
52450
52451
52453
52455
52456
52457
52458
52459
52462
52464
52465
52468
52469
52473
52475
52476
52477
52483
52486
52487
52488
52492
52494
52496
52498
52499
52502
52507
52511
52513
52514
52515
52516
52517
52518
52519
52524
52525
52535
52537
52538
52540
52549
52554
52557
52560
52562
52565
52568
52571
52573
52576
52581
52584
52586
52589
52591
52594
52599
52604
52608
52609
52610
52611
52613
52615
52616
52617
52618
52620
52622
52623
52624
52629
52634
52636
52640
52641
52642
52643
52645
52652
52653
52654
52655
52657
52659
52662
52665
52667
52671
52679
52680
52682
52684
52685
52688
52691
52694
52696
52707
52709
52711
52712
52714
52721
52722
52723
52725
52726
52729
52730
52731
52733
52734
52735
52736
52738
52741
52742
52745
52748
52749
52751
52752
52754
52758
52759
52761
52764
52765
52770
52771
52773
52775
52778
52779
52781
52782
52783
52784
52788
52789
52791
52794
52796
52801
52805
52810
52817
52819
52822
52823
52825
52828
52829
52830
52834
52835
52838
52840
52841
52845
52847
52848
52850
52851
52853
52855
52857
52859
52865
52870
52871
52876
52877
52878
52883
52887
52889
52891
52893
52896
52897
52901
52903
52904
52907
52910
52915
52916
52919
52920
52922
52924
52929
52931
52932
52933
52934
52936
52938
52939
52940
52942
52945
52947
52949
52951
52953
52954
52955
52956
52958
52960
52961
52965
52966
52967
52969
52970
52973
52975
52977
52979
52980
52984
52991
52992
52993
52994
52998
53004
53007
53010
53012
53013
53014
53015
53017
53019
53020
53021
53022
53023
53024
53030
53031
53032
53033
53037
53038
53040
53042
53044
53045
53046
53049
53050
53057
53060
53063
53064
53065
53070
53071
53073
53074
53075
53077
53078
53079
53080
53082
53084
53085
53087
53090
53092
53093
53094
53096
53100
53101
53102
53103
53104
53105
53107
53109
53112
53113
53114
53115
53116
53117
53121
53125
53126
53127
53130
53132
53133
53140
53142
53146
53147
53152
53153
53156
53159
53160
53163
53164
53166
53167
53170
53172
53174
53176
53177
53182
53184
53187
53189
53193
53196
53199
53201
53205
53207
53208
53211
53215
53217
53221
53225
53226
53228
53230
53235
53236
53237
53238
53239
53244
53245
53246
53251
53259
53260
53261
53264
53265
53266
53268
53269
53270
53271
53274
53276
53277
53281
53284
53287
53290
53293
53294
53296
53303
53304
53306
53309
53310
53312
53315
53318
53320
53321
53322
53324
53326
53327
53330
53332
53337
53339
53343
53344
53345
53353
53354
53358
53359
53361
53365
53366
53368
53369
53374
53376
53377
53379
53380
53384
53385
53387
53388
53390
53394
53395
53399
53400
53405
53412
53414
53415
53420
53424
53427
53432
53434
53435
53436
53437
53439
53440
53441
53442
53452
53453
53457
53458
53459
53463
53466
53470
53474
53475
53479
53482
53483
53489
53490
53499
53503
53509
53510
53512
53513
53517
53518
53520
53523
53526
53527
53531
53532
53533
53535
53536
53549
53557
53559
53562
53566
53569
53571
53572
53573
53574
53577
53579
53580
53582
53583
53589
53593
53595
53596
53597
53598
53601
53602
53608
53609
53611
53612
53613
53615
53617
53618
53621
53624
53625
53630
53631
53634
53635
53636
53637
53639
53640
53642
53643
53644
53645
53650
53654
53656
53663
53665
53668
53669
53670
53672
53675
53676
53677
53678
53679
53683
53688
53699
53700
53701
53702
53703
53704
53707
53708
53709
53710
53711
53714
53720
53722
53730
53731
53733
53739
53740
53746
53747
53749
53750
53752
53754
53757
53759
53761
53765
53772
53773
53776
53779
53780
53781
53782
53784
53792
53793
53794
53800
53803
53809
53810
53811
53812
53815
53818
53822
53823
53824
53825
53826
53829
53832
53833
53836
53840
53842
53843
53844
53846
53851
53852
53854
53856
53857
53858
53859
53860
53861
53863
53865
53866
53867
53868
53870
53873
53877
53878
53879
53880
53882
53884
53886
53888
53893
53895
53897
53898
53899
53900
53901
53902
53903
53904
53905
53906
53908
53913
53915
53916
53919
53924
53925
53927
53928
53930
53931
53933
53935
53937
53946
53950
53951
53953
53955
53959
53960
53961
53963
53968
53969
53971
53974
53975
53977
53980
53983
53985
53987
53989
53990
53991
53992
53993
53995
53998
54001
54003
54004
54006
54008
54013
54018
54026
54027
54029
54030
54031
54032
54033
54038
54040
54044
54047
54048
54051
54052
54055
54056
54057
54058
54065
54066
54067
54068
54069
54072
54073
54076
54079
54082
54084
54087
54088
54089
54091
54092
54093
54094
54095
54096
54097
54099
54100
54102
54106
54107
54109
54111
54113
54114
54115
54116
54117
54118
54119
54120
54130
54131
54132
54133
54135
54138
54139
54140
54148
54150
54152
54154
54155
54157
54159
54167
54170
54172
54173
54174
54177
54178
54181
54184
54185
54186
54189
54195
54197
54198
54200
54202
54205
54209
54210
54218
54220
54222
54223
54225
54226
54227
54229
54233
54236
54239
54241
54243
54245
54246
54247
54250
54251
54253
54254
54255
54256
54260
54261
54262
54263
54264
54265
54266
54267
54268
54275
54277
54278
54279
54281
54285
54288
54293
54294
54296
54301
54302
54304
54305
54306
54307
54310
54312
54313
54314
54315
54318
54324
54327
54328
54329
54331
54333
54335
54337
54338
54339
54340
54350
54359
54360
54362
54363
54367
54369
54370
54372
54374
54376
54377
54378
54379
54381
54382
54383
54384
54385
54386
54388
54390
54391
54392
54393
54394
54395
54396
54397
54399
54400
54407
54409
54412
54419
54422
54425
54428
54429
54430
54431
54433
54435
54437
54439
54440
54441
54444
54446
54447
54449
54450
54452
54453
54454
54455
54457
54458
54459
54467
54468
54473
54474
54475
54476
54478
54481
54484
54485
54488
54489
54493
54495
54497
54498
54503
54504
54507
54508
54509
54515
54518
54522
54527
54528
54529
54531
54532
54533
54536
54539
54545
54551
54553
54554
54556
54557
54559
54562
54563
54564
54565
54568
54569
54570
54572
54574
54577
54578
54582
54587
54588
54589
54590
54591
54592
54595
54597
54600
54603
54605
54607
54608
54613
54616
54617
54621
54622
54624
54625
54627
54628
54630
54633
54634
54638
54640
54641
54644
54649
54656
54659
54661
54664
54667
54668
54675
54677
54680
54681
54686
54687
54692
54693
54695
54697
54698
54699
54703
54706
54708
54709
54712
54713
54714
54719
54723
54731
54733
54738
54740
54741
54743
54744
54749
54750
54751
54752
54754
54757
54759
54760
54763
54768
54769
54771
54775
54778
54782
54786
54789
54791
54793
54794
54796
54797
54802
54805
54806
54808
54809
54811
54812
54817
54818
54820
54824
54829
54830
54831
54833
54834
54835
54839
54840
54842
54845
54848
54851
54852
54853
54854
54855
54856
54858
54859
54866
54867
54869
54874
54875
54877
54878
54879
54881
54883
54890
54891
54894
54902
54903
54904
54907
54909
54911
54917
54921
54929
54931
54932
54934
54935
54938
54952
54953
54958
54962
54964
54965
54966
54968
54974
54977
54978
54979
54980
54986
54987
54991
54996
54998
55000
55006
55007
55008
55010
55015
55018
55020
55021
55024
55025
55026
55031
55032
55033
55034
55036
55038
55045
55046
55047
55048
55049
55053
55054
55067
55072
55073
55074
55076
55079
55080
55089
55091
55092
55099
55100
55101
55106
55108
55110
55111
55112
55113
55114
55116
55120
55121
55124
55127
55129
55130
55135
55139
55141
55142
55143
55144
55148
55150
55152
55153
55154
55156
55158
55161
55163
55167
55169
55170
55171
55173
55175
55186
55189
55190
55194
55201
55209
55213
55214
55216
55217
55219
55221
55223
55226
55227
55233
55241
55243
55244
55247
55249
55251
55256
55267
55268
55269
55273
55274
55275
55276
55278
55279
55281
55288
55289
55290
55293
55297
55298
55299
55305
55306
55307
55308
55312
55316
55320
55322
55323
55333
55334
55335
55340
55342
55343
55344
55347
55348
55352
55359
55360
55362
55363
55365
55370
55371
55373
55374
55375
55379
55380
55383
55384
55387
55394
55396
55399
55400
55402
55403
55404
55406
55407
55408
55409
55410
55411
55413
55415
55423
55426
55427
55431
55432
55434
55435
55436
55438
55439
55440
55441
55442
55444
55450
55451
55456
55457
55462
55463
55465
55468
55471
55482
55483
55487
55489
55491
55492
55496
55501
55502
55503
55504
55506
55507
55508
55512
55513
55516
55523
55525
55528
55529
55530
55531
55543
55544
55547
55549
55551
55552
55553
55556
55557
55558
55559
55560
55564
55565
55569
55573
55574
55577
55579
55581
55587
55588
55589
55592
55594
55601
55606
55609
55613
55616
55619
55623
55626
55627
55630
55635
55636
55639
55640
55643
55646
55647
55648
55649
55653
55656
55657
55658
55661
55665
55669
55670
55671
55677
55680
55682
55684
55685
55686
55687
55688
55689
55692
55694
55697
55703
55705
55706
55707
55709
55711
55712
55713
55718
55719
55721
55722
55723
55728
55730
55731
55734
55739
55742
55743
55744
55755
55763
55769
55771
55773
55774
55775
55778
55781
55783
55786
55788
55789
55790
55791
55792
55798
55802
55803
55804
55807
55808
55810
55811
55812
55814
55816
55818
55820
55821
55823
55824
55825
55827
55831
55832
55834
55839
55842
55848
55849
55851
55852
55853
55856
55857
55860
55864
55869
55874
55875
55876
55877
55878
55879
55882
55883
55884
55889
55897
55899
55900
55902
55906
55910
55911
55914
55915
55917
55918
55919
55921
55922
55925
55926
55927
55931
55933
55941
55943
55944
55945
55946
55947
55949
55950
55951
55953
55955
55956
55959
55961
55965
55968
55971
55976
55979
55980
55981
55984
55985
55992
55993
55994
56002
56003
56004
56006
56009
56010
56014
56017
56024
56028
56029
56031
56037
56039
56040
56041
56045
56059
56060
56061
56066
56067
56068
56072
56073
56074
56075
56077
56080
56084
56092
56095
56098
56099
56105
56108
56111
56113
56114
56115
56120
56121
56122
56123
56125
56127
56128
56129
56130
56132
56133
56134
56138
56139
56141
56142
56144
56147
56148
56150
56152
56157
56161
56163
56165
56166
56168
56170
56172
56173
56180
56183
56184
56190
56193
56199
56202
56205
56206
56207
56212
56214
56215
56216
56225
56227
56228
56232
56234
56240
56242
56243
56246
56248
56250
56253
56255
56256
56257
56260
56262
56265
56266
56267
56268
56269
56270
56271
56276
56279
56280
56285
56289
56291
56292
56293
56306
56307
56308
56316
56317
56320
56325
56326
56327
56328
56330
56332
56339
56341
56343
56346
56349
56355
56356
56358
56360
56363
56364
56366
56368
56371
56373
56374
56376
56378
56380
56383
56385
56392
56394
56395
56396
56397
56400
56402
56405
56407
56410
56412
56415
56416
56424
56427
56430
56434
56435
56438
56439
56440
56443
56445
56446
56451
56452
56453
56455
56459
56460
56461
56462
56465
56466
56467
56470
56478
56481
56482
56483
56484
56485
56486
56489
56490
56491
56492
56495
56496
56497
56498
56502
56506
56507
56511
56512
56518
56521
56525
56526
56534
56535
56536
56538
56539
56542
56545
56546
56547
56548
56550
56552
56553
56558
56559
56561
56564
56565
56570
56571
56577
56578
56579
56583
56590
56593
56594
56597
56598
56603
56604
56605
56606
56611
56612
56613
56620
56621
56623
56624
56626
56627
56630
56631
56632
56645
56647
56649
56650
56652
56654
56656
56657
56665
56670
56671
56672
56678
56679
56684
56686
56689
56690
56691
56692
56695
56696
56697
56700
56702
56707
56713
56714
56718
56721
56723
56725
56727
56728
56735
56736
56741
56743
56745
56746
56748
56749
56751
56756
56759
56761
56764
56768
56769
56771
56774
56778
56779
56780
56788
56791
56793
56794
56795
56796
56801
56805
56808
56809
56810
56818
56819
56820
56821
56822
56823
56829
56832
56833
56835
56837
56840
56853
56855
56856
56857
56858
56860
56866
56867
56870
56871
56874
56877
56879
56881
56882
56885
56886
56888
56891
56896
56898
56899
56900
56903
56905
56907
56909
56910
56911
56912
56917
56919
56920
56922
56924
56925
56928
56930
56932
56933
56934
56940
56941
56943
56944
56946
56948
56949
56950
56952
56953
56954
56964
56967
56970
56972
56974
56977
56983
56984
56986
56988
56991
56992
56993
56997
56999
57000
57003
57004
57009
57010
57011
57013
57014
57019
57020
57024
57027
57028
57029
57035
57036
57038
57041
57042
57043
57044
57045
57048
57049
57054
57057
57060
57061
57063
57064
57068
57069
57070
57071
57077
57078
57079
57081
57084
57085
57086
57088
57093
57095
57102
57106
57110
57112
57116
57123
57126
57127
57129
57130
57134
57139
57146
57147
57148
57150
57151
57152
57153
57154
57156
57160
57164
57166
57167
57171
57172
57173
57175
57178
57181
57183
57190
57191
57195
57199
57200
57201
57205
57207
57208
57210
57212
57213
57214
57215
57216
57218
57220
57221
57223
57227
57229
57231
57233
57235
57236
57238
57241
57242
57246
57248
57250
57254
57255
57256
57260
57261
57262
57263
57265
57267
57268
57269
57271
57273
57278
57285
57287
57289
57292
57296
57297
57298
57304
57307
57308
57311
57312
57315
57316
57317
57320
57324
57328
57331
57334
57336
57338
57339
57341
57347
57348
57350
57353
57354
57355
57357
57359
57360
57369
57388
57389
57393
57394
57396
57398
57402
57405
57409
57410
57411
57413
57415
57416
57417
57418
57419
57424
57431
57434
57436
57440
57441
57442
57444
57449
57450
57454
57455
57456
57460
57463
57464
57465
57468
57469
57471
57475
57478
57479
57481
57482
57486
57487
57488
57489
57491
57492
57496
57503
57504
57508
57509
57512
57513
57517
57520
57530
57532
57533
57534
57535
57536
57538
57542
57545
57548
57550
57551
57552
57554
57555
57556
57559
57569
57570
57571
57572
57573
57574
57575
57576
57582
57589
57590
57592
57593
57596
57598
57599
57603
57604
57605
57607
57609
57610
57615
57617
57619
57620
57621
57623
57625
57628
57634
57636
57639
57644
57645
57646
57647
57650
57653
57658
57666
57667
57668
57670
57675
57677
57679
57683
57684
57688
57689
57690
57691
57696
57703
57704
57707
57708
57711
57712
57714
57715
57716
57717
57724
57728
57731
57735
57736
57739
57740
57742
57745
57750
57756
57759
57761
57762
57764
57767
57768
57772
57774
57778
57779
57784
57785
57787
57788
57790
57791
57797
57806
57807
57810
57813
57814
57815
57818
57821
57825
57832
57833
57834
57835
57836
57838
57840
57844
57845
57854
57856
57857
57858
57860
57865
57866
57867
57868
57870
57872
57875
57878
57879
57881
57889
57890
57893
57895
57898
57901
57904
57907
57909
57913
57914
57918
57925
57927
57933
57943
57945
57949
57951
57954
57956
57957
57964
57965
57969
57972
57976
57980
57985
57986
57990
57991
57992
57993
57994
57997
57998
58003
58010
58017
58021
58024
58025
58028
58033
58034
58036
58040
58042
58044
58045
58046
58050
58053
58057
58058
58060
58066
58071
58073
58075
58077
58082
58084
58085
58093
58095
58112
58115
58118
58120
58123
58124
58126
58127
58130
58133
58134
58135
58136
58140
58141
58142
58144
58146
58152
58153
58156
58157
58158
58161
58162
58163
58166
58168
58169
58172
58173
58176
58179
58181
58182
58183
58184
58191
58195
58196
58201
58203
58205
58214
58215
58222
58223
58231
58233
58234
58235
58236
58237
58239
58240
58247
58249
58250
58251
58253
58254
58256
58257
58259
58263
58267
58273
58276
58277
58278
58280
58282
58284
58286
58289
58291
58295
58297
58300
58301
58302
58304
58305
58306
58308
58309
58315
58317
58319
58320
58322
58324
58327
58333
58334
58335
58336
58339
58340
58345
58347
58350
58351
58354
58360
58364
58366
58369
58371
58377
58383
58384
58387
58389
58391
58393
58396
58397
58400
58401
58405
58409
58410
58411
58412
58413
58414
58417
58419
58420
58423
58424
58425
58426
58432
58433
58434
58435
58437
58439
58446
58449
58451
58452
58454
58456
58460
58462
58467
58469
58473
58475
58476
58477
58478
58482
58483
58485
58487
58493
58494
58496
58498
58499
58500
58502
58507
58511
58514
58515
58516
58518
58523
58532
58533
58540
58541
58542
58544
58547
58549
58554
58556
58558
58559
58564
58567
58571
58574
58575
58576
58581
58582
58583
58584
58587
58589
58593
58594
58599
58602
58603
58606
58607
58609
58612
58615
58616
58617
58621
58622
58623
58626
58629
58633
58634
58636
58645
58646
58647
58648
58650
58651
58655
58658
58659
58669
58671
58680
58681
58689
58693
58694
58698
58699
58701
58702
58706
58715
58716
58717
58721
58722
58723
58724
58725
58726
58729
58730
58737
58739
58740
58741
58742
58744
58746
58747
58751
58752
58753
58754
58755
58759
58762
58766
58768
58769
58777
58778
58780
58783
58785
58786
58790
58791
58793
58795
58797
58799
58800
58803
58806
58807
58811
58812
58815
58818
58819
58824
58828
58829
58831
58833
58837
58841
58843
58844
58845
58851
58852
58855
58857
58860
58861
58863
58865
58874
58877
58880
58883
58885
58888
58890
58893
58895
58896
58897
58899
58900
58901
58908
58910
58913
58916
58917
58918
58919
58921
58922
58923
58924
58925
58926
58927
58931
58932
58935
58938
58939
58941
58945
58949
58950
58953
58955
58957
58959
58972
58975
58976
58977
58979
58980
58982
58984
58985
58986
58987
58991
58993
58995
58998
59001
59003
59007
59009
59010
59012
59014
59016
59018
59022
59023
59024
59030
59031
59034
59036
59040
59041
59042
59047
59049
59054
59055
59056
59057
59060
59061
59062
59064
59069
59070
59071
59077
59078
59079
59080
59082
59084
59086
59093
59098
59110
59116
59124
59128
59135
59138
59139
59140
59141
59143
59144
59145
59146
59148
59152
59159
59161
59162
59168
59169
59171
59172
59173
59175
59176
59177
59178
59181
59182
59184
59187
59189
59192
59198
59199
59203
59204
59205
59208
59211
59214
59215
59216
59220
59222
59225
59226
59229
59230
59231
59233
59234
59236
59239
59240
59243
59251
59256
59265
59267
59269
59273
59276
59278
59284
59286
59294
59300
59301
59303
59304
59307
59308
59310
59312
59316
59317
59319
59320
59322
59324
59326
59327
59328
59330
59337
59340
59341
59346
59348
59349
59355
59362
59363
59364
59365
59369
59370
59380
59382
59385
59386
59398
59399
59403
59405
59408
59410
59411
59417
59418
59419
59422
59429
59432
59433
59435
59436
59441
59442
59444
59446
59449
59451
59452
59454
59457
59460
59462
59463
59464
59465
59466
59469
59470
59471
59476
59477
59479
59480
59484
59488
59489
59490
59493
59494
59500
59501
59502
59506
59507
59511
59513
59514
59515
59519
59521
59524
59526
59528
59529
59530
59531
59533
59535
59536
59537
59538
59539
59540
59542
59543
59549
59552
59557
59563
59564
59566
59567
59569
59571
59576
59578
59583
59585
59586
59589
59593
59597
59598
59600
59605
59608
59609
59610
59611
59615
59618
59622
59624
59626
59628
59629
59630
59632
59633
59637
59640
59641
59642
59646
59649
59653
59654
59655
59656
59659
59663
59666
59669
59670
59671
59672
59673
59675
59677
59679
59680
59684
59686
59687
59688
59689
59691
59695
59699
59700
59701
59702
59703
59710
59716
59717
59718
59719
59720
59724
59725
59728
59730
59731
59733
59735
59738
59739
59741
59742
59743
59744
59749
59754
59757
59760
59761
59762
59763
59769
59770
59771
59780
59781
59782
59785
59786
59787
59788
59791
59793
59794
59798
59799
59802
59808
59811
59816
59819
59822
59824
59828
59829
59831
59841
59842
59844
59851
59852
59853
59856
59858
59860
59865
59869
59870
59877
59878
59879
59880
59882
59883
59884
59885
59887
59890
59895
59896
59897
59905
59907
59908
59912
59915
59916
59920
59924
59926
59929
59930
59933
59936
59939
59944
59946
59951
59952
59956
59957
59959
59964
59965
59966
59968
59969
59970
59971
59973
59977
59981
59982
59985
59986
59987
59988
59990
59993
59996
59999
60002
60003
60004
60008
60010
60012
60014
60018
60020
60025
60026
60027
60028
60029
60030
60032
60033
60037
60039
60040
60049
60051
60052
60055
60059
60060
60067
60071
60073
60077
60081
60082
60088
60095
60098
60099
60100
60101
60102
60106
60107
60108
60110
60111
60123
60126
60130
60132
60133
60137
60142
60150
60154
60159
60162
60167
60168
60173
60174
60175
60176
60180
60182
60183
60185
60187
60190
60194
60197
60203
60204
60210
60216
60217
60220
60224
60226
60234
60237
60238
60239
60240
60242
60244
60246
60254
60258
60259
60260
60262
60264
60266
60267
60268
60271
60272
60273
60275
60277
60279
60280
60281
60282
60283
60284
60285
60286
60288
60291
60294
60296
60298
60301
60303
60304
60306
60311
60312
60313
60316
60317
60318
60322
60323
60325
60327
60333
60337
60338
60339
60343
60344
60346
60348
60349
60352
60355
60359
60360
60363
60367
60370
60372
60373
60374
60378
60383
60384
60391
60392
60396
60397
60400
60401
60403
60404
60406
60408
60412
60413
60416
60418
60420
60425
60426
60429
60431
60433
60436
60437
60439
60443
60445
60446
60448
60456
60457
60459
60462
60465
60467
60470
60476
60477
60478
60480
60481
60482
60484
60485
60487
60489
60491
60494
60496
60498
60508
60514
60516
60518
60520
60522
60526
60527
60528
60530
60531
60532
60534
60535
60542
60545
60548
60552
60553
60554
60557
60564
60565
60568
60570
60573
60574
60584
60585
60592
60593
60594
60597
60600
60601
60602
60605
60606
60607
60608
60609
60610
60612
60617
60618
60619
60620
60623
60625
60627
60629
60630
60631
60634
60638
60640
60646
60647
60648
60658
60662
60663
60667
60669
60675
60676
60678
60683
60690
60691
60698
60701
60702
60704
60707
60708
60712
60730
60734
60735
60736
60737
60738
60741
60743
60746
60748
60749
60754
60756
60761
60763
60764
60765
60767
60770
60772
60775
60781
60782
60783
60784
60786
60792
60793
60794
60795
60796
60797
60800
60804
60809
60810
60814
60815
60816
60823
60825
60829
60830
60831
60832
60834
60840
60843
60845
60846
60851
60852
60854
60855
60856
60857
60858
60859
60861
60862
60865
60868
60869
60870
60872
60876
60881
60889
60891
60893
60894
60896
60897
60901
60907
60911
60914
60919
60920
60921
60922
60923
60925
60931
60936
60937
60939
60943
60944
60946
60947
60950
60954
60960
60968
60969
60972
60976
60977
60983
60984
60988
60991
60992
60995
60996
60998
61002
61005
61010
61016
61017
61021
61025
61029
61030
61036
61037
61038
61042
61051
61052
61055
61058
61059
61060
61062
61064
61066
61070
61073
61074
61076
61077
61078
61079
61081
61082
61084
61086
61092
61094
61095
61098
61099
61103
61106
61108
61109
61114
61116
61117
61120
61121
61126
61128
61129
61130
61142
61144
61145
61149
61150
61153
61154
61161
61162
61165
61170
61179
61180
61185
61187
61188
61189
61190
61191
61193
61195
61197
61205
61209
61210
61212
61220
61221
61222
61223
61224
61228
61229
61234
61236
61238
61240
61243
61245
61247
61250
61252
61254
61261
61263
61264
61265
61267
61269
61273
61274
61276
61281
61282
61295
61303
61305
61309
61310
61312
61315
61316
61320
61325
61326
61331
61336
61337
61338
61341
61342
61354
61356
61358
61361
61364
61367
61368
61369
61370
61375
61376
61378
61383
61384
61386
61387
61388
61389
61390
61391
61396
61400
61401
61405
61406
61407
61409
61410
61411
61412
61413
61417
61429
61431
61432
61433
61435
61436
61438
61441
61442
61443
61444
61446
61448
61449
61450
61452
61453
61458
61461
61462
61463
61464
61468
61471
61473
61476
61478
61479
61483
61485
61487
61493
61494
61496
61499
61501
61503
61507
61520
61521
61522
61527
61528
61531
61533
61536
61542
61543
61544
61551
61552
61558
61560
61564
61566
61568
61569
61570
61571
61574
61576
61580
61582
61583
61584
61594
61596
61597
61601
61604
61607
61608
61610
61613
61617
61619
61620
61625
61635
61643
61644
61646
61659
61660
61670
61671
61672
61674
61676
61678
61682
61683
61684
61685
61686
61688
61689
61694
61695
61696
61698
61702
61703
61709
61710
61713
61716
61719
61726
61730
61732
61738
61741
61745
61748
61750
61752
61758
61759
61762
61763
61764
61766
61767
61768
61769
61772
61774
61775
61779
61781
61782
61784
61789
61791
61794
61798
61801
61802
61805
61806
61809
61816
61818
61819
61822
61824
61826
61829
61834
61835
61837
61838
61841
61844
61846
61853
61854
61857
61862
61864
61865
61869
61872
61875
61876
61878
61879
61885
61889
61890
61894
61895
61899
61903
61905
61906
61908
61910
61911
61912
61913
61920
61921
61924
61925
61928
61930
61932
61933
61934
61936
61937
61939
61942
61946
61948
61950
61952
61955
61958
61961
61964
61965
61966
61967
61971
61973
61974
61979
61980
61987
61988
61995
61996
61999
62002
62003
62005
62020
62023
62024
62029
62030
62032
62039
62041
62042
62043
62047
62048
62049
62050
62052
62056
62057
62059
62061
62062
62065
62068
62070
62072
62073
62077
62078
62094
62095
62096
62097
62109
62111
62112
62115
62116
62127
62129
62130
62131
62133
62134
62137
62138
62141
62143
62148
62149
62151
62153
62156
62158
62162
62165
62172
62173
62178
62179
62180
62181
62182
62183
62186
62189
62194
62195
62196
62197
62198
62200
62205
62207
62208
62210
62217
62219
62221
62222
62225
62227
62234
62236
62238
62239
62243
62244
62247
62249
62250
62251
62253
62254
62255
62256
62257
62259
62262
62264
62266
62267
62268
62269
62277
62282
62283
62284
62285
62290
62292
62293
62296
62305
62306
62312
62314
62316
62317
62321
62323
62325
62327
62329
62332
62335
62337
62339
62345
62346
62349
62350
62351
62352
62356
62357
62360
62364
62366
62368
62369
62371
62372
62373
62377
62380
62381
62385
62390
62392
62398
62404
62406
62409
62411
62413
62414
62417
62420
62422
62423
62427
62428
62432
62436
62438
62441
62442
62444
62446
62447
62449
62452
62453
62454
62456
62460
62462
62463
62465
62466
62471
62473
62475
62487
62489
62491
62492
62494
62499
62501
62502
62507
62509
62512
62513
62515
62517
62520
62525
62530
62532
62533
62536
62537
62538
62543
62544
62547
62549
62550
62553
62557
62558
62563
62568
62569
62579
62586
62595
62596
62605
62606
62610
62614
62618
62620
62624
62626
62627
62631
62633
62634
62638
62639
62640
62643
62644
62654
62655
62658
62667
62671
62673
62675
62678
62683
62685
62686
62687
62689
62691
62693
62695
62696
62697
62700
62709
62711
62719
62720
62723
62724
62727
62728
62732
62737
62740
62744
62746
62748
62751
62752
62755
62756
62758
62760
62762
62764
62766
62770
62771
62772
62774
62776
62778
62780
62784
62785
62788
62791
62803
62805
62807
62808
62809
62810
62811
62812
62814
62815
62818
62819
62820
62825
62829
62833
62834
62836
62837
62839
62841
62842
62843
62844
62852
62853
62860
62862
62863
62864
62865
62866
62867
62868
62871
62872
62874
62877
62879
62882
62883
62884
62885
62892
62899
62900
62905
62907
62910
62912
62914
62916
62919
62920
62923
62925
62929
62930
62932
62938
62941
62943
62944
62948
62951
62957
62958
62959
62963
62966
62971
62974
62980
62982
62984
62985
62988
62989
62991
62992
63001
63003
63004
63005
63008
63011
63012
63013
63020
63021
63024
63026
63032
63034
63037
63038
63043
63047
63049
63050
63051
63056
63057
63060
63062
63065
63066
63067
63069
63073
63078
63079
63083
63084
63085
63090
63092
63094
63098
63099
63100
63106
63110
63113
63114
63115
63116
63117
63118
63119
63125
63126
63128
63130
63139
63141
63142
63145
63148
63149
63151
63152
63157
63161
63164
63165
63167
63169
63170
63173
63174
63175
63180
63182
63183
63186
63187
63189
63190
63192
63193
63196
63202
63204
63219
63228
63230
63232
63234
63239
63240
63244
63245
63248
63249
63250
63256
63257
63259
63261
63262
63265
63266
63272
63276
63277
63278
63279
63280
63281
63282
63285
63286
63289
63297
63298
63303
63304
63307
63310
63312
63320
63321
63325
63326
63328
63330
63335
63337
63338
63339
63346
63350
63352
63354
63356
63359
63361
63365
63367
63368
63370
63375
63377
63378
63386
63387
63391
63393
63395
63396
63397
63403
63412
63415
63421
63423
63429
63434
63437
63440
63442
63447
63450
63452
63453
63458
63462
63464
63471
63476
63478
63479
63489
63492
63495
63499
63501
63504
63505
63511
63516
63520
63521
63522
63523
63527
63532
63536
63537
63541
63544
63548
63549
63551
63553
63554
63556
63558
63559
63561
63562
63566
63568
63569
63572
63575
63576
63578
63584
63588
63593
63596
63597
63602
63603
63605
63606
63607
63608
63611
63612
63616
63619
63624
63625
63629
63630
63632
63636
63645
63649
63653
63656
63659
63660
63661
63666
63667
63669
63670
63673
63681
63682
63683
63687
63688
63697
63702
63704
63711
63714
63718
63723
63727
63728
63731
63734
63735
63736
63738
63741
63742
63744
63745
63746
63748
63749
63751
63754
63755
63757
63760
63764
63768
63770
63781
63783
63788
63792
63793
63795
63799
63802
63803
63809
63810
63815
63818
63821
63824
63829
63834
63835
63840
63841
63844
63845
63847
63851
63852
63853
63854
63858
63866
63868
63869
63871
63872
63873
63874
63878
63880
63881
63882
63883
63885
63886
63888
63893
63897
63898
63905
63906
63908
63910
63914
63917
63923
63927
63929
63930
63932
63933
63935
63938
63941
63945
63946
63951
63952
63954
63955
63960
63961
63967
63974
63977
63979
63980
63981
63982
63984
63985
63990
63996
63998
64000
64004
64005
64006
64009
64013
64016
64017
64021
64023
64024
64028
64029
64037
64042
64043
64044
64045
64046
64047
64048
64049
64053
64054
64055
64056
64057
64060
64063
64064
64069
64070
64071
64073
64074
64075
64080
64084
64086
64087
64089
64090
64101
64102
64111
64121
64127
64130
64132
64133
64138
64139
64142
64145
64146
64155
64157
64160
64164
64166
64168
64173
64174
64179
64181
64182
64183
64185
64187
64191
64192
64198
64201
64202
64203
64204
64207
64208
64210
64211
64214
64215
64216
64219
64224
64226
64227
64230
64234
64239
64242
64245
64247
64251
64253
64258
64261
64264
64266
64268
64269
64273
64285
64288
64289
64291
64294
64295
64296
64297
64298
64307
64312
64313
64314
64316
64318
64319
64326
64331
64333
64335
64338
64340
64342
64343
64345
64349
64351
64355
64358
64360
64362
64370
64371
64374
64375
64376
64379
64381
64387
64391
64392
64395
64396
64399
64401
64403
64405
64406
64416
64419
64421
64422
64423
64424
64425
64431
64433
64434
64441
64445
64446
64447
64448
64449
64454
64455
64456
64460
64462
64463
64464
64467
64471
64475
64476
64478
64479
64482
64483
64484
64485
64486
64489
64491
64495
64496
64498
64500
64504
64507
64508
64512
64513
64517
64522
64525
64528
64531
64538
64541
64543
64547
64550
64554
64555
64556
64557
64558
64559
64560
64561
64575
64578
64583
64585
64589
64591
64595
64599
64604
64605
64606
64608
64614
64615
64616
64619
64622
64623
64624
64629
64633
64634
64635
64636
64638
64640
64647
64650
64651
64653
64654
64655
64661
64663
64666
64673
64675
64679
64680
64681
64682
64684
64686
64688
64689
64690
64691
64692
64694
64696
64697
64700
64706
64707
64708
64709
64710
64711
64713
64718
64719
64721
64723
64726
64729
64732
64734
64735
64742
64743
64745
64746
64748
64753
64756
64758
64759
64761
64763
64773
64775
64778
64779
64780
64781
64784
64785
64792
64794
64796
64798
64802
64804
64808
64809
64810
64811
64812
64813
64815
64816
64818
64828
64831
64832
64833
64835
64836
64838
64846
64849
64850
64851
64859
64867
64872
64874
64882
64883
64886
64888
64889
64891
64901
64904
64905
64906
64908
64910
64911
64912
64913
64914
64915
64918
64919
64927
64928
64935
64941
64944
64945
64948
64949
64951
64952
64955
64958
64959
64965
64970
64971
64975
64983
64985
64990
64992
65001
65005
65006
65010
65013
65015
65017
65018
65021
65025
65026
65027
65030
65035
65037
65039
65041
65042
65046
65052
65054
65056
65057
65058
65059
65060
65062
65063
65064
65065
65067
65072
65077
65079
65081
65085
65086
65088
65092
65094
65096
65098
65100
65103
65109
65111
65112
65118
65119
65121
65125
65132
65136
65139
65141
65146
65147
65150
65151
65154
65157
65159
65163
65164
65171
65177
65183
65184
65187
65196
65199
65201
65203
65205
65208
65217
65219
65226
65229
65230
65231
65234
65240
65244
65245
65250
65251
65252
65254
65256
65257
65260
65265
65269
65272
65275
65276
65277
65278
65279
65286
65289
65293
65297
65298
65304
65305
65306
65307
65308
65312
65313
65316
65317
65318
65319
65320
65322
65326
65332
65334
65335
65337
65341
65342
65343
65356
65358
65362
65363
65367
65371
65373
65377
65384
65385
65388
65390
65393
65395
65396
65399
65402
65403
65406
65411
65413
65414
65417
65418
65425
65426
65427
65430
65434
65435
65439
65444
65446
65450
65454
65455
65459
65463
65464
65465
65466
65469
65470
65471
65473
65478
65482
65486
65487
65488
65489
65491
65495
65496
65498
65499
65500
65502
65505
65506
65507
65510
65511
65514
65523
65524
65528
65529
65531
65534
65535
65538
65539
65543
65546
65550
65552
65554
65555
65560
65574
65580
65581
65582
65584
65585
65588
65590
65592
65593
65596
65597
65598
65602
65603
65604
65605
65610
65611
65614
65618
65619
65621
65623
65625
65630
65631
65636
65637
65640
65641
65645
65646
65648
65649
65652
65654
65655
65663
65666
65667
65675
65678
65681
65684
65686
65689
65690
65702
65704
65706
65708
65709
65710
65711
65714
65721
65731
65736
65737
65738
65744
65749
65751
65753
65755
65756
65757
65758
65759
65761
65762
65763
65765
65768
65769
65771
65773
65774
65777
65785
65786
65787
65789
65790
65792
65794
65796
65801
65802
65804
65806
65810
65812
65814
65818
65821
65823
65824
65826
65827
65828
65831
65832
65833
65835
65838
65841
65846
65848
65850
65856
65861
65863
65864
65867
65870
65873
65877
65878
65880
65881
65882
65883
65884
65885
65886
65889
65890
65892
65894
65899
65900
65901
65902
65903
65904
65905
65906
65909
65910
65915
65916
65917
65918
65919
65928
65930
65932
65937
65940
65941
65949
65950
65951
65954
65959
65960
65961
65964
65971
65972
65973
65975
65978
65982
65985
65990
65993
65995
66000
66005
66006
66007
66011
66013
66015
66018
66026
66029
66034
66038
66039
66041
66043
66046
66048
66052
66053
66054
66057
66061
66062
66064
66070
66072
66073
66074
66084
66086
66089
66090
66098
66099
66100
66101
66119
66120
66125
66126
66134
66138
66140
66151
66153
66157
66163
66167
66168
66169
66170
66171
66181
66183
66184
66185
66186
66191
66193
66196
66201
66202
66203
66205
66207
66208
66214
66215
66216
66217
66225
66228
66229
66230
66231
66232
66233
66237
66239
66240
66241
66242
66244
66246
66248
66249
66251
66254
66258
66260
66261
66263
66264
66265
66268
66269
66270
66271
66273
66276
66277
66282
66287
66289
66293
66294
66298
66299
66300
66306
66309
66314
66315
66316
66317
66319
66320
66322
66323
66324
66325
66328
66329
66332
66335
66336
66337
66339
66347
66348
66349
66350
66351
66353
66363
66365
66366
66367
66369
66373
66376
66380
66384
66385
66389
66390
66391
66394
66396
66401
66402
66406
66407
66419
66420
66423
66425
66426
66428
66432
66438
66441
66443
66444
66445
66446
66447
66449
66452
66454
66455
66459
66460
66469
66470
66472
66473
66477
66480
66481
66485
66488
66499
66504
66505
66507
66508
66510
66516
66517
66522
66523
66524
66527
66528
66532
66533
66534
66535
66536
66537
66538
66541
66543
66544
66547
66555
66558
66559
66560
66561
66562
66563
66569
66571
66575
66576
66577
66579
66580
66583
66584
66586
66590
66591
66592
66599
66600
66605
66608
66612
66614
66615
66618
66622
66623
66624
66631
66633
66636
66637
66641
66642
66644
66646
66649
66651
66657
66658
66659
66660
66664
66668
66669
66671
66679
66680
66683
66685
66690
66691
66692
66696
66702
66706
66708
66710
66713
66726
66729
66730
66733
66739
66744
66745
66751
66755
66756
66757
66758
66759
66760
66761
66762
66768
66771
66773
66775
66776
66778
66779
66783
66786
66788
66789
66793
66797
66798
66804
66809
66811
66814
66820
66821
66822
66825
66826
66828
66835
66845
66846
66848
66850
66853
66854
66855
66858
66860
66861
66862
66863
66867
66868
66869
66870
66877
66879
66880
66882
66885
66886
66888
66890
66899
66903
66904
66913
66917
66925
66932
66939
66943
66945
66946
66949
66958
66959
66962
66963
66967
66969
66971
66972
66973
66974
66975
66976
66978
66979
66982
66983
66988
66993
66994
66997
67002
67006
67008
67012
67014
67016
67017
67022
67023
67025
67029
67033
67037
67038
67039
67042
67044
67046
67047
67048
67053
67061
67065
67068
67069
67070
67072
67079
67081
67082
67083
67085
67088
67089
67093
67095
67096
67097
67099
67100
67105
67111
67112
67114
67115
67119
67121
67126
67127
67129
67133
67134
67138
67139
67140
67149
67150
67157
67159
67160
67165
67167
67173
67174
67184
67185
67187
67190
67194
67198
67200
67208
67209
67210
67211
67212
67220
67226
67228
67230
67231
67234
67235
67238
67247
67248
67257
67258
67260
67262
67265
67266
67267
67268
67269
67272
67275
67279
67283
67284
67285
67287
67290
67291
67297
67306
67307
67313
67315
67317
67322
67326
67328
67330
67332
67334
67338
67340
67345
67347
67355
67356
67360
67362
67365
67366
67368
67371
67372
67373
67374
67375
67380
67382
67383
67384
67387
67388
67389
67398
67399
67406
67407
67409
67411
67413
67418
67419
67422
67425
67428
67432
67433
67436
67442
67443
67446
67448
67455
67456
67463
67464
67467
67468
67475
67479
67480
67484
67486
67488
67489
67491
67499
67503
67504
67518
67521
67524
67526
67528
67531
67533
67534
67536
67537
67538
67539
67541
67543
67546
67547
67548
67549
67557
67558
67561
67562
67563
67571
67572
67577
67584
67585
67586
67590
67592
67593
67594
67597
67599
67600
67601
67603
67605
67607
67617
67618
67619
67623
67627
67630
67631
67635
67639
67649
67651
67654
67663
67666
67668
67670
67673
67677
67678
67680
67681
67690
67700
67704
67707
67708
67710
67714
67715
67724
67725
67729
67735
67739
67740
67741
67745
67747
67752
67754
67756
67757
67759
67761
67764
67766
67769
67772
67773
67774
67775
67779
67781
67785
67797
67798
67802
67804
67806
67807
67813
67816
67819
67821
67822
67828
67838
67840
67842
67845
67850
67854
67856
67857
67863
67868
67871
67872
67885
67887
67892
67894
67896
67897
67902
67908
67913
67915
67916
67917
67920
67921
67923
67926
67929
67931
67933
67940
67943
67946
67949
67950
67951
67955
67959
67960
67961
67962
67963
67964
67968
67973
67976
67978
67981
67985
67988
67990
67994
68005
68007
68012
68015
68017
68019
68020
68022
68024
68029
68033
68036
68037
68041
68042
68044
68045
68052
68053
68055
68056
68060
68064
68066
68069
68072
68075
68076
68080
68084
68086
68093
68094
68096
68097
68098
68099
68105
68111
68113
68118
68123
68126
68127
68133
68142
68143
68144
68145
68146
68149
68151
68152
68153
68156
68159
68160
68163
68165
68168
68173
68184
68189
68192
68194
68197
68203
68208
68218
68222
68226
68228
68229
68230
68236
68242
68243
68251
68252
68254
68255
68259
68267
68269
68277
68279
68282
68285
68291
68294
68297
68298
68300
68301
68304
68308
68312
68313
68314
68323
68327
68328
68330
68333
68336
68337
68345
68346
68348
68349
68350
68353
68354
68355
68359
68360
68362
68367
68369
68376
68386
68390
68394
68395
68396
68402
68403
68405
68406
68410
68411
68414
68417
68418
68422
68426
68429
68430
68434
68437
68438
68445
68446
68453
68457
68458
68459
68460
68463
68464
68465
68467
68470
68473
68476
68477
68478
68482
68486
68490
68494
68495
68498
68502
68508
68509
68525
68526
68527
68530
68531
68534
68538
68544
68549
68550
68555
68558
68560
68561
68565
68566
68567
68568
68569
68572
68574
68578
68583
68586
68589
68598
68600
68605
68612
68615
68620
68621
68626
68628
68631
68632
68637
68639
68641
68646
68647
68648
68649
68652
68654
68656
68657
68659
68667
68668
68672
68677
68679
68681
68689
68692
68695
68698
68701
68707
68710
68711
68712
68716
68720
68721
68724
68725
68727
68731
68733
68735
68737
68739
68741
68742
68745
68754
68755
68763
68764
68765
68767
68768
68769
68772
68773
68777
68780
68783
68792
68796
68797
68798
68802
68803
68804
68806
68810
68822
68824
68826
68829
68831
68832
68835
68838
68844
68848
68850
68852
68853
68857
68868
68872
68873
68875
68876
68883
68884
68887
68890
68891
68892
68894
68895
68901
68904
68910
68914
68917
68918
68919
68920
68921
68924
68925
68926
68930
68931
68935
68936
68937
68940
68943
68944
68947
68948
68950
68954
68956
68957
68959
68962
68964
68966
68967
68972
68974
68978
68981
68983
68988
68990
68998
69001
69004
69006
69009
69013
69014
69017
69018
69022
69024
69031
69032
69033
69035
69039
69041
69044
69046
69047
69050
69052
69054
69055
69058
69059
69061
69063
69071
69072
69074
69075
69077
69078
69081
69083
69084
69087
69089
69091
69095
69104
69109
69111
69112
69114
69117
69118
69122
69124
69126
69130
69131
69136
69137
69140
69141
69146
69147
69160
69162
69163
69167
69173
69180
69181
69182
69184
69191
69193
69201
69202
69207
69208
69211
69218
69220
69226
69230
69231
69232
69236
69239
69243
69245
69249
69251
69254
69255
69258
69264
69265
69267
69268
69270
69274
69275
69276
69282
69285
69287
69292
69294
69295
69297
69298
69303
69305
69312
69315
69320
69321
69325
69329
69330
69331
69332
69334
69335
69336
69337
69343
69344
69345
69350
69351
69352
69354
69355
69357
69358
69359
69361
69368
69369
69371
69375
69376
69377
69382
69384
69385
69386
69388
69393
69397
69398
69400
69402
69404
69406
69407
69408
69413
69416
69422
69424
69426
69429
69430
69431
69436
69437
69439
69441
69443
69446
69449
69451
69452
69454
69455
69458
69462
69464
69466
69471
69472
69473
69475
69478
69480
69485
69486
69496
69497
69499
69501
69504
69505
69507
69508
69515
69516
69517
69518
69521
69525
69526
69532
69533
69539
69540
69541
69544
69546
69551
69555
69561
69563
69566
69567
69568
69569
69574
69577
69578
69579
69582
69583
69584
69585
69587
69590
69592
69595
69599
69604
69606
69609
69612
69615
69616
69619
69625
69628
69629
69631
69633
69635
69636
69642
69644
69645
69652
69653
69658
69659
69660
69661
69665
69668
69684
69685
69687
69692
69693
69694
69695
69696
69697
69702
69703
69707
69709
69710
69717
69720
69725
69727
69729
69730
69735
69736
69740
69743
69746
69747
69752
69760
69761
69764
69768
69770
69772
69777
69784
69788
69798
69800
69805
69808
69810
69812
69814
69815
69820
69824
69825
69831
69832
69833
69843
69847
69849
69851
69854
69859
69861
69862
69865
69874
69882
69884
69886
69889
69890
69891
69892
69897
69898
69900
69905
69907
69911
69914
69916
69917
69919
69921
69922
69923
69928
69929
69931
69933
69937
69938
69940
69945
69947
69957
69958
69961
69964
69966
69968
69970
69976
69983
69984
69987
69989
69990
69994
70003
70005
70007
70008
70010
70011
70012
70013
70020
70022
70023
70024
70027
70030
70032
70035
70040
70042
70046
70049
70051
70059
70062
70068
70069
70074
70076
70081
70085
70091
70092
70093
70094
70097
70104
70106
70110
70112
70113
70114
70116
70118
70123
70126
70128
70136
70137
70139
70141
70147
70150
70151
70152
70153
70155
70157
70160
70161
70164
70172
70174
70175
70182
70186
70190
70193
70197
70203
70204
70205
70206
70212
70216
70217
70221
70224
70226
70227
70229
70233
70242
70243
70244
70246
70247
70248
70254
70255
70261
70266
70267
70270
70271
70275
70277
70278
70282
70289
70290
70291
70292
70294
70304
70307
70309
70312
70313
70316
70318
70319
70320
70321
70322
70324
70328
70335
70337
70338
70340
70341
70342
70344
70346
70347
70349
70350
70356
70371
70376
70381
70383
70385
70388
70389
70391
70392
70402
70408
70410
70414
70415
70416
70418
70426
70430
70431
70433
70434
70440
70446
70448
70452
70454
70457
70458
70463
70468
70472
70473
70476
70479
70481
70482
70485
70489
70494
70496
70499
70500
70502
70505
70506
70512
70513
70514
70515
70517
70518
70520
70521
70522
70523
70524
70526
70527
70532
70533
70534
70536
70542
70543
70544
70546
70547
70552
70554
70556
70558
70560
70561
70563
70564
70567
70568
70573
70574
70575
70582
70583
70585
70586
70590
70594
70595
70596
70611
70615
70617
70618
70620
70621
70625
70626
70629
70637
70641
70642
70643
70644
70647
70649
70663
70664
70665
70669
70674
70680
70684
70694
70697
70698
70701
70703
70712
70714
70723
70726
70728
70730
70733
70735
70740
70742
70743
70754
70755
70757
70758
70760
70761
70765
70767
70768
70770
70773
70776
70791
70794
70795
70797
70798
70799
70800
70803
70804
70807
70809
70814
70817
70818
70820
70821
70822
70824
70825
70827
70833
70835
70838
70842
70844
70845
70846
70848
70850
70855
70857
70861
70863
70864
70874
70875
70879
70883
70884
70885
70886
70887
70888
70893
70894
70896
70898
70899
70901
70920
70921
70927
70928
70932
70933
70936
70942
70943
70944
70946
70948
70950
70953
70960
70964
70965
70974
70975
70977
70981
70982
70984
70986
70988
70989
70993
70995
70996
71000
71003
71004
71006
71008
71015
71017
71018
71019
71022
71026
71029
71042
71046
71049
71052
71053
71060
71061
71062
71063
71065
71066
71068
71072
71073
71075
71080
71084
71088
71090
71091
71092
71093
71094
71097
71100
71101
71102
71103
71107
71108
71110
71113
71114
71126
71127
71128
71133
71139
71141
71142
71144
71145
71147
71152
71158
71159
71160
71163
71164
71168
71174
71179
71180
71183
71185
71187
71188
71194
71196
71208
71209
71213
71214
71218
71219
71220
71221
71223
71230
71231
71238
71240
71242
71244
71247
71248
71249
71252
71253
71255
71257
71259
71261
71264
71274
71282
71285
71290
71293
71294
71296
71297
71299
71300
71301
71303
71304
71309
71311
71314
71316
71320
71323
71327
71328
71330
71334
71335
71336
71354
71359
71366
71368
71369
71370
71374
71376
71377
71380
71381
71385
71387
71391
71399
71404
71405
71406
71408
71411
71415
71419
71422
71428
71432
71433
71440
71443
71446
71447
71448
71449
71451
71452
71453
71457
71458
71460
71461
71462
71463
71464
71466
71471
71474
71479
71483
71486
71491
71492
71494
71495
71497
71501
71503
71505
71507
71508
71511
71512
71514
71515
71516
71520
71521
71522
71527
71528
71533
71534
71539
71540
71545
71548
71551
71553
71555
71556
71563
71564
71565
71568
71570
71571
71572
71575
71576
71577
71579
71585
71590
71592
71593
71595
71597
71598
71599
71601
71603
71610
71617
71626
71629
71630
71632
71633
71634
71639
71642
71643
71647
71651
71652
71653
71655
71656
71659
71660
71662
71672
71674
71678
71679
71681
71683
71685
71686
71690
71692
71695
71710
71711
71712
71715
71717
71720
71723
71725
71738
71741
71743
71748
71749
71750
71755
71756
71760
71761
71762
71764
71766
71767
71770
71771
71774
71777
71778
71782
71786
71789
71796
71798
71802
71805
71808
71813
71814
71824
71831
71832
71836
71838
71854
71859
71862
71865
71866
71874
71875
71876
71877
71878
71881
71884
71888
71896
71899
71901
71903
71905
71911
71914
71915
71921
71923
71924
71925
71927
71930
71933
71934
71939
71942
71943
71944
71946
71952
71954
71959
71960
71963
71967
71970
71974
71978
71979
71980
71982
71988
71998
71999
72000
72002
72007
72008
72009
72010
72012
72017
72018
72020
72022
72026
72034
72036
72039
72040
72045
72046
72049
72052
72053
72054
72055
72063
72066
72067
72072
72075
72076
72079
72082
72090
72091
72096
72097
72098
72100
72101
72103
72105
72107
72108
72110
72115
72116
72119
72120
72123
72128
72133
72139
72141
72144
72149
72150
72152
72154
72155
72156
72158
72160
72172
72181
72182
72184
72185
72186
72187
72188
72198
72203
72208
72212
72213
72215
72216
72218
72220
72221
72224
72225
72230
72240
72243
72244
72245
72247
72248
72249
72253
72256
72257
72264
72265
72271
72272
72276
72277
72280
72281
72285
72286
72288
72289
72298
72308
72310
72312
72314
72315
72318
72322
72328
72343
72345
72346
72347
72348
72350
72360
72361
72364
72365
72371
72378
72381
72384
72385
72390
72393
72396
72398
72402
72403
72405
72410
72413
72414
72416
72419
72421
72427
72431
72442
72443
72444
72448
72452
72454
72455
72461
72464
72470
72472
72473
72477
72479
72483
72485
72490
72493
72500
72503
72504
72510
72514
72518
72526
72527
72530
72531
72537
72541
72543
72544
72547
72549
72550
72553
72556
72559
72567
72569
72571
72579
72586
72589
72594
72595
72597
72606
72607
72611
72613
72619
72620
72624
72626
72630
72631
72632
72635
72636
72637
72639
72645
72646
72653
72657
72667
72669
72670
72674
72676
72677
72681
72682
72691
72694
72697
72699
72707
72708
72710
72711
72713
72716
72717
72719
72720
72724
72726
72727
72729
72731
72735
72741
72745
72749
72751
72754
72755
72756
72757
72759
72760
72762
72763
72766
72768
72771
72772
72776
72780
72781
72782
72783
72787
72790
72791
72792
72796
72799
72800
72803
72805
72809
72812
72814
72817
72826
72833
72836
72837
72838
72840
72854
72855
72858
72859
72861
72867
72868
72869
72870
72873
72874
72875
72878
72879
72883
72885
72887
72906
72909
72910
72911
72916
72917
72918
72921
72924
72934
72938
72940
72943
72945
72948
72954
72958
72960
72963
72964
72965
72966
72967
72968
72980
72981
72984
72987
72996
72998
73005
73009
73013
73014
73016
73017
73019
73021
73022
73029
73032
73033
73034
73038
73046
73047
73048
73054
73055
73056
73057
73058
73059
73067
73068
73073
73074
73078
73081
73087
73089
73092
73093
73097
73102
73106
73110
73111
73113
73114
73116
73117
73118
73119
73120
73123
73127
73129
73130
73135
73139
73141
73145
73146
73150
73152
73157
73160
73161
73162
73165
73167
73170
73171
73172
73173
73174
73175
73176
73178
73179
73180
73182
73187
73193
73194
73195
73197
73201
73202
73204
73206
73209
73211
73213
73215
73219
73220
73223
73227
73232
73234
73236
73237
73240
73241
73246
73250
73255
73256
73260
73261
73262
73265
73267
73272
73279
73280
73285
73288
73289
73292
73293
73294
73299
73302
73304
73307
73308
73313
73314
73315
73316
73318
73331
73335
73336
73341
73342
73343
73345
73350
73355
73356
73360
73361
73377
73381
73387
73391
73397
73399
73401
73403
73404
73405
73406
73412
73413
73414
73415
73416
73418
73420
73421
73424
73425
73427
73431
73433
73435
73440
73442
73447
73451
73453
73455
73457
73458
73461
73463
73470
73472
73477
73478
73481
73484
73486
73489
73492
73495
73501
73502
73503
73504
73507
73508
73516
73520
73524
73531
73532
73533
73535
73536
73541
73544
73546
73547
73549
73550
73555
73557
73558
73560
73561
73566
73573
73574
73575
73576
73580
73589
73595
73596
73598
73602
73606
73610
73612
73613
73619
73620
73621
73623
73624
73627
73634
73635
73640
73643
73647
73654
73660
73661
73666
73670
73671
73673
73675
73676
73677
73678
73681
73682
73688
73690
73691
73693
73695
73696
73699
73705
73707
73709
73720
73723
73732
73741
73743
73744
73749
73752
73755
73756
73758
73761
73764
73775
73778
73779
73784
73786
73788
73789
73791
73792
73794
73798
73801
73802
73803
73804
73814
73815
73819
73820
73825
73828
73830
73833
73835
73840
73846
73858
73859
73860
73867
73869
73870
73872
73873
73874
73875
73879
73883
73887
73892
73893
73896
73898
73900
73908
73909
73913
73916
73922
73923
73930
73940
73941
73944
73946
73948
73950
73951
73952
73956
73957
73959
73965
73966
73971
73972
73973
73974
73975
73976
73977
73982
73992
73995
73998
74001
74004
74006
74011
74012
74027
74028
74031
74034
74039
74041
74042
74047
74048
74050
74054
74055
74056
74062
74063
74069
74071
74075
74078
74081
74082
74086
74088
74089
74094
74096
74098
74100
74104
74106
74107
74110
74111
74112
74117
74120
74128
74131
74133
74135
74137
74139
74140
74145
74150
74151
74152
74153
74159
74161
74162
74163
74168
74177
74179
74180
74182
74183
74189
74193
74194
74196
74197
74201
74202
74203
74204
74211
74216
74221
74223
74224
74225
74229
74230
74235
74236
74238
74239
74240
74241
74243
74250
74252
74254
74258
74263
74264
74268
74270
74282
74286
74291
74298
74302
74304
74307
74308
74314
74319
74320
74321
74322
74324
74325
74327
74328
74330
74334
74336
74345
74350
74355
74357
74361
74363
74366
74374
74376
74381
74383
74385
74386
74391
74397
74399
74401
74402
74404
74420
74423
74430
74441
74443
74444
74447
74449
74451
74455
74457
74464
74468
74469
74470
74477
74482
74483
74484
74486
74487
74488
74489
74493
74498
74499
74501
74504
74505
74506
74515
74520
74525
74526
74528
74533
74537
74542
74544
74550
74553
74554
74556
74558
74562
74565
74568
74571
74574
74577
74579
74580
74581
74587
74591
74593
74596
74599
74604
74607
74609
74612
74614
74626
74634
74636
74641
74643
74644
74647
74648
74649
74652
74653
74656
74661
74667
74669
74670
74671
74680
74681
74686
74687
74688
74689
74691
74697
74701
74708
74710
74712
74713
74715
74716
74717
74718
74720
74724
74725
74726
74728
74730
74731
74734
74735
74736
74743
74749
74750
74751
74755
74756
74757
74762
74767
74770
74773
74775
74776
74777
74781
74782
74784
74789
74792
74793
74794
74799
74801
74803
74804
74807
74808
74811
74814
74817
74818
74828
74831
74833
74837
74839
74840
74843
74849
74852
74854
74860
74863
74864
74872
74875
74876
74877
74885
74895
74897
74902
74903
74907
74909
74911
74913
74921
74922
74923
74924
74927
74928
74931
74934
74936
74939
74940
74943
74944
74945
74946
74956
74958
74959
74963
74966
74967
74969
74970
74972
74976
74979
74986
74988
74990
74991
74992
74993
74994
74995
74996
75000
75003
75007
75008
75012
75014
75015
75017
75021
75026
75027
75028
75029
75032
75033
75035
75040
75048
75049
75051
75054
75058
75062
75066
75068
75072
75074
75079
75081
75086
75087
75089
75092
75094
75102
75103
75104
75105
75106
75108
75110
75115
75121
75122
75123
75125
75129
75130
75131
75135
75136
75139
75140
75143
75150
75152
75166
75174
75175
75177
75178
75179
75180
75182
75183
75185
75188
75189
75190
75191
75196
75197
75200
75203
75204
75207
75218
75219
75220
75222
75223
75226
75230
75232
75235
75237
75243
75248
75249
75257
75258
75259
75260
75261
75264
75265
75266
75267
75272
75275
75276
75279
75281
75282
75290
75292
75293
75297
75305
75307
75308
75309
75310
75311
75314
75317
75318
75320
75322
75323
75324
75326
75327
75328
75330
75335
75336
75337
75338
75339
75340
75342
75343
75345
75352
75354
75355
75357
75361
75362
75364
75366
75370
75371
75372
75375
75379
75380
75381
75389
75391
75394
75395
75396
75398
75400
75401
75404
75415
75419
75420
75422
75425
75426
75429
75431
75432
75433
75438
75440
75446
75447
75449
75452
75454
75457
75458
75461
75462
75463
75465
75468
75469
75471
75472
75475
75477
75478
75486
75489
75490
75491
75492
75493
75494
75495
75496
75499
75503
75504
75505
75506
75507
75509
75512
75515
75516
75519
75520
75522
75527
75528
75530
75541
75544
75545
75548
75549
75555
75556
75558
75561
75579
75580
75581
75583
75587
75592
75593
75599
75600
75601
75604
75605
75606
75608
75613
75618
75619
75620
75622
75625
75626
75627
75629
75634
75637
75639
75649
75652
75655
75656
75657
75658
75672
75673
75674
75682
75685
75689
75690
75693
75699
75701
75702
75705
75707
75711
75713
75714
75715
75716
75720
75721
75724
75725
75731
75737
75739
75740
75741
75745
75751
75759
75761
75766
75767
75771
75776
75778
75789
75791
75792
75793
75800
75804
75807
75809
75810
75812
75814
75815
75829
75830
75831
75833
75835
75838
75843
75848
75851
75853
75855
75858
75860
75862
75865
75874
75878
75879
75880
75881
75882
75884
75888
75889
75892
75897
75899
75900
75907
75918
75920
75921
75925
75927
75931
75936
75953
75955
75958
75959
75964
75966
75971
75973
75977
75979
75987
75989
75994
76002
76006
76007
76008
76011
76015
76018
76023
76029
76033
76035
76037
76039
76040
76045
76046
76048
76049
76050
76052
76056
76058
76064
76066
76067
76068
76069
76070
76071
76074
76077
76078
76079
76081
76084
76086
76089
76092
76095
76100
76102
76104
76108
76113
76116
76123
76129
76130
76134
76138
76142
76144
76145
76147
76149
76151
76153
76154
76155
76158
76159
76160
76165
76168
76180
76184
76192
76195
76197
76199
76201
76204
76208
76217
76223
76225
76227
76228
76229
76230
76234
76246
76249
76255
76258
76260
76261
76264
76270
76274
76278
76281
76282
76289
76292
76295
76296
76298
76300
76303
76306
76308
76310
76322
76339
76342
76346
76348
76353
76358
76359
76360
76361
76364
76365
76366
76367
76368
76370
76371
76373
76381
76382
76385
76387
76388
76389
76392
76399
76401
76402
76403
76404
76405
76409
76410
76411
76431
76433
76435
76436
76443
76445
76457
76458
76463
76467
76471
76475
76478
76487
76488
76489
76491
76496
76498
76500
76503
76504
76506
76511
76512
76514
76515
76521
76527
76530
76531
76536
76539
76542
76543
76546
76548
76561
76563
76564
76565
76570
76574
76578
76579
76582
76584
76588
76591
76594
76599
76606
76615
76616
76617
76622
76624
76626
76634
76636
76637
76641
76644
76646
76647
76648
76651
76653
76656
76658
76659
76660
76664
76667
76669
76673
76674
76675
76677
76680
76693
76696
76697
76698
76706
76707
76709
76711
76712
76713
76714
76716
76717
76721
76729
76730
76732
76734
76735
76736
76738
76741
76742
76743
76751
76752
76753
76754
76756
76759
76760
76762
76763
76765
76768
76775
76776
76781
76786
76787
76791
76793
76794
76798
76800
76802
76803
76805
76806
76813
76818
76819
76821
76823
76827
76828
76831
76836
76839
76842
76847
76849
76852
76853
76855
76858
76862
76865
76867
76868
76873
76874
76878
76880
76883
76888
76891
76901
76906
76907
76916
76917
76926
76932
76939
76940
76941
76944
76945
76946
76951
76952
76954
76957
76959
76961
76963
76964
76967
76971
76978
76980
76982
76988
76990
76991
76996
77004
77006
77012
77013
77016
77017
77021
77023
77026
77028
77030
77031
77033
77036
77039
77042
77043
77046
77047
77051
77061
77063
77064
77065
77067
77074
77075
77080
77082
77088
77089
77091
77092
77104
77105
77106
77107
77112
77114
77117
77120
77122
77127
77130
77134
77138
77140
77141
77142
77143
77145
77149
77150
77154
77157
77158
77165
77167
77169
77170
77176
77180
77181
77182
77183
77184
77193
77196
77198
77202
77209
77212
77216
77217
77218
77220
77227
77228
77234
77235
77237
77243
77244
77245
77249
77250
77252
77255
77256
77258
77260
77263
77265
77267
77268
77269
77271
77272
77278
77281
77282
77290
77291
77292
77293
77295
77299
77302
77303
77305
77306
77307
77309
77311
77312
77316
77318
77320
77322
77323
77330
77333
77338
77339
77340
77344
77349
77352
77353
77354
77356
77357
77358
77363
77364
77365
77369
77370
77375
77379
77380
77383
77385
77391
77393
77397
77402
77403
77405
77410
77413
77420
77421
77423
77429
77432
77434
77440
77443
77444
77446
77450
77454
77456
77462
77463
77464
77466
77467
77470
77474
77484
77489
77498
77506
77508
77512
77516
77517
77518
77524
77528
77533
77538
77539
77544
77546
77550
77558
77560
77562
77564
77573
77579
77586
77588
77590
77594
77595
77598
77600
77602
77603
77607
77612
77613
77614
77615
77616
77620
77621
77624
77625
77626
77632
77635
77646
77653
77663
77664
77673
77676
77677
77689
77690
77691
77694
77698
77701
77702
77704
77708
77714
77717
77719
77721
77724
77725
77731
77732
77733
77742
77743
77747
77750
77754
77755
77758
77760
77761
77769
77770
77771
77773
77774
77775
77782
77785
77786
77791
77796
77802
77807
77808
77810
77819
77822
77823
77829
77830
77848
77849
77850
77851
77854
77860
77862
77864
77869
77870
77874
77879
77881
77882
77884
77885
77886
77889
77912
77913
77918
77920
77923
77924
77930
77932
77933
77937
77939
77942
77944
77947
77948
77949
77951
77952
77960
77971
77975
77977
77979
77980
77985
77986
77987
77990
77991
77999
78000
78001
78002
78003
78008
78012
78016
78019
78020
78022
78025
78026
78029
78033
78034
78039
78040
78041
78043
78046
78054
78060
78062
78064
78069
78073
78074
78077
78080
78087
78091
78093
78096
78098
78105
78106
78108
78111
78118
78119
78122
78126
78128
78130
78132
78134
78140
78143
78147
78148
78157
78161
78163
78165
78169
78170
78177
78179
78183
78185
78186
78187
78196
78197
78198
78200
78205
78208
78210
78211
78219
78222
78223
78226
78230
78232
78234
78242
78245
78248
78249
78253
78255
78256
78257
78258
78261
78263
78273
78275
78276
78280
78282
78284
78285
78286
78288
78289
78290
78292
78296
78297
78298
78299
78300
78304
78305
78306
78307
78312
78313
78315
78316
78319
78320
78322
78323
78327
78333
78334
78341
78342
78347
78349
78352
78355
78358
78359
78361
78364
78365
78367
78370
78375
78379
78380
78382
78384
78387
78391
78397
78400
78403
78406
78407
78413
78417
78419
78420
78437
78440
78444
78448
78449
78457
78458
78462
78464
78465
78473
78478
78482
78485
78487
78488
78489
78490
78493
78501
78503
78506
78514
78515
78516
78517
78521
78523
78526
78530
78533
78535
78537
78547
78549
78554
78556
78559
78560
78567
78570
78572
78573
78574
78576
78583
78585
78587
78589
78593
78595
78599
78603
78606
78611
78617
78620
78621
78625
78628
78631
78636
78637
78638
78643
78669
78675
78683
78685
78687
78695
78697
78699
78700
78705
78708
78711
78713
78719
78720
78724
78725
78736
78741
78744
78747
78750
78751
78766
78767
78768
78770
78774
78777
78781
78785
78787
78790
78791
78795
78802
78803
78805
78809
78811
78816
78823
78826
78827
78837
78838
78844
78845
78847
78848
78851
78858
78860
78865
78869
78878
78885
78891
78893
78898
78901
78905
78913
78915
78919
78920
78923
78928
78929
78931
78932
78934
78935
78937
78938
78947
78950
78951
78952
78954
78955
78956
78971
78979
78982
78984
78990
78991
78992
78994
78997
79000
79011
79015
79016
79017
79018
79023
79024
79029
79031
79033
79036
79037
79044
79045
79046
79049
79052
79053
79054
79057
79058
79062
79071
79073
79077
79084
79086
79088
79091
79094
79098
79103
79113
79114
79115
79118
79119
79123
79126
79132
79138
79139
79140
79141
79143
79147
79149
79150
79152
79154
79155
79164
79165
79167
79170
79173
79174
79182
79184
79185
79186
79195
79201
79204
79207
79210
79211
79213
79214
79217
79219
79220
79221
79222
79232
79237
79239
79241
79242
79243
79248
79254
79258
79259
79260
79266
79268
79272
79273
79277
79280
79281
79285
79286
79289
79298
79300
79301
79305
79307
79310
79312
79318
79320
79321
79326
79327
79328
79330
79331
79336
79338
79342
79358
79366
79370
79372
79375
79376
79377
79381
79386
79388
79394
79395
79399
79405
79408
79414
79420
79423
79426
79428
79433
79434
79435
79440
79445
79446
79449
79450
79457
79460
79470
79471
79476
79477
79478
79482
79483
79484
79490
79497
79500
79502
79503
79504
79506
79510
79512
79513
79515
79517
79524
79525
79526
79527
79531
79534
79538
79547
79550
79551
79559
79562
79567
79569
79573
79575
79581
79584
79589
79596
79597
79604
79608
79609
79610
79621
79622
79623
79624
79627
79629
79630
79631
79635
79636
79639
79643
79649
79651
79655
79657
79659
79661
79664
79665
79666
79668
79677
79679
79690
79694
79697
79698
79703
79705
79707
79709
79710
79712
79721
79723
79724
79726
79733
79736
79738
79739
79740
79742
79744
79749
79750
79751
79752
79754
79756
79757
79761
79762
79764
79765
79767
79770
79774
79775
79781
79783
79789
79790
79795
79810
79816
79817
79819
79820
79823
79826
79830
79835
79837
79840
79841
79850
79852
79854
79858
79863
79868
79869
79870
79872
79873
79880
79881
79885
79892
79898
79900
79911
79913
79918
79922
79925
79930
79933
79937
79940
79944
79946
79947
79948
79949
79956
79957
79961
79965
79968
79969
79971
79972
79973
79981
79987
79990
79993
79994
79998
80000
80009
80010
80011
80012
80018
80019
80021
80025
80032
80037
80042
80045
80047
80050
80053
80054
80055
80058
80059
80060
80065
80068
80071
80072
80082
80084
80086
80088
80089
80091
80096
80100
80103
80105
80107
80109
80111
80113
80115
80116
80123
80126
80131
80132
80133
80137
80138
80139
80152
80153
80154
80158
80160
80165
80173
80174
80176
80187
80188
80189
80190
80195
80196
80203
80211
80218
80222
80224
80234
80239
80240
80243
80244
80246
80255
80257
80266
80270
80277
80278
80279
80289
80291
80295
80301
80303
80313
80314
80316
80317
80321
80327
80330
80331
80335
80336
80337
80338
80342
80344
80347
80350
80351
80352
80353
80357
80358
80361
80363
80365
80368
80369
80376
80379
80384
80387
80390
80393
80395
80403
80405
80406
80412
80414
80416
80417
80419
80421
80423
80425
80426
80431
80432
80436
80439
80440
80446
80447
80451
80456
80457
80459
80464
80466
80470
80472
80476
80478
80479
80483
80486
80487
80490
80496
80500
80501
80505
80511
80513
80516
80522
80523
80524
80525
80527
80529
80532
80534
80537
80542
80543
80552
80553
80556
80557
80558
80559
80560
80562
80563
80566
80569
80570
80572
80576
80579
80583
80589
80590
80597
80602
80606
80608
80612
80625
80627
80636
80638
80640
80643
80646
80650
80653
80661
80669
80671
80673
80681
80683
80684
80685
80688
80692
80695
80696
80697
80699
80706
80711
80717
80719
80722
80723
80724
80728
80731
80732
80736
80737
80740
80743
80745
80747
80756
80757
80761
80763
80776
80785
80789
80797
80798
80800
80801
80807
80815
80816
80817
80818
80820
80823
80830
80831
80832
80835
80837
80842
80844
80846
80849
80851
80852
80854
80858
80860
80867
80868
80870
80872
80890
80892
80895
80898
80900
80904
80915
80916
80919
80922
80928
80931
80935
80939
80940
80943
80946
80949
80952
80957
80960
80963
80968
80972
80973
80975
80983
80986
80988
80992
80993
80999
81007
81009
81010
81015
81016
81020
81021
81026
81034
81036
81037
81042
81043
81054
81060
81065
81066
81077
81080
81083
81085
81087
81088
81093
81096
81098
81100
81101
81108
81109
81112
81113
81116
81117
81119
81123
81124
81126
81137
81139
81142
81146
81159
81160
81161
81165
81167
81168
81175
81181
81183
81185
81187
81188
81189
81193
81194
81197
81199
81203
81204
81210
81211
81212
81218
81219
81222
81225
81228
81231
81233
81236
81246
81250
81253
81257
81264
81266
81269
81273
81276
81279
81280
81281
81284
81287
81288
81292
81293
81294
81295
81296
81303
81304
81316
81321
81322
81325
81333
81336
81339
81340
81342
81344
81345
81347
81348
81349
81350
81351
81353
81354
81355
81356
81359
81361
81362
81364
81367
81368
81374
81380
81385
81391
81392
81394
81395
81396
81400
81401
81403
81406
81411
81414
81420
81425
81427
81433
81434
81439
81446
81450
81456
81457
81472
81473
81475
81477
81479
81480
81481
81482
81485
81486
81487
81489
81490
81491
81494
81495
81497
81498
81500
81501
81505
81509
81510
81519
81520
81522
81525
81527
81528
81530
81532
81537
81539
81541
81547
81549
81551
81555
81556
81558
81560
81566
81572
81574
81576
81579
81580
81581
81582
81585
81586
81587
81588
81589
81592
81596
81605
81614
81615
81617
81618
81620
81624
81629
81634
81637
81638
81639
81642
81644
81645
81646
81648
81652
81654
81658
81663
81665
81669
81673
81680
81681
81684
81704
81705
81708
81715
81718
81720
81722
81726
81727
81730
81731
81748
81750
81752
81755
81756
81760
81761
81769
81770
81773
81779
81783
81784
81786
81787
81796
81797
81798
81800
81810
81811
81814
81819
81827
81837
81841
81842
81845
81857
81858
81859
81860
81870
81872
81873
81885
81886
81894
81896
81897
81898
81902
81905
81908
81910
81924
81925
81929
81930
81936
81937
81938
81944
81954
81961
81963
81966
81970
81973
81977
81978
81984
81987
81988
81989
81992
81994
82000
82004
82007
82010
82015
82017
82018
82023
82024
82035
82038
82040
82042
82047
82049
82054
82061
82064
82066
82067
82071
82072
82073
82074
82076
82089
82092
82094
82095
82099
82105
82106
82111
82112
82113
82115
82116
82124
82127
82134
82135
82139
82140
82147
82149
82151
82156
82157
82159
82160
82162
82168
82170
82172
82173
82180
82184
82188
82189
82194
82197
82200
82201
82202
82206
82207
82210
82212
82218
82220
82225
82228
82229
82236
82237
82241
82242
82243
82248
82251
82253
82254
82257
82269
82271
82272
82275
82276
82278
82279
82286
82287
82293
82297
82299
82301
82306
82311
82320
82322
82323
82324
82325
82334
82337
82348
82349
82353
82355
82358
82359
82362
82363
82369
82377
82381
82382
82384
82385
82386
82388
82389
82390
82391
82396
82397
82398
82400
82405
82409
82415
82418
82421
82422
82426
82428
82431
82432
82434
82435
82436
82440
82444
82454
82455
82459
82460
82461
82464
82466
82470
82478
82479
82484
82485
82489
82493
82496
82497
82501
82505
82511
82512
82515
82518
82520
82526
82529
82531
82532
82537
82539
82541
82544
82549
82555
82558
82561
82563
82570
82573
82585
82586
82591
82598
82601
82602
82604
82608
82610
82615
82617
82619
82622
82628
82630
82632
82634
82637
82643
82644
82646
82651
82652
82661
82670
82672
82674
82677
82680
82685
82687
82688
82693
82696
82698
82699
82702
82704
82710
82712
82717
82718
82721
82723
82729
82730
82732
82733
82747
82755
82756
82760
82767
82773
82777
82778
82782
82785
82793
82799
82800
82802
82804
82808
82811
82816
82819
82823
82833
82835
82841
82850
82857
82858
82864
82866
82867
82868
82875
82879
82881
82891
82892
82898
82899
82902
82905
82907
82908
82915
82916
82921
82923
82924
82926
82930
82931
82933
82934
82937
82938
82939
82943
82950
82954
82956
82959
82960
82972
82975
82977
82978
82979
82980
82984
82987
82989
82991
82996
82999
83004
83006
83008
83011
83012
83015
83019
83023
83026
83042
83045
83047
83052
83056
83060
83072
83073
83075
83076
83080
83081
83082
83083
83084
83096
83098
83099
83101
83106
83108
83110
83111
83113
83114
83115
83117
83122
83123
83131
83132
83144
83146
83150
83152
83153
83154
83155
83157
83158
83160
83166
83167
83168
83185
83186
83193
83197
83198
83201
83208
83212
83214
83218
83220
83223
83225
83226
83228
83229
83230
83233
83241
83245
83246
83258
83260
83262
83264
83267
83270
83272
83274
83275
83278
83286
83288
83290
83305
83312
83313
83321
83322
83327
83331
83336
83342
83347
83352
83354
83355
83359
83361
83372
83374
83379
83390
83391
83394
83398
83412
83417
83421
83422
83427
83428
83434
83437
83440
83441
83443
83445
83449
83452
83457
83462
83465
83469
83477
83485
83486
83487
83489
83492
83493
83495
83499
83501
83503
83509
83512
83513
83514
83517
83519
83520
83521
83523
83526
83530
83531
83534
83535
83538
83542
83546
83548
83551
83552
83553
83554
83557
83559
83562
83565
83567
83568
83574
83576
83578
83582
83585
83590
83592
83593
83599
83602
83603
83606
83608
83609
83613
83616
83617
83618
83620
83626
83627
83631
83632
83633
83636
83639
83642
83647
83648
83650
83652
83660
83662
83663
83667
83671
83673
83677
83681
83686
83695
83698
83704
83706
83708
83711
83712
83714
83716
83717
83719
83729
83739
83743
83750
83754
83757
83758
83762
83764
83765
83770
83778
83781
83782
83784
83790
83793
83795
83797
83800
83808
83812
83814
83817
83823
83824
83838
83841
83847
83848
83849
83853
83855
83857
83858
83863
83866
83871
83876
83879
83881
83882
83885
83889
83893
83895
83896
83901
83902
83905
83907
83909
83920
83921
83928
83929
83930
83932
83934
83938
83947
83949
83951
83952
83957
83964
83967
83971
83973
83974
83975
83977
83982
83985
83986
83994
84008
84010
84012
84014
84026
84027
84029
84037
84040
84041
84044
84048
84050
84060
84068
84069
84071
84072
84074
84076
84079
84084
84086
84092
84095
84097
84099
84106
84107
84109
84112
84113
84114
84116
84120
84124
84130
84134
84135
84150
84152
84160
84163
84164
84176
84185
84186
84189
84192
84194
84195
84199
84201
84203
84209
84212
84218
84220
84222
84225
84226
84228
84229
84232
84234
84237
84239
84243
84244
84247
84249
84250
84257
84265
84267
84271
84272
84273
84274
84275
84277
84282
84286
84295
84298
84301
84302
84303
84309
84310
84311
84314
84323
84324
84331
84332
84338
84340
84348
84352
84357
84361
84362
84363
84364
84367
84369
84381
84384
84387
84389
84390
84391
84393
84395
84396
84401
84404
84407
84408
84418
84419
84422
84425
84426
84429
84433
84435
84441
84443
84445
84448
84450
84452
84455
84457
84458
84464
84466
84469
84473
84474
84477
84481
84484
84488
84494
84495
84497
84500
84501
84502
84504
84507
84508
84513
84529
84532
84536
84540
84541
84545
84546
84550
84554
84562
84563
84565
84571
84575
84576
84577
84580
84582
84589
84591
84592
84595
84601
84604
84609
84612
84618
84623
84624
84628
84634
84635
84637
84638
84640
84642
84643
84644
84646
84655
84658
84661
84664
84670
84678
84681
84686
84691
84698
84707
84709
84714
84715
84717
84718
84720
84721
84723
84727
84728
84736
84744
84745
84746
84748
84749
84751
84755
84760
84762
84766
84767
84768
84770
84772
84776
84779
84780
84787
84788
84791
84796
84801
84805
84810
84811
84815
84816
84817
84818
84819
84823
84824
84828
84833
84836
84839
84845
84865
84866
84872
84874
84875
84878
84887
84889
84890
84891
84895
84898
84901
84905
84906
84909
84910
84916
84917
84919
84921
84923
84926
84930
84931
84932
84934
84935
84938
84941
84944
84948
84951
84954
84964
84969
84972
84974
84976
84982
85000
85001
85005
85014
85016
85021
85023
85024
85025
85031
85037
85040
85042
85043
85050
85054
85057
85062
85072
85073
85074
85075
85084
85086
85088
85092
85095
85101
85105
85111
85119
85120
85123
85126
85139
85144
85145
85146
85154
85156
85160
85163
85166
85175
85177
85178
85181
85183
85186
85187
85189
85190
85193
85194
85196
85200
85210
85212
85218
85222
85223
85224
85227
85228
85234
85236
85238
85248
85249
85250
85252
85254
85256
85257
85266
85267
85281
85284
85285
85286
85288
85289
85292
85295
85298
85300
85305
85319
85322
85324
85339
85343
85347
85353
85354
85357
85358
85361
85363
85365
85366
85367
85376
85377
85378
85381
85382
85383
85384
85392
85403
85404
85406
85408
85410
85416
85419
85421
85425
85428
85429
85434
85436
85437
85446
85458
85460
85464
85465
85469
85471
85473
85475
85476
85477
85482
85486
85491
85495
85497
85501
85502
85503
85505
85510
85514
85517
85518
85527
85529
85542
85549
85551
85557
85559
85562
85569
85571
85585
85586
85596
85597
85598
85599
85600
85601
85603
85608
85612
85613
85614
85615
85616
85617
85619
85620
85621
85623
85625
85632
85634
85639
85643
85644
85646
85647
85649
85657
85660
85662
85666
85671
85673
85676
85677
85679
85681
85683
85686
85690
85703
85721
85723
85728
85735
85739
85744
85745
85747
85750
85757
85759
85760
85763
85765
85769
85770
85773
85774
85775
85776
85783
85784
85789
85791
85795
85797
85802
85804
85806
85811
85813
85815
85817
85820
85821
85823
85830
85831
85832
85836
85838
85843
85849
85850
85858
85862
85863
85864
85868
85870
85875
85877
85881
85886
85891
85895
85898
85901
85903
85904
85905
85906
85910
85912
85917
85929
85938
85941
85943
85946
85950
85951
85957
85958
85962
85966
85975
85978
85979
85982
85983
85984
85986
85987
85993
85994
86000
86003
86004
86006
86007
86011
86016
86017
86018
86024
86034
86035
86037
86039
86043
86045
86047
86055
86062
86064
86072
86074
86077
86080
86084
86091
86100
86105
86106
86110
86115
86116
86117
86120
86121
86122
86124
86126
86130
86133
86135
86142
86143
86145
86151
86153
86155
86158
86166
86169
86170
86184
86186
86193
86196
86201
86204
86210
86212
86214
86216
86217
86219
86220
86223
86225
86226
86227
86231
86232
86236
86250
86254
86258
86261
86265
86268
86272
86274
86280
86286
86287
86294
86295
86297
86300
86302
86303
86305
86306
86307
86308
86316
86317
86321
86323
86325
86326
86329
86330
86335
86338
86340
86343
86344
86348
86354
86355
86364
86365
86366
86370
86372
86373
86376
86377
86378
86379
86385
86387
86389
86394
86400
86402
86403
86405
86408
86410
86412
86414
86416
86418
86420
86424
86425
86433
86436
86440
86442
86443
86445
86448
86452
86455
86463
86468
86469
86472
86473
86478
86479
86491
86499
86502
86504
86508
86511
86512
86513
86514
86518
86520
86522
86523
86526
86527
86528
86531
86534
86536
86538
86541
86542
86543
86544
86546
86549
86550
86555
86560
86562
86569
86570
86573
86585
86586
86587
86591
86595
86598
86602
86607
86608
86611
86615
86616
86621
86622
86623
86626
86630
86631
86635
86636
86641
86642
86646
86648
86653
86655
86659
86662
86665
86667
86671
86675
86679
86695
86697
86704
86707
86708
86711
86715
86717
86720
86724
86725
86730
86731
86740
86742
86745
86746
86750
86751
86753
86756
86760
86763
86764
86770
86771
86776
86777
86779
86780
86787
86795
86799
86802
86806
86809
86811
86812
86813
86814
86816
86825
86829
86840
86844
86849
86851
86853
86865
86867
86868
86869
86870
86882
86883
86890
86891
86892
86894
86897
86906
86907
86908
86914
86916
86924
86926
86934
86938
86944
86948
86951
86957
86962
86966
86967
86970
86982
86983
86988
86990
86997
86999
87006
87007
87008
87009
87011
87013
87019
87020
87030
87033
87045
87047
87054
87055
87064
87066
87069
87075
87076
87081
87086
87089
87096
87098
87099
87104
87106
87109
87110
87115
87116
87117
87119
87120
87128
87129
87130
87132
87138
87140
87147
87150
87155
87157
87160
87166
87171
87172
87173
87174
87175
87179
87181
87187
87190
87194
87197
87203
87206
87207
87208
87214
87228
87229
87237
87241
87242
87244
87245
87247
87250
87256
87257
87262
87266
87269
87274
87275
87278
87279
87293
87301
87303
87309
87311
87313
87314
87317
87319
87322
87326
87327
87330
87336
87338
87341
87342
87350
87351
87354
87357
87360
87363
87364
87365
87367
87369
87370
87374
87377
87378
87379
87382
87392
87393
87395
87396
87398
87410
87413
87416
87422
87423
87425
87429
87433
87435
87438
87442
87443
87444
87445
87447
87460
87464
87465
87470
87471
87477
87480
87481
87485
87500
87502
87506
87508
87512
87513
87520
87522
87528
87533
87543
87546
87547
87554
87557
87558
87565
87567
87568
87569
87572
87576
87578
87579
87582
87593
87599
87600
87604
87606
87607
87608
87609
87610
87616
87619
87623
87624
87625
87627
87641
87643
87644
87649
87650
87656
87659
87662
87663
87667
87668
87670
87672
87680
87682
87687
87689
87694
87695
87701
87703
87706
87709
87710
87715
87716
87719
87723
87725
87731
87732
87737
87740
87743
87748
87749
87751
87756
87757
87759
87760
87761
87773
87774
87775
87778
87779
87780
87781
87783
87784
87785
87791
87792
87795
87797
87804
87807
87811
87814
87817
87819
87822
87825
87826
87828
87829
87830
87834
87838
87841
87849
87855
87867
87869
87870
87871
87882
87883
87884
87888
87890
87892
87894
87900
87905
87907
87910
87922
87923
87927
87928
87930
87933
87936
87939
87941
87946
87952
87953
87956
87959
87960
87964
87965
87967
87970
87972
87973
87976
87980
87984
87986
87990
87991
87995
87996
87999
88004
88010
88013
88015
88017
88022
88027
88034
88037
88038
88043
88045
88055
88059
88061
88064
88071
88072
88073
88075
88081
88085
88086
88088
88090
88091
88092
88095
88098
88104
88108
88110
88118
88119
88121
88125
88130
88132
88133
88138
88142
88144
88146
88149
88156
88158
88162
88164
88166
88173
88178
88180
88181
88182
88183
88185
88186
88191
88193
88194
88195
88198
88200
88201
88205
88215
88216
88217
88218
88223
88228
88232
88243
88247
88251
88257
88259
88262
88268
88274
88278
88279
88281
88282
88290
88294
88295
88300
88301
88308
88310
88311
88313
88318
88321
88322
88325
88326
88328
88337
88340
88341
88350
88351
88353
88357
88361
88362
88367
88375
88378
88379
88383
88385
88387
88392
88396
88401
88408
88418
88419
88422
88423
88425
88428
88429
88442
88445
88449
88451
88452
88455
88456
88458
88460
88461
88463
88465
88466
88474
88475
88476
88477
88478
88480
88484
88485
88490
88501
88502
88507
88512
88513
88515
88522
88528
88529
88530
88540
88541
88548
88551
88556
88558
88560
88567
88569
88576
88585
88591
88600
88603
88606
88609
88610
88613
88617
88622
88623
88629
88631
88634
88637
88639
88643
88649
88650
88655
88656
88670
88673
88679
88689
88696
88700
88704
88705
88712
88724
88732
88733
88739
88744
88747
88749
88752
88753
88757
88760
88764
88766
88770
88782
88786
88787
88790
88794
88797
88803
88807
88812
88814
88816
88824
88826
88827
88833
88834
88842
88844
88847
88849
88851
88858
88866
88870
88872
88875
88876
88877
88879
88881
88884
88894
88898
88900
88905
88907
88912
88917
88918
88919
88931
88942
88943
88953
88960
88962
88963
88965
88966
88969
88970
88971
88975
88978
88982
88986
88989
88990
88992
88995
88996
88998
88999
89001
89002
89008
89009
89012
89014
89015
89017
89018
89030
89031
89032
89036
89039
89041
89060
89063
89067
89068
89072
89077
89079
89084
89088
89092
89095
89097
89099
89102
89109
89111
89113
89117
89118
89121
89122
89123
89124
89126
89130
89135
89139
89141
89145
89146
89147
89148
89152
89153
89155
89160
89161
89176
89178
89179
89181
89183
89187
89190
89193
89196
89218
89219
89225
89227
89234
89235
89237
89245
89248
89251
89254
89255
89257
89261
89264
89265
89266
89271
89274
89276
89285
89286
89287
89288
89291
89292
89293
89303
89304
89305
89306
89312
89320
89321
89322
89324
89326
89328
89329
89331
89338
89346
89351
89365
89366
89368
89370
89378
89382
89383
89386
89387
89389
89392
89399
89403
89413
89415
89417
89420
89422
89426
89427
89430
89432
89434
89435
89440
89441
89445
89454
89456
89458
89462
89463
89464
89471
89478
89480
89482
89490
89493
89494
89495
89497
89500
89503
89506
89507
89508
89516
89518
89519
89524
89531
89534
89536
89540
89542
89546
89550
89553
89560
89562
89563
89574
89577
89578
89582
89583
89586
89593
89597
89598
89599
89600
89603
89604
89606
89616
89617
89620
89621
89622
89629
89630
89635
89637
89639
89645
89647
89650
89651
89653
89655
89657
89660
89664
89676
89678
89679
89681
89684
89691
89693
89695
89696
89706
89708
89710
89716
89722
89723
89724
89726
89728
89729
89732
89736
89742
89743
89745
89746
89751
89752
89755
89759
89760
89762
89763
89764
89768
89769
89772
89781
89783
89784
89785
89787
89788
89795
89796
89799
89801
89807
89810
89817
89818
89826
89830
89832
89836
89838
89843
89846
89848
89850
89854
89862
89863
89871
89879
89881
89882
89892
89895
89897
89898
89899
89901
89902
89909
89914
89916
89923
89932
89934
89945
89951
89954
89958
89965
89976
89983
89991
89993
89996
89997
89999
90002
90004
90006
90008
90010
90012
90019
90021
90026
90027
90031
90040
90048
90050
90051
90053
90062
90069
90072
90082
90085
90091
90092
90093
90096
90101
90106
90107
90109
90111
90112
90115
90117
90118
90123
90125
90127
90128
90130
90144
90147
90148
90149
90153
90155
90159
90173
90174
90181
90190
90197
90198
90210
90222
90227
90229
90231
90232
90237
90245
90251
90253
90256
90258
90262
90274
90276
90277
90279
90289
90304
90308
90309
90311
90315
90319
90321
90323
90326
90328
90336
90337
90355
90357
90359
90363
90367
90370
90371
90390
90394
90400
90405
90406
90409
90410
90419
90423
90425
90438
90440
90446
90448
90450
90452
90463
90464
90465
90468
90472
90473
90478
90483
90484
90493
90494
90496
90500
90502
90512
90513
90521
90523
90527
90535
90540
90543
90546
90558
90560
90563
90565
90566
90574
90581
90593
90594
90598
90603
90609
90616
90619
90622
90624
90628
90635
90641
90647
90650
90651
90654
90655
90657
90659
90660
90668
90673
90678
90679
90684
90687
90689
90690
90691
90692
90694
90696
90700
90702
90708
90713
90715
90718
90737
90741
90748
90751
90752
90760
90762
90765
90766
90781
90785
90787
90788
90789
90790
90792
90798
90800
90804
90805
90815
90821
90824
90830
90833
90837
90840
90843
90851
90859
90865
90867
90879
90881
90887
90888
90889
90897
90900
90902
90907
90908
90916
90920
90922
90923
90924
90931
90939
90940
90941
90942
90944
90948
90950
90955
90960
90961
90963
90966
90967
90968
90973
90974
90975
90976
90977
90980
90983
90984
90991
90998
90999
91000
91010
91015
91018
91020
91022
91027
91028
91030
91032
91035
91037
91040
91045
91046
91047
91050
91051
91052
91053
91057
91059
91066
91068
91070
91071
91074
91077
91083
91086
91087
91088
91090
91094
91101
91106
91109
91114
91121
91126
91130
91131
91132
91133
91137
91139
91140
91145
91149
91151
91155
91157
91159
91161
91162
91168
91170
91173
91181
91182
91192
91193
91196
91203
91207
91210
91212
91216
91220
91224
91230
91236
91238
91246
91247
91250
91251
91255
91257
91260
91264
91266
91268
91274
91277
91278
91279
91280
91284
91285
91291
91300
91302
91311
91312
91314
91315
91318
91319
91323
91332
91334
91337
91338
91340
91342
91345
91346
91349
91351
91356
91357
91360
91369
91373
91384
91385
91389
91391
91394
91395
91397
91399
91413
91417
91422
91424
91430
91431
91432
91438
91443
91451
91452
91456
91458
91464
91465
91467
91469
91471
91473
91480
91483
91486
91488
91490
91493
91500
91501
91508
91514
91521
91524
91526
91531
91534
91535
91540
91543
91546
91547
91552
91553
91563
91566
91567
91569
91581
91583
91585
91587
91590
91596
91599
91600
91601
91606
91607
91609
91613
91614
91621
91623
91625
91628
91630
91635
91636
91640
91647
91648
91662
91663
91671
91672
91676
91681
91685
91689
91690
91692
91694
91700
91703
91704
91707
91710
91712
91716
91723
91746
91748
91750
91751
91752
91753
91755
91756
91759
91761
91769
91773
91779
91783
91786
91788
91793
91794
91798
91807
91817
91831
91838
91840
91841
91848
91850
91858
91867
91868
91871
91879
91880
91881
91892
91899
91905
91907
91910
91915
91917
91918
91924
91926
91930
91938
91939
91943
91953
91954
91956
91959
91964
91967
91968
91971
91975
91978
91980
91981
91987
91989
91992
91993
92001
92003
92005
92007
92010
92011
92015
92016
92019
92021
92025
92037
92041
92043
92045
92046
92048
92049
92050
92055
92056
92059
92060
92062
92064
92065
92068
92071
92073
92075
92076
92080
92082
92083
92085
92100
92111
92117
92119
92121
92124
92130
92135
92139
92144
92146
92150
92151
92155
92156
92163
92164
92165
92178
92180
92184
92188
92190
92193
92199
92200
92201
92204
92211
92212
92216
92217
92222
92223
92226
92235
92236
92237
92239
92241
92243
92244
92247
92255
92257
92259
92266
92278
92279
92280
92284
92288
92296
92299
92304
92306
92314
92316
92326
92330
92332
92335
92340
92341
92342
92344
92352
92358
92361
92366
92367
92368
92376
92379
92381
92382
92383
92384
92385
92405
92410
92413
92414
92418
92423
92429
92433
92438
92440
92441
92444
92447
92448
92458
92460
92464
92472
92473
92474
92484
92487
92488
92489
92490
92493
92494
92500
92506
92520
92524
92525
92526
92527
92530
92531
92533
92535
92536
92548
92550
92561
92576
92584
92589
92593
92594
92595
92606
92607
92614
92615
92620
92623
92624
92625
92633
92634
92637
92640
92642
92644
92649
92650
92652
92653
92656
92659
92661
92667
92673
92675
92679
92684
92689
92692
92698
92700
92705
92706
92707
92711
92712
92713
92716
92720
92725
92730
92734
92736
92737
92739
92743
92750
92755
92771
92778
92781
92788
92794
92803
92811
92813
92814
92818
92823
92824
92829
92830
92833
92838
92840
92844
92845
92852
92857
92861
92862
92864
92869
92874
92884
92890
92895
92901
92912
92926
92929
92931
92937
92939
92942
92943
92953
92954
92956
92961
92962
92963
92966
92974
92975
92977
92978
92981
92982
92984
92991
92993
92999
93000
93001
93006
93008
93021
93023
93024
93030
93034
93039
93044
93046
93048
93053
93058
93062
93063
93067
93079
93085
93088
93090
93092
93098
93099
93107
93119
93121
93122
93128
93132
93133
93137
93139
93141
93142
93144
93148
93154
93160
93167
93169
93170
93174
93177
93180
93181
93182
93183
93184
93193
93195
93207
93210
93213
93222
93233
93234
93243
93244
93249
93253
93254
93256
93259
93260
93264
93272
93276
93280
93282
93284
93285
93291
93302
93303
93317
93319
93321
93322
93324
93328
93330
93336
93339
93342
93346
93351
93359
93364
93370
93373
93383
93386
93388
93393
93395
93399
93401
93406
93408
93409
93416
93418
93426
93430
93432
93435
93437
93443
93445
93447
93459
93460
93461
93462
93464
93465
93467
93472
93474
93485
93487
93494
93495
93504
93512
93516
93520
93528
93529
93531
93533
93534
93539
93545
93548
93553
93555
93563
93571
93580
93583
93586
93587
93589
93597
93602
93603
93604
93606
93611
93615
93616
93622
93630
93631
93640
93641
93644
93653
93655
93657
93662
93675
93684
93687
93693
93704
93707
93712
93713
93715
93720
93729
93731
93735
93737
93738
93743
93746
93750
93751
93757
93764
93767
93771
93778
93780
93788
93789
93801
93803
93805
93812
93824
93827
93830
93840
93842
93843
93848
93851
93854
93856
93864
93865
93868
93870
93873
93878
93880
93884
93887
93890
93891
93895
93898
93900
93902
93908
93915
93918
93920
93924
93928
93932
93933
93934
93935
93947
93948
93954
93956
93961
93962
93964
93969
93975
93979
93995
93996
93997
94007
94008
94015
94019
94022
94028
94029
94033
94034
94047
94054
94057
94060
94064
94067
94073
94074
94082
94085
94086
94090
94091
94096
94107
94109
94111
94112
94118
94122
94126
94133
94138
94140
94145
94147
94150
94151
94154
94160
94162
94170
94171
94174
94175
94184
94185
94190
94191
94192
94195
94204
94205
94206
94209
94211
94212
94214
94218
94219
94221
94222
94223
94226
94228
94231
94239
94244
94246
94247
94248
94255
94257
94260
94262
94264
94266
94271
94275
94276
94289
94301
94305
94307
94308
94311
94318
94319
94321
94323
94332
94333
94337
94338
94345
94347
94354
94368
94374
94379
94381
94392
94393
94394
94396
94397
94398
94399
94408
94409
94411
94414
94415
94425
94428
94429
94431
94432
94433
94434
94435
94439
94441
94442
94444
94450
94453
94458
94459
94463
94464
94466
94472
94475
94479
94480
94487
94493
94497
94498
94506
94510
94516
94519
94521
94524
94526
94534
94535
94538
94540
94541
94542
94544
94551
94553
94554
94558
94568
94575
94580
94582
94585
94589
94595
94606
94608
94609
94613
94614
94618
94621
94625
94627
94630
94633
94639
94640
94641
94644
94646
94651
94662
94664
94671
94674
94680
94681
94684
94693
94698
94699
94701
94709
94710
94713
94715
94717
94718
94722
94724
94726
94734
94735
94740
94765
94766
94768
94774
94778
94782
94798
94804
94807
94809
94810
94814
94817
94824
94826
94832
94834
94838
94845
94853
94858
94860
94865
94868
94872
94873
94875
94877
94879
94884
94889
94890
94899
94903
94904
94909
94912
94927
94932
94938
94939
94943
94946
94948
94950
94951
94953
94959
94964
94967
94968
94971
94984
94988
94990
94995
94999
95008
95013
95017
95026
95039
95044
95046
95047
95048
95051
95054
95066
95069
95070
95071
95074
95077
95078
95079
95081
95085
95088
95093
95095
95104
95107
95113
95114
95116
95121
95124
95133
95134
95135
95146
95153
95154
95156
95157
95162
95163
95169
95171
95177
95179
95188
95190
95197
95199
95202
95203
95204
95205
95207
95210
95215
95217
95218
95224
95229
95230
95232
95234
95235
95242
95245
95249
95250
95252
95255
95258
95259
95260
95265
95272
95273
95275
95279
95288
95291
95293
95294
95295
95296
95301
95303
95305
95308
95319
95322
95328
95331
95332
95333
95334
95336
95342
95343
95344
95347
95349
95355
95356
95361
95363
95364
95365
95370
95373
95381
95386
95389
95392
95400
95403
95408
95409
95410
95413
95415
95417
95424
95429
95431
95432
95436
95437
95440
95446
95449
95451
95454
95456
95457
95461
95462
95464
95471
95473
95476
95481
95482
95493
95497
95500
95501
95502
95503
95516
95519
95521
95530
95531
95540
95545
95554
95558
95559
95565
95566
95567
95568
95569
95571
95572
95577
95582
95586
95591
95594
95601
95602
95604
95619
95620
95623
95628
95629
95632
95636
95637
95639
95642
95648
95652
95654
95655
95657
95659
95662
95665
95667
95673
95674
95677
95681
95686
95688
95692
95700
95718
95724
95725
95726
95727
95728
95729
95730
95731
95732
95733
95734
95735
95736
95737
95738
95739
95740
95741
95743
95744
95745
95746
95748
95750
95751
95752
95753
95754
95755
95756
95757
95758
95759
95760
95761
95762
95763
95764
95765
95766
95767
95768
95769
95770
95771
95772
95773
95775
95776
95777
95778
95779
95780
95781
95782
95783
95784
95785
95786
95787
95788
95789
95790
95791
95792
95793
95794
95795
95796
95798
95799
95800
95801
95802
95803
95804
95805
95806
95807
95808
95809
95810
95811
95812
95813
95815
95816
95817
95818
95819
95820
95821
95822
95823
95824
95825
95826
95827
95828
95830
95832
95834
95835
95836
95837
95838
95839
95841
95842
95843
95844
95845
95846
95847
95848
95849
95850
95851
95852
95853
95855
95856
95857
95858
95859
95860
95861
95862
95863
95864
95866
95867
95869
95870
95871
95872
95873
95874
95875
95876
95877
95878
95879
95880
95881
95882
95883
95884
95885
95886
95887
95888
95889
95891
95892
95893
95894
95896
95897
95898
95899
95900
95901
95902
95904
95905
95906
95908
95909
95911
95912
95913
95914
95916
95917
95919
95920
95921
95924
95925
95926
95927
95928
95929
95930
95931
95932
95934
95935
95936
95937
95938
95939
95941
95942
95944
95945
95946
95948
95949
95951
95952
95953
95954
95956
95958
95960
95962
95964
95965
95966
95967
95968
95969
95970
95971
95972
95973
95974
95975
95976
95977
95980
95981
95982
95983
95984
95985
95986
95987
95988
95989
95990
95991
95992
95993
95994
95995
95996
95997
95998
95999
96000
96001
96002
96004
96006
96007
96008
96009
96010
96011
96012
96013
96014
96015
96016
96017
96018
96019
96021
96022
96023
96024
96025
96026
96027
96029
96030
96031
96032
96034
96035
96036
96038
96039
96041
96043
96044
96046
96047
96048
96049
96051
96052
96053
96054
96055
96056
96057
96058
96059
96060
96061
96063
96064
96067
96068
96069
96070
96071
96072
96073
96074
96075
96076
96077
96080
96081
96082
96083
96084
96085
96086
96087
96088
96089
96090
96092
96093
96096
96097
96098
96101
96102
96103
96104
96105
96109
96110
96111
96112
96114
96115
96116
96118
96119
96120
96123
96124
96127
96128
96129
96130
96134
96135
96136
96137
96138
96139
96140
96143
96144
96145
96146
96147
96148
96151
96154
96155
96157
96158
96159
96160
96161
96162
96163
96164
96165
96166
96168
96169
96170
96172
96174
96175
96178
96181
96183
96185
96186
96187
96188
96191
96192
96193
96194
96195
96196
96197
96199
96203
96204
96205
96208
96209
96210
96211
96212
96213
96214
96215
96217
96218
96219
96221
96223
96224
96226
96227
96231
96232
96233
96234
96235
96238
96239
96240
96241
96245
96246
96247
96248
96250
96252
96253
96254
96255
96256
96257
96258
96259
96260
96262
96267
96268
96269
96270
96271
96272
96273
96274
96275
96277
96278
96281
96284
96285
96286
96287
96288
96291
96292
96293
96295
96298
96299
96300
96301
96303
96305
96306
96307
96308
96311
96312
96315
96319
96320
96321
96322
96327
96328
96329
96330
96331
96332
96334
96336
96337
96338
96339
96340
96342
96344
96345
96346
96348
96349
96350
96351
96352
96355
96356
96357
96358
96361
96362
96365
96367
96369
96370
96372
96373
96375
96377
96378
96380
96381
96384
96386
96387
96388
96389
96390
96391
96392
96393
96394
96395
96397
96398
96399
96400
96401
96402
96403
96405
96406
96409
96410
96411
96412
96413
96414
96416
96418
96419
96420
96422
96423
96424
96425
96426
96427
96428
96429
96433
96435
96437
96439
96440
96441
96442
96443
96446
96449
96450
96452
96453
96454
96457
96458
96460
96461
96463
96464
96466
96467
96471
96473
96475
96477
96478
96480
96481
96482
96484
96485
96486
96490
96491
96492
96495
96498
96500
96501
96503
96504
96506
96507
96508
96509
96510
96511
96512
96513
96516
96517
96518
96519
96520
96521
96522
96523
96524
96525
96527
96528
96533
96537
96539
96542
96545
96548
96549
96551
96552
96553
96554
96556
96562
96565
96566
96567
96568
96569
96570
96571
96572
96573
96574
96575
96578
96579
96584
96586
96587
96588
96589
96590
96592
96594
96595
96596
96597
96599
96601
96605
96606
96608
96609
96611
96614
96616
96617
96619
96621
96624
96625
96626
96627
96628
96630
96631
96632
96633
96634
96638
96639
96640
96641
96643
96645
96646
96647
96648
96650
96651
96652
96654
96655
96656
96658
96659
96661
96662
96664
96666
96667
96668
96669
96670
96672
96674
96675
96677
96678
96680
96681
96682
96683
96684
96686
96687
96688
96690
96693
96694
96695
96696
96698
96700
96702
96703
96704
96706
96707
96708
96709
96712
96715
96717
96719
96724
96726
96727
96728
96729
96730
96731
96733
96735
96738
96739
96741
96742
96743
96744
96745
96746
96748
96751
96752
96753
96754
96756
96758
96760
96762
96763
96764
96765
96766
96767
96768
96771
96772
96774
96775
96776
96777
96778
96779
96780
96782
96783
96784
96786
96788
96792
96794
96796
96797
96798
96800
96802
96804
96805
96806
96807
96810
96812
96814
96816
96817
96818
96819
96820
96822
96823
96824
96826
96827
96828
96829
96830
96831
96833
96835
96836
96837
96838
96840
96842
96843
96844
96845
96847
96848
96849
96853
96855
96857
96858
96859
96860
96861
96862
96864
96865
96866
96869
96870
96873
96874
96879
96880
96882
96884
96885
96886
96887
96888
96889
96890
96891
96892
96893
96894
96895
96896
96897
96898
96899
96900
96901
96906
96908
96910
96911
96913
96914
96915
96917
96918
96920
96921
96924
96925
96927
96929
96930
96934
96937
96939
96940
96941
96942
96943
96948
96949
96951
96952
96953
96955
96957
96959
96960
96962
96963
96965
96966
96967
96968
96969
96970
96971
96972
96973
96974
96975
96979
96980
96981
96983
96985
96988
96990
96992
96994
96995
96998
96999
97000
97003
97005
97006
97007
97008
97009
97012
97013
97017
97020
97024
97025
97026
97027
97028
97029
97031
97033
97035
97036
97038
97042
97046
97048
97050
97051
97052
97053
97054
97055
97056
97057
97058
97059
97060
97061
97062
97064
97065
97066
97068
97069
97072
97076
97077
97080
97082
97086
97088
97090
97091
97093
97094
97095
97097
97098
97099
97101
97103
97104
97106
97108
97109
97110
97111
97112
97113
97114
97115
97116
97118
97120
97124
97128
97130
97131
97132
97133
97134
97135
97136
97137
97139
97140
97141
97142
97143
97147
97151
97155
97158
97161
97163
97166
97167
97172
97177
97180
97181
97182
97183
97184
97185
97187
97188
97190
97194
97195
97196
97199
97201
97202
97204
97205
97206
97207
97208
97209
97211
97212
97213
97215
97220
97221
97222
97224
97227
97229
97230
97231
97232
97233
97235
97236
97237
97241
97242
97243
97245
97248
97249
97250
97252
97254
97257
97258
97260
97261
97262
97263
97268
97270
97271
97272
97273
97281
97282
97284
97285
97287
97290
97293
97296
97301
97304
97306
97307
97308
97309
97310
97312
97313
97314
97315
97317
97319
97320
97321
97322
97324
97327
97331
97335
97336
97337
97339
97340
97341
97342
97343
97344
97346
97352
97355
97357
97358
97359
97360
97361
97363
97364
97365
97368
97369
97370
97371
97372
97373
97378
97382
97385
97386
97388
97389
97391
97394
97395
97397
97398
97399
97400
97401
97404
97406
97407
97408
97409
97410
97412
97414
97416
97417
97420
97422
97423
97426
97436
97438
97443
97445
97446
97447
97448
97449
97450
97451
97452
97453
97454
97457
97458
97459
97462
97464
97466
97467
97468
97470
97473
97474
97475
97477
97478
97479
97480
97482
97483
97485
97486
97491
97494
97498
97499
97503
97504
97509
97511
97512
97514
97516
97517
97518
97519
97520
97521
97522
97524
97526
97527
97528
97529
97530
97531
97532
97533
97536
97538
97539
97541
97542
97545
97546
97547
97549
97550
97551
97554
97556
97558
97559
97566
97567
97572
97573
97574
97577
97578
97579
97580
97582
97583
97585
97587
97589
97592
97593
97594
97596
97600
97602
97607
97609
97611
97612
97614
97616
97617
97618
97619
97624
97626
97632
97634
97637
97643
97648
97649
97650
97651
97654
97656
97658
97659
97660
97662
97663
97665
97668
97670
97672
97673
97674
97676
97679
97680
97681
97682
97684
97685
97686
97691
97693
97695
97697
97701
97705
97708
97714
97716
97718
97722
97723
97724
97727
97728
97730
97732
97737
97739
97740
97741
97742
97743
97744
97745
97747
97748
97749
97750
97753
97755
97756
97757
97759
97760
97761
97762
97763
97764
97768
97769
97770
97771
97773
97777
97778
97779
97783
97784
97791
97794
97795
97796
97806
97809
97811
97823
97825
97826
97829
97830
97831
97833
97835
97837
97838
97839
97840
97841
97844
97845
97846
97847
97849
97851
97852
97854
97856
97857
97858
97859
97862
97863
97864
97865
97866
97868
97870
97871
97874
97876
97877
97879
97880
97881
97882
97885
97886
97888
97893
97898
97899
97905
97906
97907
97910
97913
97920
97923
97927
97928
97930
97934
97936
97937
97938
97939
97940
97941
97942
97943
97944
97945
97946
97947
97949
97950
97951
97952
97953
97954
97955
97957
97958
97959
97960
97961
97962
97964
97965
97967
97968
97969
97970
97971
97972
97973
97974
97975
97976
97978
97979
97981
97982
97985
97986
97987
97990
97992
97993
98001
98003
98005
98006
98009
98016
98018
98020
98021
98025
98027
98034
98039
98042
98044
98046
98048
98049
98050
98051
98052
98053
98054
98056
98058
98059
98060
98061
98062
98063
98065
98066
98068
98069
98070
98071
98072
98073
98074
98075
98076
98078
98079
98080
98081
98083
98084
98086
98087
98089
98090
98091
98092
98093
98094
98095
98096
98097
98098
98099
98102
98103
98104
98105
98106
98108
98109
98110
98111
98112
98113
98114
98115
98116
98121
98122
98123
98124
98125
98129
98131
98132
98134
98141
98142
98143
98144
98146
98148
98153
98154
98157
98160
98165
98167
98168
98170
98171
98173
98174
98175
98178
98180
98182
98183
98184
98187
98188
98189
98190
98191
98193
98194
98196
98197
98198
98199
98200
98204
98205
98208
98210
98211
98213
98215
98216
98218
98219
98220
98222
98223
98224
98225
98226
98227
98228
98229
98230
98233
98234
98235
98236
98237
98240
98242
98243
98244
98246
98248
98249
98250
98253
98255
98256
98258
98259
98266
98268
98272
98286
98288
98292
98303
98309
98310
98312
98313
98316
98320
98328
98330
98331
98332
98333
98335
98336
98339
98341
98342
98345
98346
98347
98348
98349
98351
98352
98353
98354
98356
98357
98358
98359
98360
98363
98364
98365
98369
98371
98372
98375
98376
98378
98380
98381
98383
98385
98386
98387
98388
98389
98390
98391
98393
98394
98395
98396
98397
98398
98399
98400
98401
98402
98403
98407
98408
98415
98421
98425
98427
98429
98431
98436
98438
98441
98445
98449
98460
98461
98462
98463
98470
98471
98478
98479
98485
98491
98493
98494
98495
98497
98498
98500
98501
98502
98503
98504
98506
98507
98508
98514
98517
98518
98519
98521
98522
98523
98524
98527
98528
98529
98530
98531
98532
98534
98536
98537
98538
98539
98540
98544
98545
98546
98547
98550
98553
98555
98556
98559
98562
98563
98564
98567
98568
98571
98572
98573
98574
98578
98579
98582
98583
98584
98585
98588
98589
98592
98593
98599
98600
98601
98602
98603
98604
98605
98612
98613
98615
98623
98625
98626
98627
98630
98636
98642
98643
98644
98647
98650
98654
98660
98663
98665
98670
98679
98680
98682
98684
98696
98697
98698
98699
98701
98702
98704
98712
98713
98715
98716
98717
98718
98721
98722
98723
98724
98725
98727
98728
98730
98732
98734
98735
98736
98737
98738
98739
98740
98742
98744
98745
98748
98749
98751
98754
98755
98758
98759
98762
98763
98764
98765
98766
98767
98769
98770
98772
98773
98774
98775
98777
98778
98779
98783
98789
98790
98793
98794
98795
98798
98799
98801
98802
98804
98805
98808
98811
98812
98813
98817
98819
98820
98821
98823
98826
98828
98830
98839
98840
98845
98847
98855
98857
98859
98860
98861
98864
98866
98873
98878
98880
98881
98882
98883
98886
98887
98899
98901
98902
98910
98912
98918
98924
98926
98927
98928
98929
98934
98936
98937
98939
98942
98945
98948
98951
98952
98953
98954
98957
98959
98960
98961
98962
98963
98966
98969
98971
98973
98974
98979
98980
98981
98982
98983
98984
98987
98989
98991
98992
98994
98997
98999
99001
99002
99003
99004
99005
99008
99009
99010
99012
99013
99015
99016
99017
99018
99019
99020
99021
99023
99025
99026
99027
99028
99029
99032
99035
99036
99038
99042
99045
99047
99048
99050
99051
99052
99053
99055
99057
99058
99059
99061
99063
99065
99066
99067
99068
99069
99070
99071
99072
99077
99078
99079
99082
99084
99085
99086
99087
99089
99091
99093
99094
99095
99097
99102
99103
99104
99105
99106
99108
99109
99110
99112
99113
99114
99115
99117
99118
99120
99122
99123
99124
99127
99129
99133
99134
99135
99140
99141
99146
99149
99151
99152
99155
99158
99159
99161
99162
99165
99174
99179
99186
99187
99188
99190
99194
99198
99199
99200
99202
99205
99207
99209
99210
99212
99216
99219
99220
99221
99222
99230
99231
99238
99239
99243
99244
99249
99250
99253
99260
99264
99268
99269
99270
99271
99274
99275
99276
99277
99279
99280
99281
99282
99283
99285
99286
99287
99288
99289
99290
99291
99293
99295
99296
99297
99299
99301
99302
99303
99304
99305
99306
99308
99309
99312
99313
99314
99315
99316
99319
99320
99322
99323
99324
99325
99327
99328
99329
99330
99331
99332
99335
99337
99340
99341
99343
99344
99345
99347
99348
99352
99355
99356
99357
99360
99361
99363
99364
99365
99366
99367
99370
99372
99373
99376
99377
99378
99380
99382
99384
99386
99388
99389
99390
99391
99393
99395
99397
99399
99400
99401
99402
99403
99405
99407
99411
99412
99413
99415
99416
99418
99419
99420
99422
99424
99425
99426
99427
99428
99429
99430
99431
99434
99436
99441
99445
99450
99452
99454
99469
99470
99472
99474
99476
99479
99482
99487
99491
99493
99496
99498
99500
99504
99507
99508
99509
99512
99516
99518
99527
99532
99536
99542
99545
99548
99550
99551
99556
99557
99564
99567
99570
99577
99578
99581
99589
99591
99592
99595
99597
99604
99605
99612
99614
99621
99630
99636
99643
99649
99652
99654
99657
99667
99671
99676
99679
99681
99686
99687
99699
99703
99704
99705
99706
99708
99709
99710
99711
99712
99713
99714
99715
99716
99718
99719
99720
99721
99724
99728
99730
99731
99735
99736
99737
99739
99740
99743
99744
99745
99746
99748
99750
99753
99754
99755
99756
99758
99760
99761
99762
99763
99765
99767
99768
99770
99771
99772
99773
99775
99778
99779
99780
99781
99784
99785
99786
99788
99791
99792
99793
99794
99795
99796
99798
99799
99800
99801
99802
99803
99804
99805
99806
99807
99809
99810
99811
99813
99814
99816
99817
99819
99822
99826
99827
99829
99834
99837
99840
99841
99842
99844
99847
99848
99849
99850
99852
99854
99855
99856
99858
99859
99860
99861
99862
99865
99866
99867
99868
99873
99876
99877
99878
99880
99881
99882
99884
99885
99886
99888
99893
99894
99895
99896
99898
99900
99902
99903
99908
99909
99910
99917
99918
99919
99920
99932
99933
99935
99939
99940
99943
99946
99950
99951
99952
99958
99971
99986
99987
99992
99993
99994
99997
99999
100001
100005
100007
100008
100009
100011
100013
100014
100015
100020
100021
100025
100027
100030
100031
100039
100043
100045
100047
100048
100049
100055
100057
100058
100060
100061
100063
100064
100065
100067
100069
100074
100080
100083
100086
100090
100091
100095
100097
100099
100100
100104
100109
100117
100118
100123
100124
100127
100136
100139
100140
100142
100146
100152
100165
100167
100169
100174
100182
100190
100191
100192
100193
100216
100219
100221
100225
100227
100228
100229
100231
100233
100235
100236
100239
100245
100246
100248
100249
100251
100253
100254
100255
100256
100257
100259
100260
100261
100262
100263
100264
100265
100267
100270
100271
100272
100273
100274
100276
100277
100278
100279
100280
100282
100283
100287
100290
100291
100292
100293
100294
100296
100297
100298
100301
100303
100305
100306
100308
100311
100312
100313
100314
100315
100316
100317
100320
100321
100327
100330
100331
100332
100334
100336
100337
100338
100339
100341
100343
100344
100345
100346
100347
100348
100349
100351
100352
100353
100354
100362
100364
100365
100367
100368
100370
100373
100374
100375
100376
100377
100380
100381
100384
100385
100389
100390
100394
100397
100398
100400
100401
100402
100403
100405
100406
100408
100409
100411
100412
100414
100415
100417
100418
100419
100423
100424
100425
100426
100427
100428
100429
100430
100431
100432
100433
100434
100435
100436
100438
100439
100443
100444
100445
100446
100447
100448
100449
100452
100454
100457
100458
100460
100462
100466
100467
100469
100470
100471
100473
100478
100480
100481
100482
100484
100485
100488
100492
100493
100494
100495
100497
100498
100500
100501
100502
100503
100504
100505
100510
100511
100515
100517
100522
100525
100529
100533
100536
100537
100539
100540
100541
100545
100547
100553
100554
100555
100560
100562
100563
100565
100567
100568
100569
100570
100572
100573
100575
100579
100583
100584
100585
100587
100592
100593
100596
100597
100599
100602
100603
100605
100606
100608
100609
100610
100611
100612
100614
100615
100618
100619
100620
100622
100625
100626
100628
100633
100634
100636
100639
100645
100652
100653
100656
100657
100660
100670
100676
100679
100680
100681
100683
100689
100690
100695
100709
100712
100713
100715
100723
100732
100741
100742
100747
100748
100749
100757
100761
100766
100767
100770
100774
100777
100778
100782
100784
100786
100788
100790
100791
100794
100795
100796
100800
100803
100806
100808
100814
100815
100817
100821
100822
100826
100832
100834
100837
100842
100847
100851
100854
100855
100860
100862
100871
100874
100880
100883
100885
100887
100890
100894
100899
100901
100903
100906
100907
100908
100911
100913
100931
100933
100940
100941
100945
100946
100947
100948
100950
100956
100965
100969
100976
100979
100987
100988
100989
100993
100995
100999
101002
101006
101007
101015
101016
101026
101035
101044
101046
101047
101069
101070
101074
101075
101096
101108
101122
101123
101124
101125
101126
101127
101128
101129
101131
101132
101134
101136
101137
101138
101139
101140
101142
101143
101144
101145
101146
101148
101149
101152
101155
101156
101158
101160
101162
101163
101164
101166
101169
101170
101171
101172
101173
101175
101176
101177
101179
101180
101184
101190
101193
101194
101195
101196
101198
101200
101203
101204
101205
101208
101211
101213
101216
101219
101220
101222
101225
101226
101227
101228
101229
101236
101239
101244
101246
101248
101251
101252
101253
101254
101258
101261
101263
101265
101266
101268
101271
101276
101277
101278
101280
101281
101284
101286
101287
101289
101291
101292
101293
101294
101296
101299
101301
101302
101303
101305
101306
101307
101308
101314
101315
101316
101319
101320
101321
101322
101324
101326
101327
101328
101330
101331
101334
101335
101336
101337
101338
101345
101346
101349
101351
101356
101357
101359
101361
101362
101363
101364
101366
101367
101368
101369
101370
101372
101373
101375
101376
101379
101381
101382
101383
101384
101385
101386
101390
101395
101396
101397
101398
101399
101400
101403
101406
101407
101411
101412
101413
101415
101417
101418
101419
101422
101426
101428
101429
101430
101432
101439
101440
101444
101446
101450
101452
101453
101455
101459
101465
101470
101474
101476
101480
101484
101485
101488
101489
101492
101495
101498
101509
101511
101515
101516
101517
101518
101521
101522
101523
101524
101531
101535
101539
101540
101541
101542
101544
101547
101549
101550
101556
101559
101562
101565
101566
101569
101575
101578
101588
101590
101591
101599
101601
101602
101608
101611
101612
101621
101622
101624
101625
101638
101639
101646
101654
101657
101663
101668
101671
101677
101680
101681
101684
101687
101695
101697
101701
101703
101704
101708
101711
101714
101715
101726
101730
101731
101732
101733
101734
101738
101739
101742
101745
101749
101754
101768
101772
101773
101774
101775
101776
101779
101780
101785
101786
101794
101797
101806
101813
101816
101817
101823
101824
101825
101826
101827
101831
101835
101836
101841
101846
101847
101850
101855
101860
101861
101864
101865
101867
101870
101871
101872
101875
101877
101880
101883
101895
101910
101911
101912
101926
101930
101936
101940
101941
101953
101954
101958
101960
101965
101972
101978
101979
101983
101985
101986
101987
101989
101990
101991
101993
101994
101997
102005
102009
102011
102014
102017
102018
102020
102026
102029
102031
102036
102042
102045
102049
102051
102052
102057
102058
102068
102074
102078
102079
102082
102086
102094
102095
102098
102108
102115
102117
102128
102131
102136
102137
102138
102143
102146
102147
102150
102155
102159
102171
102177
102178
102193
102194
102199
102204
102208
102209
102210
102211
102214
102219
102226
102227
102233
102234
102235
102237
102242
102248
102250
102263
102265
102268
102270
102276
102281
102287
102300
102301
102310
102311
102315
102319
102325
102327
102332
102347
102364
102367
102368
102388
102390
102393
102395
102401
102403
102406
102409
102412
102415
102422
102423
102428
102430
102435
102439
102441
102442
102443
102449
102454
102456
102457
102462
102464
102475
102480
102483
102484
102491
102500
102518
102521
102524
102528
102529
102537
102551
102552
102555
102563
102570
102577
102579
102592
102596
102597
102598
102607
102615
102616
102618
102623
102627
102629
102631
102635
102636
102639
102646
102658
102662
102684
102690
102693
102698
102706
102731
102737
102738
102749
102757
102765
102773
102796
102803
102817
102895
102896
102898
102900
102901
102902
102904
102905
102906
102907
102911
102912
102913
102916
102917
102919
102921
102922
102923
102925
102926
102927
102928
102929
102932
102933
102934
102936
102940
102942
102943
102944
102945
102947
102950
102952
102953
102954
102955
102957
102959
102961
102963
102964
102965
102967
102971
102974
102976
102977
102978
102980
102981
102983
102986
102989
102993
102994
102995
102996
102997
103000
103004
103005
103008
103009
103012
103015
103019
103020
103022
103023
103024
103025
103026
103027
103028
103029
103030
103031
103032
103035
103037
103038
103039
103041
103045
103047
103048
103049
103050
103053
103054
103057
103058
103059
103060
103062
103066
103067
103070
103071
103074
103075
103076
103080
103081
103082
103085
103091
103092
103093
103094
103099
103101
103102
103105
103106
103108
103109
103110
103113
103114
103116
103119
103121
103126
103127
103128
103130
103134
103135
103140
103144
103145
103148
103149
103150
103151
103154
103158
103160
103167
103170
103171
103172
103173
103177
103178
103180
103184
103189
103195
103196
103197
103198
103200
103201
103202
103205
103210
103211
103213
103217
103218
103219
103221
103224
103226
103227
103228
103231
103232
103236
103237
103238
103241
103243
103247
103248
103250
103251
103253
103258
103259
103261
103264
103266
103269
103270
103272
103273
103274
103277
103278
103279
103280
103283
103284
103285
103287
103288
103291
103293
103297
103299
103300
103303
103305
103307
103308
103311
103312
103313
103315
103316
103320
103322
103325
103326
103331
103332
103335
103341
103344
103345
103347
103351
103353
103354
103357
103358
103361
103363
103364
103367
103369
103371
103372
103373
103374
103379
103380
103383
103385
103388
103393
103394
103395
103399
103401
103402
103404
103405
103407
103408
103416
103417
103418
103423
103425
103426
103428
103429
103433
103435
103438
103442
103444
103446
103449
103453
103454
103462
103465
103466
103469
103470
103471
103473
103474
103477
103482
103483
103485
103487
103489
103494
103496
103497
103500
103502
103503
103507
103512
103516
103521
103524
103526
103527
103529
103533
103536
103537
103539
103540
103542
103547
103548
103549
103551
103553
103555
103558
103559
103561
103563
103564
103569
103572
103573
103575
103578
103583
103587
103589
103598
103600
103601
103603
103605
103609
103612
103613
103614
103618
103620
103627
103631
103648
103654
103659
103661
103665
103668
103670
103676
103677
103681
103683
103687
103688
103691
103700
103709
103711
103713
103714
103715
103719
103720
103725
103729
103730
103731
103733
103734
103735
103738
103745
103749
103751
103752
103760
103765
103769
103773
103782
103787
103790
103799
103801
103802
103804
103806
103810
103812
103813
103817
103823
103827
103828
103834
103845
103846
103848
103851
103857
103861
103862
103864
103865
103871
103873
103876
103877
103883
103901
103907
103908
103910
103912
103921
103926
103932
103936
103938
103941
103942
103943
103952
103961
103967
103968
103970
103972
103977
103978
103980
103984
104015
104016
104017
104024
104030
104031
104033
104034
104037
104040
104042
104045
104046
104054
104069
104078
104080
104083
104085
104090
104100
104109
104115
104116
104119
104120
104121
104122
104137
104139
104140
104141
104143
104146
104158
104159
104160
104166
104167
104174
104179
104180
104183
104186
104187
104191
104196
104198
104204
104205
104213
104220
104221
104225
104226
104235
104236
104238
104239
104240
104245
104249
104250
104255
104256
104258
104264
104272
104273
104283
104285
104287
104296
104301
104306
104308
104310
104316
104322
104323
104326
104330
104335
104336
104340
104347
104350
104354
104356
104369
104375
104376
104378
104379
104383
104395
104401
104406
104407
104408
104409
104411
104414
104422
104424
104426
104431
104433
104444
104446
104452
104454
104460
104471
104473
104474
104482
104487
104488
104493
104494
104502
104505
104509
104511
104512
104525
104526
104528
104544
104546
104555
104559
104567
104568
104571
104573
104581
104584
104585
104589
104592
104598
104599
104600
104603
104607
104620
104626
104630
104632
104636
104644
104647
104649
104653
104654
104655
104658
104662
104666
104669
104673
104674
104678
104684
104692
104693
104694
104700
104702
104704
104707
104709
104714
104715
104721
104727
104731
104732
104735
104736
104742
104752
104762
104764
104769
104774
104793
104794
104802
104808
104812
104819
104821
104831
104836
104840
104845
104847
104853
104857
104866
104873
104902
104909
104910
104915
104929
104933
104935
104937
104948
104954
104957
104960
104962
104963
104965
104972
104974
104975
104978
104979
104992
104993
104994
105000
105016
105017
105024
105026
105027
105028
105032
105042
105046
105053
105056
105060
105061
105065
105066
105069
105071
105073
105079
105081
105088
105089
105098
105101
105104
105107
105113
105129
105140
105149
105151
105159
105166
105175
105177
105180
105184
105207
105211
105216
105221
105227
105236
105241
105242
105243
105246
105248
105256
105257
105258
105268
105269
105281
105282
105287
105301
105304
105313
105315
105318
105331
105334
105336
105338
105348
105353
105355
105368
105374
105380
105383
105389
105390
105391
105395
105414
105422
105426
105431
105434
105436
105449
105454
105455
105458
105476
105477
105479
105481
105482
105485
105487
105495
105497
105500
105504
105508
105529
105531
105532
105541
105545
105552
105553
105556
105561
105562
105563
105564
105571
105576
105577
105585
105586
105592
105598
105599
105606
105612
105613
105618
105623
105627
105637
105639
105648
105658
105659
105676
105679
105685
105688
105693
105698
105704
105706
105710
105713
105725
105726
105727
105733
105743
105748
105753
105756
105759
105775
105777
105781
105797
105803
105816
105821
105824
105826
105828
105830
105831
105844
105849
105853
105854
105861
105865
105873
105874
105878
105880
105883
105884
105918
105923
105924
105932
105943
105949
105956
105958
105968
105969
105994
105995
105998
106001
106021
106029
106039
106040
106053
106065
106066
106073
106074
106092
106095
106098
106099
106108
106117
106127
106130
106134
106135
106140
106141
106147
106153
106161
106164
106165
106166
106192
106194
106196
106203
106205
106213
106214
106225
106229
106232
106233
106235
106254
106258
106260
106261
106267
106300
106301
106323
106324
106356
106371
106382
106387
106389
106393
106401
106402
106403
106411
106414
106417
106420
106421
106425
106433
106435
106445
106450
106458
106464
106489
106505
106507
106513
106517
106523
106527
106534
106539
106548
106578
106580
106597
106606
106608
106612
106619
106624
106639
106646
106652
106656
106661
106668
106673
106674
106677
106680
106687
106691
106710
106732
106756
106761
106762
106774
106782
106788
106790
106793
106799
106806
106817
106825
106865
106871
106873
106876
106884
106902
106912
106916
106923
106929
106942
106943
106944
106950
106952
106954
106958
106976
106977
106981
106995
107004
107009
107010
107039
107048
107054
107065
107087
107088
107090
107094
107101
107114
107115
107124
107128
107138
107146
107156
107172
107195
107217
107221
107240
107247
107255
107258
107267
107270
107272
107277
107291
107317
107357
107362
107365
107376
107447
107480
107485
107505
107527
107546
107624
107631
107668
107669
107670
107671
107677
107678
107679
107681
107682
107684
107686
107687
107688
107689
107692
107694
107696
107697
107702
107703
107704
107706
107707
107708
107709
107711
107712
107714
107715
107717
107718
107719
107721
107727
107729
107730
107731
107732
107734
107735
107737
107738
107740
107741
107743
107745
107746
107748
107749
107750
107751
107752
107755
107757
107759
107760
107762
107763
107766
107767
107769
107771
107772
107773
107774
107775
107777
107778
107780
107781
107782
107784
107785
107786
107787
107789
107791
107794
107798
107799
107800
107802
107803
107806
107808
107809
107811
107812
107813
107814
107815
107816
107817
107818
107819
107820
107821
107822
107823
107826
107828
107829
107830
107832
107833
107834
107837
107839
107840
107841
107845
107846
107847
107848
107849
107850
107851
107853
107855
107860
107862
107863
107865
107866
107867
107868
107871
107872
107874
107875
107876
107877
107884
107885
107886
107887
107889
107894
107895
107896
107897
107898
107899
107900
107904
107905
107906
107909
107912
107916
107918
107923
107927
107929
107932
107934
107935
107937
107939
107940
107941
107942
107943
107944
107945
107946
107947
107951
107952
107954
107955
107956
107957
107958
107960
107962
107965
107966
107968
107969
107971
107974
107975
107976
107978
107979
107981
107982
107983
107984
107985
107986
107992
107993
107999
108000
108001
108002
108003
108004
108006
108007
108008
108009
108010
108011
108013
108014
108017
108018
108019
108024
108026
108027
108030
108031
108039
108040
108041
108042
108044
108045
108046
108047
108048
108049
108050
108051
108052
108054
108056
108057
108062
108063
108065
108066
108067
108068
108072
108073
108074
108075
108082
108084
108086
108087
108089
108090
108092
108095
108097
108101
108102
108105
108106
108110
108112
108113
108114
108122
108125
108127
108128
108130
108131
108132
108133
108136
108139
108141
108142
108143
108144
108145
108146
108148
108149
108150
108151
108154
108155
108156
108159
108160
108161
108162
108163
108166
108167
108168
108171
108175
108176
108179
108182
108184
108186
108187
108188
108189
108192
108193
108195
108197
108198
108200
108204
108205
108206
108207
108208
108209
108211
108212
108213
108215
108216
108217
108219
108222
108223
108225
108226
108227
108228
108229
108230
108231
108232
108233
108234
108235
108236
108237
108238
108240
108241
108244
108249
108250
108256
108258
108259
108264
108266
108267
108269
108270
108272
108273
108274
108284
108290
108297
108298
108301
108302
108303
108305
108312
108314
108317
108319
108325
108327
108334
108339
108342
108348
108349
108350
108351
108353
108359
108363
108366
108367
108371
108376
108378
108381
108384
108385
108388
108391
108395
108402
108405
108406
108408
108415
108420
108426
108427
108432
108439
108445
108447
108448
108461
108464
108465
108467
108470
108490
108494
108497
108498
108513
108526
108539
108543
108544
108551
108555
108559
108565
108568
108569
108575
108578
108583
108591
108592
108597
108610
108611
108617
108628
108629
108639
108640
108643
108646
108647
108654
108655
108682
108683
108686
108690
108691
108692
108693
108694
108698
108703
108709
108719
108720
108729
108734
108738
108743
108751
108756
108767
108771
108775
108781
108784
108785
108786
108793
108808
108813
108819
108828
108830
108831
108836
108850
108856
108857
108863
108872
108882
108894
108895
108897
108899
108902
108910
108911
108912
108914
108916
108923
108937
108942
108945
108947
108954
108968
108971
108973
108980
108982
108988
108991
108993
108997
109010
109012
109031
109034
109042
109049
109054
109058
109060
109067
109070
109073
109077
109080
109086
109089
109096
109100
109101
109102
109105
109106
109107
109109
109110
109112
109114
109116
109119
109125
109127
109133
109138
109140
109143
109148
109150
109153
109162
109167
109168
109171
109177
109193
109204
109211
109216
109220
109221
109227
109230
109233
109243
109252
109256
109262
109265
109277
109278
109286
109293
109298
109299
109303
109306
109307
109308
109319
109325
109326
109331
109333
109336
109349
109351
109354
109357
109364
109372
109380
109383
109387
109389
109390
109396
109405
109421
109428
109431
109435
109453
109454
109459
109464
109466
109473
109475
109476
109487
109488
109490
109493
109494
109503
109519
109524
109525
109531
109532
109542
109546
109547
109556
109557
109562
109574
109580
109588
109589
109593
109596
109598
109606
109611
109618
109619
109620
109621
109623
109624
109627
109633
109635
109636
109642
109644
109649
109651
109652
109655
109665
109666
109673
109675
109679
109682
109684
109686
109692
109697
109699
109700
109706
109708
109715
109720
109733
109738
109748
109750
109763
109764
109777
109781
109782
109785
109786
109790
109793
109796
109798
109802
109811
109816
109817
109819
109833
109845
109847
109851
109852
109861
109862
109866
109876
109879
109882
109888
109889
109890
109893
109900
109901
109905
109909
109910
109911
109915
109918
109921
109925
109926
109935
109937
109939
109947
109951
109952
109956
109966
109968
109975
109977
109983
109987
109988
109990
109992
109995
110007
110009
110021
110028
110037
110039
110044
110058
110059
110066
110070
110072
110079
110084
110088
110097
110100
110101
110108
110112
110114
110115
110121
110124
110128
110136
110139
110143
110149
110156
110157
110160
110161
110166
110169
110172
110174
110175
110185
110189
110190
110195
110204
110209
110216
110229
110232
110233
110240
110242
110253
110257
110268
110284
110291
110294
110299
110302
110307
110309
110318
110321
110326
110328
110330
110334
110340
110342
110351
110365
110368
110374
110381
110385
110387
110390
110400
110405
110417
110437
110440
110448
110449
110456
110472
110492
110494
110495
110498
110500
110508
110513
110522
110523
110525
110537
110552
110553
110569
110588
110593
110610
110621
110625
110635
110641
110646
110665
110666
110667
110672
110682
110683
110686
110696
110698
110703
110705
110706
110714
110719
110722
110726
110728
110730
110731
110733
110734
110735
110736
110738
110739
110743
110746
110756
110758
110766
110783
110786
110788
110789
110790
110796
110797
110806
110810
110825
110826
110828
110831
110840
110841
110860
110868
110875
110880
110885
110891
110915
110918
110924
110929
110941
110947
110954
110958
110966
110972
110973
110985
110994
110997
111008
111014
111020
111021
111028
111030
111032
111035
111036
111038
111044
111046
111052
111053
111058
111070
111081
111086
111088
111093
111094
111099
111111
111113
111131
111134
111140
111145
111149
111161
111167
111169
111174
111197
111198
111208
111212
111216
111223
111226
111228
111231
111234
111237
111238
111247
111249
111274
111284
111293
111296
111303
111307
111308
111320
111323
111331
111333
111335
111343
111348
111362
111375
111381
111384
111389
111390
111392
111393
111400
111402
111408
111410
111411
111414
111420
111433
111461
111465
111467
111476
111483
111491
111492
111500
111511
111513
111518
111528
111544
111545
111548
111550
111554
111561
111566
111568
111576
111577
111581
111582
111595
111600
111606
111610
111612
111614
111625
111626
111632
111653
111656
111662
111666
111669
111676
111680
111707
111708
111709
111710
111718
111730
111740
111742
111744
111747
111750
111752
111755
111756
111763
111767
111778
111780
111791
111792
111800
111806
111812
111815
111820
111821
111828
111830
111838
111839
111845
111851
111864
111867
111868
111875
111877
111889
111892
111900
111903
111906
111910
111913
111920
111924
111928
111948
111949
111955
111966
111968
111975
111986
112013
112026
112027
112039
112040
112045
112047
112048
112052
112057
112064
112068
112072
112076
112083
112087
112092
112096
112098
112103
112111
112117
112118
112119
112122
112131
112137
112153
112154
112158
112162
112176
112195
112205
112208
112217
112225
112232
112244
112252
112258
112264
112265
112284
112291
112298
112303
112308
112309
112313
112318
112319
112324
112330
112355
112363
112366
112374
112376
112384
112388
112389
112397
112415
112421
112422
112425
112436
112443
112452
112453
112464
112468
112475
112476
112477
112479
112482
112493
112496
112500
112503
112504
112509
112512
112515
112519
112535
112538
112539
112549
112550
112551
112556
112574
112575
112580
112584
112586
112591
112598
112601
112604
112607
112611
112614
112621
112632
112640
112660
112664
112668
112676
112677
112681
112683
112686
112692
112700
112717
112732
112734
112749
112751
112754
112755
112759
112760
112761
112762
112766
112770
112773
112774
112775
112776
112777
112804
112805
112807
112808
112822
112826
112827
112829
112834
112837
112840
112842
112844
112857
112861
112862
112866
112877
112893
112894
112895
112901
112906
112908
112919
112922
112924
112932
112935
112949
112964
112968
112970
112976
112979
112983
112984
112988
112990
112997
113002
113011
113014
113016
113030
113032
113040
113041
113042
113047
113050
113051
113057
113071
113076
113077
113078
113082
113090
113092
113094
113103
113117
113124
113132
113135
113140
113150
113159
113161
113166
113171
113195
113197
113207
113221
113230
113233
113240
113243
113245
113254
113263
113270
113281
113282
113290
113301
113308
113310
113315
113319
113328
113333
113336
113337
113338
113347
113348
113363
113378
113380
113389
113392
113393
113397
113399
113406
113407
113417
113418
113427
113428
113431
113438
113446
113458
113461
113478
113479
113481
113491
113512
113513
113522
113526
113531
113532
113535
113537
113550
113551
113572
113578
113581
113585
113592
113595
113605
113607
113618
113625
113629
113632
113635
113637
113639
113643
113645
113652
113667
113672
113676
113686
113695
113701
113707
113714
113720
113721
113724
113728
113738
113746
113750
113770
113775
113780
113787
113797
113798
113826
113827
113836
113844
113850
113853
113867
113871
113885
113912
113939
113963
113978
113983
114001
114006
114008
114009
114030
114067
114074
114076
114078
114080
114084
114091
114096
114101
114108
114109
114118
114132
114137
114149
114168
114171
114173
114178
114180
114181
114186
114195
114201
114203
114208
114211
114212
114215
114223
114235
114258
114259
114274
114278
114279
114281
114290
114291
114294
114302
114304
114315
114323
114324
114333
114338
114362
114372
114378
114385
114393
114395
114412
114419
114424
114425
114428
114430
114434
114443
114449
114450
114452
114463
114469
114478
114492
114506
114509
114510
114519
114525
114542
114544
114549
114573
114591
114609
114621
114622
114653
114671
114676
114686
114690
114693
114695
114701
114708
114719
114721
114722
114725
114730
114746
114749
114759
114761
114772
114783
114790
114799
114801
114804
114824
114835
114838
114845
114849
114878
114879
114886
114895
114905
114913
114920
114922
114930
114932
114960
114964
114981
114989
114993
114995
115005
115008
115010
115025
115030
115032
115037
115039
115050
115053
115055
115062
115064
115075
115076
115081
115084
115085
115086
115090
115091
115094
115101
115103
115105
115119
115124
115131
115136
115146
115151
115158
115161
115170
115173
115178
115181
115185
115189
115191
115197
115201
115209
115210
115215
115222
115223
115230
115240
115252
115258
115268
115270
115277
115283
115294
115297
115298
115301
115305
115346
115350
115358
115372
115380
115391
115394
115408
115417
115418
115421
115422
115425
115429
115448
115449
115451
115452
115458
115465
115480
115481
115491
115501
115505
115513
115515
115516
115539
115542
115557
115560
115562
115588
115590
115594
115598
115605
115608
115626
115627
115628
115636
115658
115659
115669
115670
115673
115680
115689
115690
115696
115700
115706
115721
115727
115739
115776
115779
115796
115798
115807
115813
115814
115816
115830
115834
115843
115858
115859
115868
115871
115875
115877
115886
115899
115911
115915
115918
115924
115925
115931
115954
115957
115977
115979
115985
115991
115999
116000
116006
116011
116018
116031
116036
116037
116050
116056
116066
116086
116092
116103
116108
116109
116111
116115
116116
116123
116126
116129
116141
116156
116158
116169
116171
116174
116190
116192
116196
116207
116213
116220
116222
116234
116235
116238
116239
116242
116249
116258
116283
116288
116299
116300
116303
116312
116329
116331
116335
116340
116350
116356
116370
116372
116374
116375
116384
116386
116403
116406
116407
116412
116417
116421
116436
116439
116442
116469
116471
116472
116473
116480
116487
116491
116493
116497
116498
116509
116510
116520
116525
116529
116537
116553
116555
116560
116564
116570
116576
116579
116583
116584
116585
116586
116588
116594
116596
116601
116619
116644
116652
116657
116669
116670
116673
116674
116677
116681
116685
116696
116700
116707
116719
116724
116725
116726
116736
116738
116742
116751
116756
116757
116764
116767
116773
116776
116784
116802
116803
116807
116808
116820
116824
116827
116833
116862
116870
116886
116891
116896
116901
116907
116914
116918
116921
116928
116950
116961
116965
116967
116974
116979
116988
116992
116994
116997
117012
117013
117017
117028
117038
117042
117052
117055
117058
117069
117072
117082
117083
117100
117101
117117
117150
117153
117155
117171
117174
117175
117176
117186
117191
117200
117203
117206
117208
117225
117226
117229
117243
117262
117266
117275
117284
117289
117298
117302
117308
117312
117336
117341
117375
117381
117383
117387
117400
117409
117410
117414
117415
117420
117426
117433
117437
117438
117442
117461
117488
117506
117517
117524
117532
117536
117537
117545
117551
117565
117569
117586
117604
117611
117623
117635
117656
117662
117675
117680
117684
117697
117701
117730
117740
117742
117744
117748
117757
117761
117762
117772
117773
117788
117807
117810
117812
117843
117861
117869
117870
117872
117873
117889
117896
117904
117907
117915
117918
117938
117944
117957
117958
117967
117996
117997
118005
118007
118011
118015
118020
118026
118037
118038
118045
118046
118063
118067
118070
118082
118093
118097
118103
118113
118119
118146
118148
118152
118156
118177
118180
118183
118186
118187
118189
118191
118200
118203
118205
118220
118243
118245
118259
118263
118265
118268
118274
118275
118281
118293
118302
118306
118312
118322
118324
118333
118351
118352
118359
118363
118381
118390
118400
118416
118429
118435
118454
118462
118468
118469
118471
118480
118490
118504
118513
118533
118534
118538
118551
118565
118591
118596
118602
118605
118607
118612
118630
118636
118637
118644
118646
118653
118661
118668
118674
118676
118677
118686
118691
118704
118706
118711
118716
118718
118720
118724
118728
118737
118743
118744
118746
118751
118753
118754
118761
118766
118774
118792
118798
118806
118814
118824
118831
118838
118845
118849
118877
118879
118908
118912
118919
118927
118930
118936
118939
118945
118947
118949
118950
118965
118971
118976
118979
118985
118995
119000
119007
119017
119025
119029
119030
119049
119059
119066
119078
119081
119084
119097
119109
119111
119117
119122
119126
119140
119142
119149
119162
119164
119170
119171
119174
119176
119186
119187
119253
119264
119280
119281
119282
119287
119301
119318
119325
119341
119348
119349
119358
119370
119378
119387
119395
119400
119401
119414
119422
119431
119432
119433
119448
119453
119458
119468
119478
119483
119488
119493
119503
119507
119517
119531
119543
119562
119574
119575
119583
119587
119588
119597
119603
119604
119619
119632
119636
119639
119642
119644
119646
119648
119650
119651
119654
119655
119670
119690
119693
119695
119697
119714
119715
119716
119721
119728
119734
119743
119763
119766
119767
119770
119776
119780
119781
119782
119783
119787
119792
119795
119797
119803
119804
119810
119811
119815
119822
119835
119864
119867
119870
119887
119891
119898
119909
119926
119932
119941
119946
119952
119963
119973
119980
119983
119984
119988
120020
120026
120054
120062
120065
120072
120074
120075
120077
120081
120082
120085
120094
120095
120106
120107
120129
120131
120133
120136
120145
120147
120155
120182
120205
120212
120223
120228
120249
120256
120258
120263
120266
120273
120274
120288
120300
120307
120315
120326
120337
120347
120349
120356
120357
120366
120367
120386
120387
120391
120395
120397
120399
120400
120402
120412
120418
120421
120426
120433
120458
120460
120474
120488
120492
120495
120500
120507
120510
120515
120520
120529
120545
120552
120564
120573
120581
120590
120595
120604
120605
120618
120628
120632
120637
120642
120654
120655
120659
120669
120683
120691
120694
120702
120703
120708
120717
120724
120726
120730
120747
120751
120786
120789
120796
120800
120808
120857
120859
120866
120868
120891
120893
120894
120895
120900
120901
120902
120903
120905
120907
120913
120919
120928
120930
120936
120950
120951
120973
120986
120998
121004
121006
121010
121014
121017
121021
121023
121027
121041
121071
121073
121077
121082
121086
121092
121100
121101
121106
121126
121129
121136
121141
121143
121153
121154
121155
121173
121189
121193
121204
121212
121217
121219
121245
121271
121275
121278
121291
121292
121313
121314
121323
121328
121333
121350
121367
121368
121383
121398
121404
121410
121431
121433
121440
121455
121472
121485
121500
121522
121524
121528
121533
121552
121557
121570
121576
121584
121612
121613
121623
121628
121629
121657
121666
121675
121679
121683
121706
121712
121715
121716
121723
121733
121746
121749
121756
121764
121765
121769
121772
121784
121789
121803
121806
121827
121828
121845
121852
121854
121856
121864
121897
121902
121920
121924
121925
121926
121931
121972
121994
121998
122014
122016
122031
122037
122038
122050
122064
122069
122070
122071
122098
122105
122106
122107
122124
122128
122129
122137
122148
122151
122152
122158
122176
122186
122187
122195
122199
122201
122214
122216
122223
122225
122226
122238
122247
122260
122283
122290
122301
122312
122313
122319
122332
122333
122339
122340
122344
122347
122350
122365
122369
122378
122382
122384
122386
122397
122399
122403
122412
122419
122425
122447
122465
122470
122477
122487
122518
122519
122520
122545
122556
122562
122566
122567
122569
122603
122604
122610
122632
122637
122646
122654
122664
122668
122669
122671
122675
122683
122697
122714
122716
122725
122731
122741
122742
122751
122756
122761
122762
122768
122771
122782
122788
122797
122799
122808
122816
122817
122821
122835
122840
122845
122848
122863
122871
122872
122878
122895
122901
122920
122931
122935
122944
122946
122949
122956
122964
122978
123009
123013
123019
123037
123060
123070
123080
123083
123107
123109
123127
123128
123138
123140
123145
123158
123161
123164
123169
123171
123175
123187
123189
123193
123197
123200
123213
123214
123228
123230
123232
123236
123239
123258
123263
123270
123274
123288
123291
123297
123302
123313
123340
123362
123368
123370
123390
123403
123412
123415
123421
123424
123431
123432
123435
123458
123463
123467
123496
123508
123529
123534
123545
123564
123566
123572
123580
123590
123592
123597
123600
123601
123602
123609
123620
123628
123633
123643
123644
123645
123646
123648
123650
123660
123663
123666
123670
123673
123677
123683
123692
123709
123713
123714
123716
123733
123740
123745
123747
123750
123752
123759
123779
123785
123789
123795
123807
123813
123875
123888
123902
123919
123929
123957
123960
123978
123979
123989
123995
124018
124027
124050
124051
124055
124072
124079
124087
124128
124130
124138
124142
124148
124151
124153
124163
124169
124179
124182
124185
124186
124190
124212
124222
124235
124242
124247
124250
124260
124270
124286
124293
124299
124314
124334
124362
124380
124382
124383
124395
124406
124414
124420
124464
124472
124474
124475
124487
124495
124496
124508
124512
124515
124527
124545
124569
124584
124611
124613
124625
124631
124637
124650
124656
124667
124671
124686
124704
124731
124737
124753
124758
124761
124762
124768
124773
124784
124799
124803
124830
124832
124837
124838
124855
124863
124864
124883
124891
124892
124893
124901
124917
124919
124927
124932
124967
124985
124990
124991
124995
124996
125001
125035
125036
125039
125042
125071
125086
125107
125113
125125
125138
125140
125144
125158
125164
125165
125169
125191
125192
125196
125207
125210
125227
125236
125261
125264
125266
125273
125276
125278
125298
125303
125323
125333
125338
125343
125349
125354
125360
125366
125370
125379
125380
125382
125389
125391
125418
125421
125426
125428
125433
125441
125472
125494
125509
125516
125517
125523
125524
125529
125535
125547
125554
125570
125571
125597
125609
125620
125625
125627
125628
125631
125638
125640
125645
125657
125665
125688
125697
125698
125700
125709
125722
125740
125749
125766
125775
125776
125782
125784
125794
125808
125826
125827
125833
125845
125862
125864
125881
125895
125899
125906
125907
125923
125925
125932
125941
125958
125973
125993
125995
125999
126006
126036
126048
126057
126059
126080
126081
126086
126093
126112
126113
126135
126136
126138
126146
126153
126154
126157
126163
126169
126171
126174
126185
126194
126199
126205
126214
126228
126229
126234
126250
126256
126257
126274
126275
126290
126295
126303
126320
126326
126332
126344
126345
126356
126363
126369
126383
126401
126407
126408
126410
126416
126418
126422
126423
126424
126429
126431
126467
126468
126474
126476
126477
126487
126496
126498
126502
126544
126545
126558
126566
126570
126579
126582
126595
126607
126613
126621
126627
126639
126644
126645
126647
126655
126656
126657
126683
126684
126694
126709
126719
126721
126736
126742
126746
126763
126766
126767
126800
126803
126807
126809
126816
126833
126836
126847
126853
126861
126862
126896
126904
126907
126912
126913
126956
126971
126979
126981
126983
126992
126996
127001
127009
127010
127028
127035
127039
127046
127057
127075
127078
127096
127097
127116
127124
127125
127129
127130
127144
127149
127162
127176
127177
127188
127195
127197
127204
127208
127225
127237
127252
127257
127264
127271
127292
127296
127305
127342
127351
127352
127360
127373
127381
127382
127386
127403
127415
127417
127419
127437
127438
127450
127458
127466
127470
127477
127478
127487
127490
127500
127509
127514
127517
127521
127525
127528
127540
127555
127561
127571
127588
127589
127596
127602
127603
127605
127613
127635
127644
127653
127656
127680
127682
127688
127707
127711
127714
127722
127757
127761
127766
127769
127786
127810
127815
127825
127838
127841
127850
127853
127864
127865
127879
127903
127909
127922
127937
127944
127955
127966
127986
128007
128018
128023
128027
128034
128035
128040
128062
128078
128085
128096
128105
128126
128134
128139
128150
128158
128174
128178
128192
128198
128199
128201
128213
128214
128223
128227
128246
128256
128257
128258
128261
128268
128276
128297
128302
128304
128308
128309
128337
128348
128353
128361
128362
128365
128369
128377
128382
128408
128453
128456
128462
128478
128489
128502
128512
128542
128544
128550
128580
128589
128590
128596
128599
128601
128620
128628
128636
128637
128639
128665
128670
128679
128680
128686
128698
128713
128726
128738
128739
128740
128754
128759
128765
128768
128775
128787
128795
128796
128799
128817
128823
128843
128855
128856
128858
128861
128881
128899
128927
128931
128936
128952
128957
128960
128961
128970
128987
128990
129008
129020
129034
129048
129051
129052
129055
129085
129090
129098
129108
129111
129138
129153
129155
129166
129197
129200
129229
129240
129249
129256
129269
129278
129294
129296
129312
129318
129323
129331
129332
129339
129345
129373
129380
129391
129392
129403
129406
129408
129410
129421
129437
129438
129455
129493
129499
129500
129503
129506
129543
129547
129567
129568
129580
129582
129585
129603
129619
129631
129638
129651
129662
129667
129669
129675
129685
129694
129710
129711
129729
129736
129738
129742
129746
129760
129767
129770
129773
129795
129797
129807
129833
129843
129845
129847
129851
129857
129858
129859
129861
129876
129889
129900
129914
129921
129923
129931
129932
129944
129970
129971
129981
129996
129997
130012
130020
130021
130023
130028
130040
130041
130046
130051
130056
130069
130112
130130
130145
130163
130173
130192
130193
130198
130199
130222
130237
130238
130239
130249
130250
130261
130297
130315
130324
130325
130326
130332
130365
130377
130379
130400
130410
130414
130418
130471
130477
130479
130501
130510
130512
130518
130521
130522
130527
130535
130539
130542
130560
130565
130585
130589
130590
130592
130598
130601
130616
130629
130632
130641
130643
130667
130685
130711
130724
130738
130741
130752
130758
130763
130771
130772
130774
130775
130814
130818
130824
130831
130832
130837
130847
130848
130850
130853
130854
130855
130868
130876
130893
130895
130908
130910
130938
130960
130988
131025
131036
131050
131069
131078
131113
131122
131165
131172
131182
131185
131197
131201
131202
131204
131218
131227
131235
131237
131250
131253
131265
131269
131292
131294
131295
131305
131311
131323
131328
131332
131352
131354
131357
131367
131377
131387
131400
131404
131425
131429
131453
131457
131467
131477
131494
131495
131510
131522
131536
131545
131568
131594
131606
131663
131671
131684
131690
131691
131692
131702
131705
131714
131725
131734
131743
131748
131766
131771
131772
131798
131833
131856
131877
131882
131894
131895
131897
131902
131908
131918
131936
131937
131939
131941
131942
131951
131957
131967
132001
132007
132013
132019
132020
132026
132034
132036
132037
132071
132072
132075
132125
132140
132159
132165
132168
132170
132174
132215
132232
132241
132244
132255
132265
132266
132269
132302
132307
132330
132340
132368
132377
132392
132397
132398
132399
132406
132408
132414
132415
132432
132433
132442
132444
132453
132458
132468
132472
132483
132494
132506
132536
132545
132562
132579
132583
132608
132636
132647
132650
132652
132666
132676
132677
132693
132703
132708
132727
132745
132760
132768
132769
132783
132786
132796
132797
132806
132817
132820
132821
132824
132828
132849
132879
132893
132896
132902
132926
132938
132958
132969
132973
132981
132991
133002
133007
133008
133031
133052
133065
133074
133111
133126
133148
133156
133169
133175
133185
133194
133199
133213
133222
133248
133262
133271
133272
133275
133314
133364
133374
133387
133406
133412
133426
133437
133445
133453
133454
133456
133464
133471
133472
133481
133482
133483
133506
133514
133519
133533
133535
133547
133549
133584
133591
133615
133616
133653
133666
133670
133684
133686
133688
133700
133704
133715
133723
133739
133741
133742
133753
133756
133760
133762
133795
133802
133821
133822
133824
133827
133828
133851
133852
133859
133861
133873
133892
133906
133916
133928
133929
133939
133941
133967
133968
134003
134053
134065
134066
134087
134098
134122
134137
134158
134161
134165
134174
134184
134194
134202
134209
134244
134246
134272
134301
134303
134317
134334
134346
134349
134351
134364
134378
134383
134388
134418
134419
134420
134428
134434
134456
134458
134463
134470
134473
134475
134477
134486
134492
134494
134501
134505
134532
134540
134558
134563
134583
134607
134608
134612
134626
134628
134636
134652
134661
134666
134673
134681
134687
134700
134735
134751
134752
134762
134772
134775
134777
134799
134806
134819
134828
134834
134855
134856
134863
134874
134876
134883
134889
134890
134902
134903
134918
134920
134929
134977
134985
134992
134996
134998
135013
135019
135021
135025
135065
135091
135102
135104
135105
135113
135119
135126
135131
135134
135136
135190
135194
135257
135262
135303
135324
135327
135341
135346
135356
135361
135373
135376
135396
135397
135398
135399
135401
135431
135440
135443
135462
135476
135484
135498
135501
135524
135535
135548
135549
135559
135572
135580
135583
135589
135599
135602
135603
135609
135616
135619
135640
135653
135658
135677
135682
135690
135700
135727
135738
135753
135766
135767
135777
135793
135816
135824
135826
135835
135839
135847
135849
135868
135869
135873
135875
135886
135915
135920
135921
135959
135974
135975
135987
135998
136010
136013
136020
136027
136040
136051
136059
136107
136134
136147
136148
136157
136170
136185
136199
136202
136219
136231
136235
136248
136262
136263
136272
136292
136313
136319
136333
136336
136341
136344
136346
136364
136369
136386
136422
136452
136463
136473
136475
136477
136507
136520
136524
136548
136581
136596
136599
136619
136642
136643
136644
136649
136660
136669
136697
136712
136729
136730
136732
136738
136740
136751
136764
136771
136772
136773
136780
136796
136797
136830
136835
136842
136855
136885
136898
136903
136909
136910
136920
136934
136938
136940
136996
137007
137010
137029
137063
137080
137082
137094
137099
137104
137116
137129
137135
137155
137157
137162
137163
137165
137166
137208
137211
137213
137231
137242
137247
137280
137285
137291
137295
137296
137305
137308
137320
137333
137385
137394
137408
137411
137419
137429
137431
137442
137446
137460
137464
137477
137479
137488
137495
137519
137528
137531
137568
137577
137595
137597
137601
137609
137655
137660
137680
137693
137694
137705
137709
137712
137745
137771
137782
137792
137795
137803
137813
137828
137831
137832
137836
137838
137856
137858
137860
137862
137881
137886
137893
137911
137914
137931
137989
138003
138055
138065
138066
138095
138105
138126
138131
138133
138134
138136
138141
138149
138170
138171
138178
138189
138231
138235
138239
138248
138250
138260
138288
138310
138345
138357
138368
138395
138405
138420
138421
138425
138427
138476
138492
138504
138509
138521
138524
138555
138569
138572
138594
138600
138623
138636
138642
138683
138684
138691
138703
138729
138761
138771
138772
138815
138829
138831
138833
138854
138857
138869
138907
138918
138936
138937
138952
138989
138994
139038
139056
139064
139068
139070
139073
139084
139106
139111
139116
139131
139160
139165
139188
139196
139206
139209
139245
139259
139271
139273
139276
139282
139299
139322
139340
139347
139354
139376
139384
139392
139403
139426
139429
139433
139476
139492
139520
139537
139556
139569
139599
139614
139630
139637
139644
139676
139680
139683
139720
139733
139752
139784
139817
139836
139837
139841
139856
139889
139891
139905
139906
139924
139952
139954
139970
139975
140029
140030
140046
140052
140054
140058
140099
140101
140113
140117
140121
140135
140137
140144
140146
140149
140161
140178
140191
140193
140243
140255
140259
140287
140305
140308
140351
140376
140398
140411
140413
140418
140419
140425
140426
140445
140448
140478
140517
140531
140544
140546
140571
140576
140582
140589
140591
140595
140627
140628
140650
140658
140668
140671
140682
140692
140721
140726
140738
140752
140762
140769
140770
140771
140776
140810
140816
140830
140838
140851
140863
140917
140925
140930
140976
140987
140988
140991
141018
141026
141066
141080
141091
141106
141107
141110
141124
141162
141182
141186
141199
141210
141224
141226
141239
141258
141259
141274
141278
141298
141303
141313
141334
141339
141346
141354
141364
141366
141381
141405
141407
141419
141429
141437
141456
141457
141461
141468
141485
141505
141507
141516
141543
141550
141556
141570
141572
141614
141631
141640
141641
141643
141657
141658
141692
141696
141712
141728
141732
141734
141748
141753
141769
141771
141776
141807
141813
141823
141839
141853
141860
141875
141878
141892
141893
141907
141948
141983
142023
142024
142026
142036
142061
142079
142081
142083
142124
142143
142159
142160
142161
142165
142172
142192
142194
142197
142202
142221
142260
142266
142268
142311
142321
142371
142373
142377
142379
142384
142394
142470
142472
142473
142510
142511
142514
142520
142538
142546
142560
142562
142581
142582
142599
142624
142652
142654
142658
142662
142664
142668
142679
142681
142703
142723
142725
142727
142731
142736
142737
142744
142748
142750
142788
142799
142817
142820
142862
142866
142870
142875
142887
142888
142922
142923
142951
142971
142986
143019
143037
143048
143049
143050
143055
143084
143085
143109
143110
143114
143120
143136
143141
143155
143163
143172
143191
143194
143204
143205
143206
143217
143233
143234
143249
143251
143271
143274
143289
143291
143292
143294
143296
143325
143326
143332
143333
143374
143380
143400
143415
143419
143455
143456
143476
143485
143486
143493
143513
143519
143526
143549
143551
143552
143589
143591
143597
143602
143640
143659
143671
143673
143687
143739
143740
143758
143768
143785
143812
143816
143817
143836
143837
143841
143843
143858
143868
143892
143897
143917
143926
143929
143959
143961
143988
143991
144001
144020
144021
144071
144072
144114
144118
144120
144130
144133
144137
144144
144162
144176
144181
144201
144204
144206
144220
144225
144228
144241
144266
144267
144269
144309
144316
144317
144321
144324
144325
144342
144346
144371
144376
144378
144379
144392
144402
144407
144421
144426
144428
144438
144459
144484
144485
144490
144511
144515
144520
144525
144527
144530
144545
144555
144587
144591
144601
144602
144604
144608
144632
144723
144746
144804
144806
144823
144827
144852
144864
144875
144877
144894
144895
144901
144917
144944
144945
144948
144950
144963
144985
145007
145038
145043
145045
145055
145063
145067
145080
145096
145122
145124
145164
145227
145244
145272
145277
145315
145335
145336
145339
145342
145361
145377
145378
145400
145401
145403
145405
145428
145430
145465
145469
145471
145494
145497
145518
145527
145534
145536
145569
145570
145592
145599
145609
145612
145613
145640
145656
145668
145689
145699
145709
145710
145713
145715
145772
145780
145801
145802
145809
145810
145814
145824
145826
145830
145836
145850
145866
145873
145874
145875
145892
145918
145921
145951
145952
145965
145970
145982
145984
146001
146019
146037
146039
146044
146061
146077
146083
146105
146125
146126
146134
146183
146184
146205
146209
146212
146308
146311
146322
146326
146330
146360
146361
146362
146377
146378
146380
146428
146431
146435
146442
146453
146461
146464
146481
146490
146491
146494
146512
146513
146516
146522
146558
146571
146592
146593
146609
146657
146660
146661
146673
146687
146701
146720
146724
146728
146744
146769
146772
146775
146777
146809
146829
146841
146850
146873
146874
146877
146878
146879
146896
146899
146903
146951
146953
146971
146973
146995
146996
146999
147004
147009
147013
147050
147052
147053
147072
147074
147080
147134
147138
147272
147273
147294
147309
147313
147331
147332
147355
147363
147366
147386
147387
147399
147409
147412
147413
147431
147440
147460
147461
147479
147482
147511
147520
147547
147548
147566
147571
147602
147606
147608
147610
147613
147628
147632
147656
147663
147681
147685
147698
147699
147725
147738
147763
147769
147795
147799
147800
147855
147862
147876
147880
147919
147920
147925
147947
147979
147989
148005
148006
148025
148032
148035
148055
148105
148109
148139
148153
148171
148173
148175
148185
148196
148218
148220
148221
148224
148226
148248
148250
148251
148276
148284
148294
148303
148324
148344
148353
148357
148360
148368
148376
148377
148389
148408
148437
148467
148490
148505
148518
148520
148536
148545
148552
148561
148562
148563
148564
148566
148574
148588
148590
148596
148601
148627
148628
148638
148654
148656
148662
148663
148668
148675
148684
148689
148699
148704
148726
148730
148734
148735
148750
148763
148769
148771
148772
148773
148774
148775
148795
148807
148808
148810
148813
148814
148844
148845
148849
148850
148857
148859
148867
148870
148883
148884
148886
148894
148903
148905
148916
148921
148926
148929
148934
148935
148954
148963
148965
148975
148983
148985
148986
148989
148994
149000
149010
149028
149029
149039
149046
149047
149056
149063
149069
149076
149089
149095
149099
149109
149112
149113
149115
149117
149130
149133
149139
149147
149165
149171
149172
149173
149174
149179
149180
149183
149185
149186
149210
149225
149248
149250
149253
149255
149257
149259
149261
149267
149287
149292
149298
149299
149304
149325
149329
149357
149358
149360
149367
149368
149392
149400
149405
149411
149448
149461
149475
149482
149483
149485
149494
149503
149512
149526
149529
149542
149546
149559
149565
149574
149588
149590
149604
149608
149612
149619
149620
149641
149657
149658
149663
149666
149667
149671
149673
149674
149675
149693
149700
149701
149713
149739
149752
149753
149754
149756
149767
149770
149775
149781
149783
149785
149793
149808
149825
149832
149837
149840
149842
149854
149858
149877
149896
149900
149902
149916
149918
149935
149951
149952
149956
149968
149969
149984
149989
150001
150003
150004
150005
150012
150034
150039
150061
150066
150071
150085
150089
150106
150107
150109
150110
150118
150134
150138
150168
150199
150201
150207
150208
150209
150213
150217
150223
150226
150229
150234
150313
150316
150357
150368
150373
150375
150382
150391
150400
150452
150458
150476
150483
150484
150494
150501
150517
150522
150523
150553
150568
150578
150579
150593
150606
150615
150619
150626
150639
150647
150668
150673
150679
150689
150696
150703
150706
150715
150718
150726
150733
150734
150750
150752
150753
150755
150756
150775
150869
150870
150876
150881
150886
150887
150888
150896
150897
150901
150906
150908
150918
150958
150961
150979
150988
150991
151016
151017
151018
151034
151035
151040
151042
151053
151064
151068
151075
151076
151095
151106
151110
151131
151136
151137
151140
151154
151160
151164
151168
151171
151173
151180
151200
151207
151261
151267
151271
151272
151279
151313
151334
151338
151339
151342
151346
151353
151360
151364
151370
151371
151375
151393
151410
151437
151451
151468
151469
151482
151484
151507
151520
151553
151570
151573
151578
151597
151598
151602
151629
151653
151658
151659
151660
151669
151680
151683
151717
151731
151733
151734
151743
151750
151771
151777
151786
151787
151794
151796
151798
151811
151825
151845
151847
151862
151864
151886
151888
151902
151916
151922
151931
151936
151937
151987
151992
152034
152044
152053
152062
152072
152074
152077
152080
152081
152084
152087
152095
152096
152098
152101
152107
152108
152116
152120
152123
152127
152157
152164
152173
152178
152180
152184
152187
152193
152194
152201
152222
152228
152235
152245
152247
152250
152255
152257
152259
152266
152278
152279
152291
152293
152296
152302
152303
152308
152315
152324
152329
152336
152340
152342
152349
152352
152383
152390
152409
152412
152421
152450
152464
152474
152484
152495
152497
152520
152539
152553
152562
152563
152571
152583
152604
152617
152619
152622
152629
152635
152637
152639
152646
152647
152650
152657
152663
152665
152672
152707
152710
152724
152738
152751
152755
152766
152769
152782
152787
152790
152815
152826
152834
152838
152867
152874
152880
152939
152950
152977
152978
153003
153025
153026
153042
153059
153061
153065
153066
153070
153083
153089
153093
153094
153102
153107
153111
153117
153122
153125
153131
153135
153137
153146
153150
153161
153171
153178
153196
153203
153213
153217
153219
153223
153236
153253
153264
153273
153292
153299
153311
153322
153323
153329
153332
153333
153370
153396
153399
153404
153405
153409
153415
153420
153428
153430
153444
153455
153471
153487
153492
153499
153505
153558
153568
153582
153585
153588
153590
153598
153604
153607
153608
153665
153686
153688
153691
153699
153705
153711
153745
153753
153754
153797
153800
153802
153823
153827
153828
153831
153836
153837
153872
153877
153910
153924
153934
153950
153984
154012
154041
154047
154051
154053
154082
154088
154098
154100
154125
154137
154150
154156
154179
154208
154230
154288
154309
154344
154348
154357
154359
154368
154369
154386
154402
154416
154425
154433
154437
154439
154441
154456
154459
154462
154469
154476
154488
154491
154495
154518
154519
154538
154549
154596
154611
154617
154634
154655
154681
154708
154720
154723
154724
154751
154766
154780
154812
154824
154831
154832
154845
154853
154860
154869
154879
154886
154892
154900
154909
154914
154915
154924
154928
154933
154935
154948
154953
154954
154969
154980
154983
154988
154990
154995
155003
155005
155029
155053
155072
155082
155085
155108
155109
155127
155160
155166
155167
155172
155177
155182
155200
155233
155235
155240
155242
155244
155251
155263
155270
155272
155273
155287
155291
155296
155300
155314
155328
155334
155362
155372
155380
155399
155401
155403
155404
155415
155434
155436
155439
155449
155452
155474
155482
155521
155523
155531
155557
155559
155563
155574
155576
155618
155628
155630
155647
155657
155661
155670
155672
155673
155677
155710
155725
155727
155738
155749
155758
155767
155770
155788
155796
155813
155832
155838
155839
155850
155852
155858
155862
155880
155881
155883
155917
155921
155926
155932
155936
155940
155959
155980
155982
155988
156012
156019
156026
156046
156062
156068
156077
156083
156086
156098
156100
156105
156111
156129
156137
156141
156142
156148
156153
156195
156196
156223
156226
156228
156263
156265
156288
156301
156315
156333
156344
156354
156403
156408
156418
156424
156439
156440
156466
156475
156482
156484
156487
156488
156503
156513
156532
156571
156623
156627
156633
156648
156656
156658
156679
156697
156703
156716
156728
156746
156750
156755
156758
156763
156770
156782
156783
156785
156815
156824
156827
156837
156839
156854
156860
156880
156900
156912
156924
156925
156944
156947
156958
156962
157001
157004
157035
157045
157106
157108
157120
157162
157179
157216
157217
157220
157239
157240
157243
157244
157257
157270
157303
157334
157349
157364
157365
157373
157379
157422
157423
157424
157431
157469
157472
157478
157486
157498
157522
157526
157527
157542
157547
157550
157563
157576
157581
157626
157632
157638
157643
157650
157676
157679
157684
157711
157733
157745
157751
157761
157769
157773
157787
157806
157829
157832
157834
157835
157864
157876
157887
157914
157956
157958
157960
157972
157980
158001
158026
158065
158076
158100
158132
158149
158152
158157
158170
158174
158190
158218
158227
158252
158255
158286
158297
158313
158332
158334
158340
158369
158409
158421
158436
158439
158440
158465
158477
158482
158506
158507
158512
158531
158553
158595
158598
158660
158738
158740
158748
158749
158752
158753
158763
158768
158772
158777
158778
158785
158797
158805
158810
158814
158815
158819
158820
158825
158830
158838
158842
158847
158849
158855
158871
158883
158894
158907
158912
158916
158919
158926
158928
158931
158936
158947
158949
158952
158957
158961
158969
158974
158976
158979
158981
158982
159005
159006
159010
159029
159034
159051
159089
159142
159153
159156
159197
159212
159251
159259
159295
159303
159353
159365
159367
159394
159405
159417
159432
159444
159462
159471
159476
159478
159481
159521
159524
159526
159532
159534
159538
159559
159564
159570
159575
159579
159582
159584
159611
159620
159621
159636
159639
159643
159656
159661
159662
159665
159674
159690
159711
159719
159723
159735
159738
159744
159752
159754
159757
159801
159804
159844
159846
159860
159865
159879
159900
159927
159930
159933
159940
159947
159953
159990
159992
159998
160007
160009
160013
160017
160026
160029
160041
160042
160046
160054
160072
160075
160081
160092
160100
160101
160111
160113
160132
160138
160144
160151
160155
160160
160182
160188
160198
160202
160203
160225
160236
160237
160263
160268
160276
160277
160283
160305
160306
160326
160343
160354
160363
160367
160369
160373
160384
160399
160406
160417
160429
160433
160434
160441
160450
160454
160472
160476
160483
160490
160514
160515
160520
160531
160535
160539
160543
160546
160553
160557
160583
160585
160595
160605
160611
160651
160661
160662
160663
160670
160690
160691
160706
160708
160723
160730
160737
160740
160742
160763
160767
160774
160780
160781
160784
160786
160790
160800
160806
160811
160836
160840
160843
160845
160848
160854
160868
160887
160914
160934
160950
160954
160963
160975
160984
160996
160997
161013
161014
161017
161020
161033
161034
161044
161054
161058
161082
161092
161102
161105
161116
161122
161145
161148
161154
161181
161185
161202
161219
161229
161238
161243
161252
161287
161310
161330
161331
161336
161338
161350
161371
161382
161398
161425
161439
161441
161442
161476
161479
161482
161494
161495
161503
161513
161519
161546
161552
161553
161555
161557
161587
161607
161628
161629
161634
161656
161661
161670
161674
161680
161699
161716
161730
161731
161736
161740
161752
161753
161758
161778
161781
161795
161802
161829
161841
161844
161847
161848
161854
161858
161860
161863
161872
161886
161887
161888
161889
161899
161902
161910
161919
161923
161938
161967
161971
161982
161988
161996
162040
162044
162066
162092
162093
162095
162103
162109
162118
162141
162152
162198
162216
162217
162247
162263
162266
162268
162289
162307
162313
162318
162320
162322
162325
162329
162336
162347
162354
162371
162381
162391
162398
162424
162426
162446
162462
162506
162527
162532
162534
162542
162574
162587
162588
162592
162600
162605
162620
162636
162641
162652
162663
162674
162679
162702
162726
162748
162754
162764
162780
162784
162792
162811
162828
162831
162838
162844
162845
162853
162868
162880
162888
162893
162900
162968
162975
162987
163001
163003
163005
163019
163023
163026
163039
163060
163066
163083
163084
163096
163135
163137
163143
163144
163175
163190
163245
163265
163268
163271
163289
163291
163320
163322
163330
163339
163354
163366
163373
163380
163387
163400
163401
163403
163409
163410
163426
163487
163495
163514
163516
163520
163528
163549
163555
163566
163575
163595
163600
163607
163613
163639
163659
163663
163701
163715
163723
163727
163732
163740
163755
163771
163780
163798
163799
163822
163834
163847
163865
163883
163889
163913
163914
163919
163948
163953
163972
163980
163981
164013
164027
164029
164048
164053
164055
164057
164064
164075
164091
164100
164106
164119
164128
164137
164151
164153
164164
164167
164172
164173
164249
164265
164274
164289
164290
164302
164330
164345
164346
164383
164387
164393
164395
164396
164419
164433
164460
164525
164550
164578
164584
164593
164600
164610
164631
164641
164653
164691
164694
164709
164714
164736
164759
164765
164774
164779
164792
164793
164832
164836
164838
164856
164863
164887
164896
164924
164927
164944
164959
164965
165007
165010
165025
165033
165034
165042
165050
165051
165059
165060
165099
165101
165135
165142
165177
165202
165203
165235
165291
165294
165313
165334
165337
165341
165456
165495
165513
165528
165538
165547
165549
165550
165579
165606
165635
165670
165673
165690
165703
165724
165725
165733
165757
165787
165807
165826
165831
165843
165845
165870
165882
165896
165913
165916
165923
165925
165936
165947
165950
165978
166001
166035
166036
166058
166107
166129
166152
166155
166165
166189
166200
166203
166214
166240
166250
166251
166276
166333
166375
166376
166378
166419
166421
166431
166433
166453
166459
166486
166507
166515
166522
166523
166528
166530
166533
166541
166565
166574
166575
166593
166599
166607
166620
166628
166664
166666
166697
166713
166716
166725
166738
166760
166771
166789
166790
166830
166833
166843
166844
166847
166862
166867
166903
166943
166945
166990
167039
167079
167086
167087
167096
167137
167188
167190
167215
167216
167218
167240
167250
167253
167281
167319
167361
167363
167372
167380
167392
167402
167414
167424
167434
167444
167472
167475
167490
167500
167532
167534
167560
167581
167616
167638
167644
167660
167684
167700
167701
167712
167737
167745
167757
167772
167810
167812
167829
167833
167862
167870
167893
167898
167900
167974
167978
167979
167980
167985
168000
168001
168046
168051
168068
168071
168085
168086
168102
168158
168160
168168
168179
168185
168190
168194
168201
168223
168232
168238
168245
168247
168256
168276
168281
168292
168321
168324
168331
168335
168354
168412
168427
168429
168430
168439
168516
168531
168549
168551
168556
168557
168558
168559
168655
168673
168683
168684
168689
168696
168783
168784
168810
168814
168831
168838
168839
168848
168853
168863
168889
168917
168945
168949
168951
168961
168971
168975
168977
168979
168987
168991
168998
169006
169011
169016
169022
169042
169054
169056
169059
169089
169092
169095
169100
169103
169108
169111
169114
169116
169120
169121
169130
169132
169134
169143
169150
169151
169154
169156
169169
169175
169181
169183
169185
169189
169199
169200
169203
169211
169222
169224
169227
169230
169237
169239
169246
169247
169248
169249
169260
169261
169262
169263
169272
169273
169283
169286
169300
169318
169327
169346
169347
169350
169361
169378
169382
169386
169389
169394
169396
169404
169412
169413
169415
169417
169424
169425
169439
169457
169484
169489
169503
169512
169518
169533
169551
169553
169577
169579
169581
169606
169612
169614
169615
169617
169619
169629
169631
169639
169641
169646
169647
169650
169670
169699
169703
169706
169719
169721
169722
169723
169728
169735
169742
169760
169779
169795
169796
169797
169800
169814
169817
169818
169822
169892
169932
169938
169977
169983
170021
170053
170103
170147
170153
170164
170204
170245
170247
170253
170286
170367
170400
170410
170465
170484
170508
170521
170546
170570
170584
170605
170641
170652
170658
170674
170733
170801
170851
170854
170872
170887
170920
171098
171153
171171
171172
171202
171204
171222
171240
171298
171323
171356
171374
171381
171446
171454
171458
171462
171493
171502
171520
171544
171574
171585
171588
171654
171682
171742
171753
171774
171786
171803
171814
171869
171881
171893
171929
171937
171946
171954
171970
171971
171995
172043
172044
172060
172064
172093
172097
172103
172104
172118
172148
172153
172158
172182
172189
172196
172214
172246
172248
172293
172299
172304
172305
172325
172372
172401
172405
172429
172438
172463
172491
172505
172509
172510
172534
172544
172587
172590
172600
172614
172622
172631
172656
172679
172700
172709
172753
172776
172783
172799
172805
172808
172815
172822
172827
172871
172930
172941
172987
173019
173023
173033
173053
173062
173073
173105
173122
173141
173191
173215
173223
173231
173273
173289
173328
173377
173382
173399
173435
173462
173472
173526
173533
173600
173622
173637
173639
173667
173698
173714
173723
173744
173759
173775
173791
173801
173849
173874
173877
173893
173920
173925
173928
173935
173965
173976
174010
174016
174029
174034
174051
174052
174098
174119
174120
174137
174156
174163
174166
174172
174176
174183
174198
174211
174267
174298
174302
174319
174394
174408
174418
174419
174445
174456
174467
174469
174499
174500
174532
174548
174555
174556
174571
174573
174626
174629
174635
174641
174649
174653
174674
174713
174730
174747
174750
174765
174775
174785
174795
174796
174840
174850
174851
174887
174906
174907
174932
174942
174945
174954
174964
175002
175009
175033
175061
175066
175099
175139
175143
175154
175198
175213
175221
175263
175267
175295
175313
175323
175326
175393
175435
175437
175465
175487
175517
175543
175559
175570
175575
175588
175594
175599
175617
175631
175633
175650
175692
175753
175762
175785
175789
175792
175811
175817
175836
175850
175852
175862
175865
175916
175931
175941
175948
175956
175967
175992
176034
176057
176060
176067
176071
176091
176122
176134
176135
176155
176162
176217
176231
176255
176278
176288
176295
176308
176320
176323
176325
176373
176374
176376
176421
176429
176439
176473
176541
176543
176549
176595
176605
176643
176675
176689
176694
176720
176722
176751
176781
176821
176878
176883
176906
176910
176927
176969
176971
176972
177004
177022
177025
177034
177040
177054
177057
177063
177070
177097
177143
177150
177162
177205
177209
177219
177228
177247
177260
177274
177283
177295
177296
177312
177322
177323
177346
177347
177351
177360
177377
177401
177407
177428
177471
177474
177481
177485
177527
177532
177537
177551
177552
177558
177574
177593
177601
177606
177636
177675
177685
177694
177722
177727
177738
177787
177791
177824
177838
177844
177858
177860
177878
177883
177897
177923
177924
177932
177947
177968
177973
178004
178012
178022
178046
178048
178088
178093
178115
178116
178122
178150
178165
178170
178176
178177
178203
178229
178242
178263
178277
178292
178298
178311
178356
178359
178415
178421
178442
178444
178448
178454
178456
178462
178471
178478
178492
178498
178501
178504
178518
178520
178541
178590
178642
178657
178669
178686
178698
178709
178738
178757
178781
178799
178800
178812
178848
178868
178881
178894
178895
178912
178948
178968
178986
178987
178988
179024
179027
179072
179081
179082
179102
179106
179141
179154
179171
179183
179232
179249
179256
179266
179311
179340
179346
179378
179392
179403
179405
179416
179429
179462
179476
179513
179539
179543
179576
179582
179595
179601
179651
179664
179666
179669
179691
179707
179733
179734
179742
179743
179767
179768
179805
179812
179836
179843
179897
179923
179950
179977
180004
180014
180036
180040
180056
180075
180096
180137
180139
180164
180176
180178
180179
180215
180216
180225
180231
180240
180257
180264
180305
180310
180311
180343
180346
180352
180364
180367
180373
180394
180406
180430
180440
180441
180457
180458
180478
180515
180534
180547
180548
180574
180590
180592
180613
180614
180629
180670
180671
180690
180700
180733
180766
180783
180794
180808
180817
180836
180874
180889
180890
180904
180915
180927
180934
180935
180944
180945
180952
180994
180995
180998
181000
181005
181008
181015
181023
181027
181036
181041
181056
181063
181078
181089
181094
181119
181145
181149
181155
181171
181182
181198
181220
181221
181228
181243
181263
181290
181291
181341
181368
181399
181429
181431
181474
181501
181509
181511
181522
181534
181571
181573
181597
181605
181610
181653
181661
181677
181707
181711
181713
181727
181751
181755
181769
181788
181792
181801
181802
181815
181825
181840
181842
181848
181868
181887
181902
181906
181911
181912
181936
181945
181965
181971
181977
181992
181993
182013
182028
182034
182047
182055
182081
182082
182094
182116
182128
182184
182186
182193
182199
182204
182222
182226
182237
182262
182296
182305
182327
182343
182346
182358
182365
182373
182410
182417
182475
182497
182550
182556
182561
182569
182621
182640
182643
182672
182760
182761
182779
182807
182808
182820
182839
182862
182872
182876
182905
182924
182929
182987
183027
183084
183117
183120
183142
183150
183162
183167
183168
183194
183195
183199
183262
183267
183268
183307
183315
183331
183367
183382
183390
183398
183431
183451
183481
183497
183579
183583
183585
183596
183600
183630
183640
183641
183652
183766
183779
183803
183825
183849
183866
183878
183879
183924
183960
183994
184006
184012
184027
184036
184077
184086
184093
184104
184105
184107
184125
184135
184140
184174
184175
184179
184197
184198
184201
184218
184221
184277
184288
184289
184295
184296
184298
184307
184344
184368
184371
184393
184396
184414
184423
184452
184493
184504
184524
184527
184541
184544
184545
184550
184589
184656
184663
184676
184700
184706
184722
184760
184782
184794
184796
184798
184805
184839
184843
184862
184883
184892
184943
184949
184955
184964
185018
185019
185037
185038
185052
185079
185098
185104
185127
185149
185169
185173
185204
185210
185211
185233
185246
185267
185270
185275
185281
185286
185287
185361
185374
185396
185399
185401
185413
185416
185435
185440
185449
185474
185479
185514
185516
185520
185540
185555
185577
185587
185594
185600
185623
185625
185629
185630
185634
185639
185659
185671
185677
185730
185735
185736
185750
185786
185800
185810
185830
185859
185865
185871
185883
185889
185902
185952
185969
185996
186000
186009
186042
186043
186049
186059
186090
186104
186106
186107
186143
186144
186173
186204
186212
186233
186271
186312
186366
186414
186417
186427
186429
186430
186455
186458
186503
186524
186527
186544
186548
186581
186586
186600
186668
186669
186683
186712
186762
186777
186825
186845
186846
186863
186870
186879
186893
186963
186964
186976
186987
187020
187048
187069
187079
187099
187107
187112
187138
187142
187164
187169
187185
187206
187217
187264
187265
187279
187283
187303
187314
187323
187336
187352
187353
187375
187389
187398
187413
187417
187429
187461
187471
187518
187525
187547
187592
187595
187615
187626
187627
187652
187674
187679
187680
187682
187696
187698
187736
187748
187758
187760
187762
187778
187802
187836
187877
187894
187895
187913
187924
187941
188051
188061
188067
188095
188125
188135
188153
188154
188194
188226
188235
188241
188292
188311
188317
188331
188338
188339
188375
188387
188388
188395
188415
188424
188425
188431
188432
188433
188447
188451
188460
188468
188480
188487
188488
188523
188577
188606
188633
188634
188651
188659
188660
188671
188694
188761
188788
188789
188795
188807
188810
188824
188826
188827
188859
188871
188872
188885
188889
188900
188912
188932
188933
188947
188974
188987
188990
188991
189042
189107
189118
189162
189163
189164
189205
189206
189219
189221
189226
189265
189281
189304
189323
189326
189332
189346
189402
189404
189412
189414
189418
189456
189466
189499
189505
189520
189522
189551
189569
189602
189638
189643
189648
189662
189672
189687
189688
189716
189726
189768
189772
189778
189791
189799
189800
189809
189816
189824
189830
189832
189860
189867
189888
189914
189917
189945
189952
189955
190007
190021
190029
190036
190039
190047
190066
190087
190092
190103
190128
190145
190169
190202
190252
190318
190355
190422
190428
190439
190440
190445
190462
190500
190503
190521
190529
190540
190553
190561
190586
190600
190608
190632
190633
190652
190660
190662
190663
190664
190691
190692
190738
190744
190745
190775
190781
190787
190788
190808
190818
190841
190842
190873
190882
190886
190898
190900
190904
190948
190952
190961
190971
190982
190997
190998
191010
191011
191016
191040
191053
191054
191055
191065
191066
191086
191088
191107
191126
191133
191188
191189
191198
191200
191201
191214
191219
191220
191223
191260
191261
191263
191280
191305
191320
191372
191375
191383
191421
191458
191476
191483
191497
191500
191506
191540
191553
191573
191574
191596
191601
191605
191608
191623
191624
191625
191640
191641
191644
191663
191687
191697
191706
191719
191723
191737
191741
191752
191781
191793
191796
191806
191842
191864
191871
191872
191874
191880
191889
191910
191911
191957
191958
192002
192011
192026
192047
192065
192089
192145
192162
192176
192213
192224
192233
192235
192241
192254
192263
192280
192285
192292
192307
192325
192342
192343
192346
192402
192446
192452
192454
192469
192483
192485
192558
192559
192575
192577
192590
192606
192663
192671
192678
192691
192721
192722
192723
192729
192754
192756
192774
192810
192825
192826
192841
192845
192858
192875
192910
192921
192949
192978
192995
193003
193014
193039
193040
193062
193064
193101
193102
193110
193111
193146
193147
193165
193172
193180
193185
193224
193226
193241
193242
193250
193264
193277
193285
193300
193303
193307
193316
193419
193420
193428
193443
193465
193466
193478
193485
193512
193521
193549
193563
193568
193588
193589
193649
193678
193693
193720
193732
193748
193810
193815
193827
193834
193844
193857
193860
193903
193907
193946
193964
193972
194010
194037
194047
194049
194062
194064
194072
194075
194119
194120
194142
194143
194155
194166
194175
194210
194237
194240
194241
194248
194256
194276
194277
194303
194306
194315
194342
194345
194346
194377
194418
194419
194433
194449
194467
194469
194503
194539
194549
194560
194568
194594
194604
194614
194642
194657
194666
194682
194686
194697
194715
194716
194730
194749
194764
194765
194786
194795
194814
194837
194847
194855
194870
194886
194905
194919
194938
194940
194947
194964
194991
194993
195013
195030
195144
195145
195173
195191
195193
195203
195207
195223
195236
195259
195260
195266
195293
195301
195317
195324
195396
195406
195424
195425
195446
195472
195478
195483
195503
195507
195508
195518
195543
195556
195568
195588
195649
195659
195667
195670
195739
195751
195753
195762
195778
195789
195793
195807
195834
195836
195868
195892
195904
195918
195946
196002
196030
196044
196063
196071
196100
196102
196114
196147
196158
196167
196169
196170
196171
196203
196220
196221
196286
196315
196336
196337
196338
196350
196352
196361
196369
196382
196389
196433
196455
196460
196479
196529
196531
196546
196547
196587
196633
196638
196658
196678
196718
196726
196728
196747
196791
196797
196811
196818
196829
196849
196861
196886
196903
196914
196932
196934
196993
197039
197040
197068
197071
197072
197073
197087
197098
197141
197145
197159
197186
197201
197233
197245
197248
197260
197261
197284
197286
197300
197312
197323
197373
197389
197390
197392
197393
197417
197420
197508
197549
197550
197582
197601
197612
197617
197633
197634
197647
197650
197666
197669
197684
197705
197711
197722
197733
197749
197773
197792
197805
197828
197878
197885
197912
197924
197951
197975
197978
197985
198060
198090
198103
198110
198113
198114
198125
198152
198192
198203
198204
198205
198208
198253
198277
198290
198292
198293
198310
198322
198324
198379
198380
198385
198396
198465
198482
198483
198503
198535
198536
198562
198595
198612
198624
198625
198640
198684
198688
198697
198720
198808
198824
198856
198882
198909
198912
198913
198938
198958
198959
198979
198980
199015
199047
199071
199077
199078
199100
199118
199165
199182
199188
199189
199237
199238
199247
199252
199261
199267
199279
199303
199307
199328
199339
199348
199385
199446
199448
199451
199464
199499
199500
199521
199522
199548
199549
199566
199587
199592
199594
199604
199618
199649
199701
199754
199756
199758
199801
199808
199840
199841
199848
199878
199912
199913
199915
199931
199933
199941
199943
199946
199956
199959
199985
200002
200003
200028
200032
200033
200045
200076
200077
200122
200123
200141
200142
200150
200167
200169
200170
200185
200186
200187
200193
200205
200217
200227
200229
200258
200267
200268
200271
200282
200311
200313
200316
200335
200338
200358
200375
200377
200421
200427
200431
200452
200465
200468
200484
200506
200519
200544
200575
200578
200636
200637
200645
200685
200698
200699
200702
200713
200746
200755
200780
200781
200789
200802
200804
200837
200838
200894
200907
200919
200920
200937
200957
200958
200959
200960
200961
200976
200978
201017
201036
201038
201077
201092
201116
201126
201156
201162
201170
201178
201179
201181
201193
201197
201212
201227
201230
201235
201239
201267
201283
201288
201296
201307
201308
201323
201359
201364
201385
201404
201422
201473
201474
201515
201516
201543
201555
201569
201599
201604
201613
201633
201644
201653
201662
201696
201698
201699
201701
201718
201721
201722
201778
201779
201780
201787
201802
201804
201852
201872
201880
201917
201943
201947
201950
201962
201974
201981
201982
202028
202044
202047
202060
202062
202064
202077
202079
202155
202161
202186
202201
202210
202236
202258
202259
202262
202332
202334
202357
202360
202361
202378
202381
202423
202438
202478
202512
202523
202528
202560
202588
202589
202591
202619
202641
202655
202674
202680
202733
202734
202736
202788
202805
202821
202843
202877
202890
202896
202946
202983
202988
202989
203002
203040
203041
203127
203152
203185
203244
203267
203289
203311
203338
203341
203362
203363
203377
203436
203472
203473
203499
203539
203543
203561
203563
203584
203599
203609
203610
203621
203639
203640
203646
203680
203681
203682
203683
203708
203713
203742
203760
203776
203778
203789
203801
203805
203810
203830
203834
203836
203847
203848
203895
203904
203939
203942
203953
203962
203973
203982
203997
204011
204012
204015
204016
204040
204041
204112
204138
204144
204155
204158
204228
204232
204246
204327
204328
204363
204366
204418
204419
204446
204484
204494
204519
204535
204537
204565
204569
204587
204588
204591
204629
204631
204645
204646
204651
204663
204665
204683
204684
204699
204700
204770
204792
204866
204867
204910
204915
204917
204955
204996
205002
205055
205057
205061
205093
205095
205102
205106
205166
205172
205193
205194
205195
205196
205198
205199
205213
205217
205218
205221
205228
205262
205269
205281
205316
205320
205334
205335
205339
205342
205416
205419
205467
205473
205557
205564
205585
205692
205694
205696
205724
205740
205766
205774
205783
205785
205802
205805
205838
205841
205842
205872
205878
205883
205889
205904
205906
205931
205944
205955
205962
205984
206001
206013
206014
206015
206020
206036
206078
206126
206128
206129
206154
206163
206169
206177
206182
206183
206196
206197
206213
206227
206249
206297
206304
206339
206342
206357
206362
206366
206379
206447
206458
206482
206515
206544
206562
206612
206618
206619
206638
206663
206669
206670
206672
206673
206692
206710
206716
206737
206779
206780
206793
206803
206804
206807
206808
206810
206812
206829
206874
206879
206882
206890
206916
206957
206964
207055
207079
207103
207107
207175
207176
207179
207180
207224
207229
207247
207272
207286
207305
207319
207324
207348
207363
207364
207401
207404
207405
207431
207435
207460
207461
207462
207465
207466
207490
207491
207531
207548
207565
207571
207579
207597
207618
207675
207695
207727
207759
207760
207762
207785
207788
207792
207816
207833
207856
207857
207876
207914
207915
207918
207921
207938
207942
207962
207971
207982
207984
207985
207987
207993
207997
208015
208053
208082
208100
208130
208164
208183
208207
208226
208227
208231
208240
208241
208246
208268
208296
208306
208307
208308
208309
208310
208338
208362
208380
208444
208456
208485
208489
208504
208517
208580
208585
208586
208632
208637
208638
208649
208690
208702
208711
208713
208731
208733
208736
208737
208738
208780
208785
208786
208789
208813
208814
208832
208836
208861
208877
208906
208912
208933
208936
208957
208958
208959
208988
209009
209010
209011
209022
209060
209069
209081
209084
209098
209114
209116
209129
209162
209188
209195
209210
209213
209214
209237
209264
209283
209286
209328
209329
209330
209358
209370
209379
209403
209404
209409
209441
209446
209449
209457
209493
209494
209546
209612
209645
209646
209675
209679
209680
209696
209759
209760
209790
209795
209810
209821
209829
209830
209854
209859
209880
209884
209901
209908
209962
209966
209977
209978
209999
210004
210012
210026
210027
210046
210064
210083
210091
210111
210115
210126
210163
210164
210172
210185
210186
210187
210192
210211
210217
210237
210241
210293
210307
210333
210342
210396
210430
210450
210486
210502
210504
210525
210554
210561
210597
210606
210607
210624
210652
210660
210709
210710
210718
210720
210752
210753
210754
210755
210778
210779
210811
210812
210820
210835
210850
210852
210871
210872
210875
210895
210904
210931
210977
210999
211000
211035
211036
211052
211053
211055
211085
211097
211117
211118
211150
211177
211178
211220
211249
211252
211288
211293
211303
211304
211315
211342
211348
211352
211353
211382
211405
211409
211446
211447
211464
211465
211471
211508
211531
211588
211614
211615
211620
211621
211624
211645
211647
211652
211656
211657
211680
211706
211737
211767
211768
211797
211802
211803
211817
211881
211957
211958
211966
211984
211985
211991
212035
212042
212064
212083
212086
212107
212135
212140
212159
212160
212161
212172
212199
212212
212213
212214
212215
212256
212257
212261
212285
212320
212325
212326
212342
212343
212352
212375
212393
212402
212418
212430
212443
212458
212461
212462
212489
212517
212554
212578
212582
212628
212633
212634
212654
212656
212657
212680
212718
212741
212742
212743
212746
212747
212749
212752
212775
212776
212809
212810
212811
212823
212892
212895
212897
212928
212981
213022
213046
213080
213098
213099
213100
213104
213105
213106
213111
213132
213139
213154
213155
213164
213224
213239
213250
213251
213254
213257
213288
213308
213313
213314
213318
213336
213337
213342
213343
213374
213389
213410
213411
213414
213415
213419
213493
213527
213528
213532
213579
213580
213581
213596
213608
213611
213634
213664
213665
213668
213670
213695
213698
213731
213732
213769
213772
213882
213888
213904
213920
213953
213977
214007
214008
214010
214011
214041
214047
214072
214097
214134
214151
214156
214162
214182
214189
214210
214220
214221
214227
214261
214264
214287
214295
214332
214333
214334
214403
214404
214405
214431
214460
214490
214520
214527
214604
214688
214736
214738
214739
214767
214773
214790
214791
214828
214879
214892
214899
214917
214926
214931
214958
214959
214984
214993
215012
215015
215052
215056
215082
215088
215091
215136
215141
215163
215164
215165
215167
215169
215173
215174
215199
215230
215260
215261
215265
215293
215321
215322
215325
215332
215380
215385
215408
215409
215419
215435
215463
215492
215495
215558
215577
215587
215607
215608
215644
215672
215676
215688
215713
215714
215741
215742
215751
215806
215807
215838
215870
215890
215907
215953
215998
216004
216017
216027
216033
216057
216062
216067
216114
216115
216122
216123
216124
216127
216128
216134
216161
216200
216250
216258
216276
216277
216281
216282
216311
216312
216317
216318
216344
216352
216361
216372
216373
216380
216387
216399
216428
216454
216455
216456
216461
216486
216501
216504
216530
216532
216537
216548
216603
216614
216703
216705
216706
216714
216738
216747
216751
216752
216774
216777
216778
216781
216843
216896
216955
216976
216989
217013
217014
217029
217059
217060
217087
217094
217112
217114
217143
217149
217153
217158
217169
217183
217220
217221
217227
217234
217252
217289
217294
217295
217331
217358
217384
217385
217392
217393
217394
217480
217485
217486
217487
217493
217494
217497
217511
217518
217557
217567
217601
217625
217630
217631
217632
217658
217660
217691
217694
217695
217696
217727
217741
217754
217755
217772
217790
217796
217831
217835
217864
217866
217912
217915
217947
218008
218010
218014
218015
218042
218043
218046
218075
218080
218156
218157
218165
218166
218210
218216
218217
218261
218287
218366
218399
218404
218440
218441
218442
218484
218489
218511
218512
218521
218554
218568
218576
218577
218644
218702
218705
218709
218710
218730
218746
218749
218767
218768
218775
218784
218802
218811
218855
218881
218883
218909
218939
218940
218976
218979
218980
218988
219024
219028
219040
219056
219057
219085
219171
219174
219175
219201
219202
219232
219239
219240
219268
219269
219294
219340
219367
219368
219370
219371
219373
219377
219378
219384
219394
219408
219425
219459
219503
219509
219563
219600
219601
219602
219610
219618
219649
219652
219658
219676
219689
219718
219719
219745
219747
219748
219749
219781
219818
219819
219856
219868
219896
219929
219930
219937
219976
220002
220006
220055
220088
220091
220120
220146
220147
220186
220200
220263
220264
220274
220281
220291
220307
220308
220309
220310
220315
220340
220344
220373
220379
220413
220414
220417
220418
220419
220484
220490
220497
220527
220531
220544
220545
220551
220570
220582
220607
220647
220653
220655
220676
220716
220717
220722
220726
220755
220756
220757
220758
220759
220766
220799
220821
220827
220838
220841
220887
220888
220899
220923
220943
220958
220977
221005
221006
221007
221008
221036
221037
221040
221051
221052
221069
221087
221092
221111
221147
221162
221177
221215
221216
221217
221265
221282
221304
221306
221307
221328
221354
221374
221381
221390
221412
221413
221416
221446
221450
221481
221501
221506
221543
221547
221553
221585
221650
221653
221684
221691
221692
221714
221719
221731
221733
221836
221839
221840
221843
221906
221912
221915
221916
221938
221939
221946
222017
222031
222063
222067
222074
222108
222184
222200
222227
222229
222248
222266
222269
222285
222329
222341
222368
222371
222414
222421
222434
222436
222440
222441
222471
222501
222542
222554
222601
222609
222638
222646
222678
222679
222691
222714
222715
222716
222720
222721
222722
222740
222751
222789
222824
222828
222829
222834
222864
222905
222930
222955
222957
223001
223002
223004
223005
223006
223015
223016
223017
223032
223042
223049
223087
223090
223092
223120
223122
223128
223138
223181
223199
223201
223217
223218
223240
223245
223263
223280
223290
223305
223327
223333
223367
223372
223394
223400
223403
223407
223432
223436
223464
223467
223478
223533
223564
223569
223652
223663
223685
223686
223695
223728
223735
223736
223761
223762
223767
223768
223786
223802
223803
223804
223810
223811
223849
223857
223864
223876
223879
223880
223881
223884
223955
223996
223997
224011
224028
224068
224069
224072
224076
224116
224120
224191
224199
224202
224263
224264
224268
224272
224273
224274
224275
224308
224313
224314
224321
224357
224358
224360
224389
224395
224425
224433
224442
224462
224463
224465
224466
224482
224511
224535
224549
224551
224604
224610
224621
224622
224653
224654
224665
224705
224706
224714
224715
224752
224781
224790
224791
224831
224836
224869
224874
224875
224906
224924
224946
224952
224959
224992
224994
225001
225015
225020
225025
225042
225043
225057
225065
225154
225155
225170
225171
225204
225235
225236
225237
225239
225240
225275
225276
225288
225289
225313
225319
225346
225352
225353
225356
225399
225400
225424
225425
225427
225431
225466
225507
225551
225556
225588
225592
225638
225647
225648
225685
225720
225754
225760
225761
225762
225767
225773
225802
225806
225846
225852
225854
225857
225886
225894
225941
225947
225948
225975
225982
225983
225994
226028
226029
226036
226073
226086
226125
226126
226178
226179
226209
226211
226212
226232
226275
226314
226319
226342
226354
226357
226367
226388
226401
226406
226437
226438
226443
226492
226493
226503
226524
226569
226580
226582
226584
226615
226616
226617
226649
226650
226669
226696
226699
226703
226706
226711
226769
226771
226796
226797
226803
226848
226852
226903
226904
226905
226910
226918
226958
226963
227020
227051
227057
227094
227104
227146
227150
227151
227165
227251
227333
227364
227391
227392
227393
227399
227421
227485
227492
227512
227516
227522
227530
227552
227602
227603
227641
227645
227654
227666
227692
227696
227704
227747
227748
227753
227757
227758
227792
227793
227802
227809
227840
227849
227852
227874
227876
227887
227916
227917
227919
227920
227927
227964
227971
227972
228004
228048
228049
228051
228113
228114
228115
228169
228170
228189
228207
228210
228216
228220
228257
228260
228261
228268
228276
228289
228305
228341
228361
228378
228379
228389
228393
228421
228422
228426
228469
228470
228471
228472
228520
228527
228530
228563
228600
228601
228610
228613
228614
228615
228616
228619
228657
228658
228679
228700
228701
228743
228744
228753
228811
228845
228849
228853
228881
228882
228894
228895
228906
228938
228943
228953
228962
228997
228998
229000
229009
229037
229038
229039
229040
229109
229120
229121
229169
229173
229174
229175
229190
229221
229248
229265
229266
229275
229294
229314
229327
229331
229337
229379
229404
229424
229431
229432
229434
229472
229474
229480
229481
229482
229492
229515
229527
229541
229558
229611
229654
229656
229657
229660
229698
229718
229719
229749
229791
229792
229793
229796
229797
229805
229840
229841
229842
229844
229851
229852
229853
229854
229871
229888
229909
229973
229976
230019
230020
230070
230077
230124
230125
230127
230129
230147
230189
230218
230219
230250
230270
230271
230328
230336
230376
230386
230394
230430
230461
230466
230480
230501
230507
230510
230511
230525
230565
230576
230604
230638
230654
230663
230681
230688
230692
230701
230702
230709
230730
230735
230736
230737
230785
230787
230796
230833
230837
230842
230849
230874
230892
230893
230895
230900
230904
230906
230908
230932
230942
230947
230993
231039
231045
231057
231096
231097
231098
231104
231114
231135
231137
231138
231143
231153
231187
231188
231189
231191
231193
231194
231205
231208
231235
231240
231289
231291
231345
231380
231383
231384
231388
231389
231417
231477
231480
231490
231570
231571
231579
231584
231590
231629
231630
231635
231670
231678
231762
231763
231768
231775
231792
231806
231813
231824
231865
231867
231925
231965
231966
231967
231968
231975
231982
231985
232031
232034
232065
232066
232075
232084
232133
232138
232176
232177
232230
232243
232259
232264
232312
232319
232324
232353
232357
232358
232359
232421
232422
232429
232482
232483
232490
232499
232512
232532
232533
232545
232586
232589
232640
232641
232692
232709
232723
232730
232731
232732
232738
232742
232743
232778
232786
232799
232800
232833
232834
232857
232888
232904
232981
233046
233055
233064
233095
233104
233137
233138
233169
233170
233199
233221
233231
233233
233246
233273
233275
233320
233326
233387
233420
233455
233461
233462
233468
233475
233508
233518
233526
233561
233570
233666
233667
233671
233675
233691
233692
233693
233694
233737
233738
233742
233785
233786
233794
233795
233838
233839
233851
233896
233903
233917
233955
233956
233962
233974
234063
234070
234076
234077
234133
234134
234140
234141
234190
234212
234214
234240
234241
234242
234251
234252
234267
234299
234317
234323
234324
234335
234336
234337
234389
234393
234402
234403
234404
234453
234460
234469
234490
234523
234531
234570
234575
234576
234587
234642
234645
234696
234712
234750
234751
234752
234757
234805
234812
234850
234858
234887
234937
234960
234965
234966
235013
235019
235020
235062
235063
235079
235130
235138
235139
235140
235181
235185
235189
235190
235197
235212
235237
235238
235291
235298
235299
235359
235375
235409
235416
235417
235418
235424
235432
235444
235457
235458
235461
235474
235516
235523
235577
235594
235638
235648
235658
235696
235697
235703
235726
235759
235768
235801
235826
235827
235840
235844
235891
235892
235946
235989
235998
235999
236000
236016
236055
236061
236112
236129
236158
236161
236163
236167
236168
236175
236176
236177
236191
236194
236216
236223
236271
236273
236277
236278
236292
236335
236362
236370
236393
236450
236457
236464
236493
236494
236502
236503
236509
236510
236576
236628
236629
236630
236640
236641
236689
236690
236691
236692
236735
236743
236762
236789
236790
236791
236802
236810
236865
236875
236905
236923
236924
236927
236941
236995
237005
237041
237051
237052
237084
237089
237093
237096
237097
237099
237168
237186
237195
237229
237287
237293
237305
237344
237345
237352
237403
237415
237419
237466
237474
237481
237519
237523
237524
237575
237576
237577
237583
237584
237592
237621
237622
237623
237624
237625
237626
237634
237642
237688
237691
237754
237760
237768
237814
237815
237822
237829
237840
237876
237877
237878
237895
237903
237940
237941
237947
237976
238003
238059
238060
238072
238073
238115
238116
238120
238121
238122
238130
238241
238242
238260
238299
238309
238310
238315
238367
238368
238387
238412
238419
238423
238430
238471
238473
238483
238497
238499
238501
238531
238532
238533
238545
238546
238547
238553
238603
238604
238611
238616
238624
238625
238626
238627
238682
238685
238686
238742
238743
238750
238755
238808
238815
238816
238830
238836
238877
238910
238940
238963
238964
238972
238990
238994
238996
239011
239058
239059
239060
239070
239139
239145
239159
239175
239206
239216
239228
239241
239266
239273
239274
239275
239279
239340
239341
239401
239402
239409
239410
239456
239457
239508
239519
239563
239569
239632
239643
239683
239701
239724
239766
239767
239774
239826
239830
239852
239881
239886
239887
239888
239890
239904
239957
240003
240004
240050
240057
240058
240059
240126
240184
240185
240187
240191
240192
240256
240262
240312
240331
240337
240370
240371
240419
240423
240435
240475
240478
240484
240485
240490
240491
240501
240542
240558
240621
240627
240634
240647
240672
240714
240738
240747
240809
240810
240811
240825
240826
240883
240944
240953
240954
240959
240999
241000
241004
241010
241017
241029
241066
241071
241076
241135
241142
241149
241150
241239
241244
241247
241256
241315
241387
241396
241405
241406
241455
241456
241465
241466
241482
241518
241524
241525
241526
241527
241528
241536
241537
241538
241547
241549
241589
241591
241595
241605
241606
241607
241608
241645
241646
241660
241724
241773
241788
241834
241842
241843
241853
241855
241856
241858
241921
241931
241977
241978
241980
241999
242007
242041
242042
242044
242058
242111
242115
242126
242128
242133
242134
242135
242188
242189
242190
242202
242229
242259
242260
242269
242331
242332
242339
242344
242400
242404
242451
242453
242457
242476
242484
242536
242595
242607
242633
242734
242742
242743
242744
242801
242802
242803
242804
242810
242811
242812
242857
242866
242867
242868
242940
242942
242946
242947
242948
242997
243010
243018
243028
243068
243076
243077
243096
243149
243156
243162
243208
243210
243216
243217
243218
243224
243262
243271
243272
243273
243298
243343
243344
243349
243361
243369
243376
243394
243407
243417
243418
243424
243437
243438
243439
243449
243495
243496
243508
243512
243515
243568
243587
243637
243638
243639
243650
243661
243662
243707
243719
243724
243725
243726
243728
243736
243737
243747
243802
243803
243812
243813
243814
243869
243879
243880
243881
243892
243933
243935
243941
243946
244012
244013
244020
244032
244048
244083
244144
244145
244147
244154
244156
244174
244217
244218
244219
244220
244228
244229
244287
244288
244306
244368
244370
244403
244404
244448
244464
244483
244527
244528
244529
244540
244541
244553
244554
244611
244615
244694
244695
244701
244702
244762
244773
244834
244839
244840
244845
244919
244924
244928
244935
244996
244997
245045
245046
245083
245113
245120
245121
245122
245123
245124
245125
245132
245144
245197
245198
245206
245217
245218
245271
245274
245275
245276
245277
245292
245333
245335
245341
245345
245357
245406
245428
245439
245440
245449
245511
245514
245577
245579
245580
245582
245584
245607
245610
245627
245642
245717
245721
245795
245804
245805
245806
245857
245869
245875
245885
245938
245939
246024
246027
246028
246036
246039
246050
246077
246114
246115
246124
246125
246206
246207
246215
246216
246217
246231
246232
246283
246296
246301
246309
246349
246354
246355
246366
246389
246433
246500
246561
246576
246585
246628
246633
246746
246782
246786
246787
246792
246807
246808
246809
246810
246811
246812
246813
246814
246815
246816
246817
246818
246819
246820
246821
246822
246823
246824
246825
246826
246827
246828
246829
246830
246831
246832
246833
246834
246835
246836
246838
246839
246840
246841
246842
246843
246844
246845
246846
246847
246848
246849
246850
246851
246852
246853
246854
246855
246856
246857
246858
246859
246860
246861
246862
246863
246864
246865
246866
246868
246869
246870
246871
246872
246873
246874
246876
246877
246878
246880
246881
246882
246883
246884
246885
246886
246887
246888
246889
246890
246891
246892
246893
246894
246895
246896
246897
246898
246899
246900
246901
246902
246903
246904
246905
246906
246908
246909
246910
246911
246912
246913
246914
246915
246916
246917
246918
246919
246920
246921
246922
246923
246924
246925
246926
246927
246928
246929
246930
246931
246932
246933
246934
246935
246936
246937
246938
246939
246940
246941
246942
246943
246944
246945
246946
246947
246949
246950
246951
246952
246953
246954
246955
246956
246957
246958
246959
246960
246961
246962
246963
246964
246965
246966
246967
246968
246969
246970
246971
246972
246973
246974
246975
246976
246977
246978
246979
246980
246981
246982
246983
246985
246986
246987
246988
246989
246990
246991
246992
246993
246994
246995
246996
246997
246998
246999
247000
247002
247003
247004
247005
247006
247007
247008
247009
247010
247011
247012
247013
247015
247016
247017
247018
247019
247020
247021
247022
247023
247024
247025
247026
247027
247028
247029
247030
247031
247032
247033
247034
247035
247036
247037
247038
247039
247040
247041
247042
247043
247044
247045
247046
247047
247049
247050
247051
247052
247054
247056
247057
247058
247059
247060
247064
247065
247066
247067
247068
247069
247072
247073
247074
247075
247076
247077
247078
247079
247080
247081
247082
247084
247085
247086
247087
247088
247089
247090
247091
247092
247095
247096
247097
247098
247099
247100
247101
247102
247103
247104
247106
247107
247108
247109
247110
247111
247112
247113
247114
247115
247117
247118
247119
247120
247121
247123
247124
247125
247126
247127
247129
247130
247131
247132
247134
247135
247136
247137
247138
247139
247140
247141
247142
247143
247144
247145
247146
247147
247148
247149
247150
247151
247152
247153
247154
247156
247157
247158
247159
247160
247161
247162
247163
247164
247165
247166
247167
247168
247169
247170
247171
247173
247174
247175
247177
247178
247179
247180
247181
247183
247184
247185
247186
247187
247188
247189
247191
247192
247193
247194
247195
247197
247198
247199
247200
247202
247203
247204
247205
247206
247207
247208
247209
247210
247211
247212
247213
247214
247215
247216
247217
247218
247219
247220
247221
247222
247223
247224
247225
247226
247227
247228
247229
247230
247231
247232
247233
247234
247235
247236
247237
247238
247239
247240
247241
247242
247243
247244
247245
247246
247247
247248
247249
247250
247251
247252
247253
247254
247255
247256
247257
247258
247259
247260
247261
247262
247263
247264
247265
247266
247267
247268
247269
247270
247271
247272
247273
247274
247275
247276
247277
247278
247279
247280
247281
247282
247283
247284
247285
247286
247287
247288
247289
247290
247291
247292
247293
247294
247295
247296
247297
247298
247299
247300
247301
247302
247303
247304
247305
247306
247307
247308
247309
247310
247311
247312
247313
247314
247315
247316
247317
247318
247319
247320
247321
247322
247323
247324
247325
247326
247327
247328
247329
247330
247331
247332
247333
247334
247335
247336
247337
247338
247339
247340
247341
247342
247343
247344
247345
247346
247347
247348
247349
247350
247351
247352
247353
247354
247355
247356
247357
247358
247359
247360
247361
247362
247363
247364
247365
247366
247367
247368
247369
247370
247371
247372
247373
247374
247375
247376
247377
247378
247379
247380
247381
247382
247383
247384
247385
247386
247387
247388
247389
247390
247391
247392
247393
247394
247395
247396
247397
247398
247399
247400
247401
247402
247403
247404
247405
247406
247407
247408
247409
247410
247411
247412
247413
247414
247415
247416
247417
247418
247419
247420
247421
247422
247423
247424
247425
247426
247427
247428
247429
247430
247431
247432
247433
247434
247435
247436
247437
247438
247439
247440
247441
247442
247443
247444
247445
247446
247447
247448
247449
247450
247451
247453
247454
247455
247456
247457
247458
247459
247460
247461
247462
247463
247464
247465
247466
247467
247468
247469
247470
247471
247472
247473
247474
247475
247476
247477
247478
247479
247480
247481
247482
247483
247484
247485
247486
247487
247488
247489
247490
247491
247492
247493
247494
247495
247496
247497
247498
247499
247500
247501
247502
247503
247504
247505
247506
247507
247508
247509
247510
247511
247512
247513
247514
247515
247516
247517
247518
247519
247520
247521
247522
247523
247524
247525
247526
247527
247528
247529
247530
247531
247532
247533
247534
247535
247536
247537
247539
247540
247541
247542
247543
247544
247545
247546
247547
247548
247549
247550
247551
247552
247553
247554
247555
247556
247557
247558
247559
247560
247561
247562
247563
247564
247565
247566
247567
247568
247569
247570
247571
247572
247573
247575
247576
247577
247578
247579
247580
247581
247582
247583
247584
247585
247586
247587
247588
247589
247590
247591
247592
247593
247594
247595
247596
247597
247598
247599
247600
247601
247602
247603
247604
247605
247606
247607
247608
247609
247610
247611
247612
247613
247614
247615
247616
247617
247618
247619
247620
247621
247622
247623
247624
247625
247626
247627
247628
247629
247630
247631
247632
247633
247634
247635
247636
247637
247638
247639
247641
247642
247643
247644
247645
247646
247647
247648
247649
247650
247651
247652
247653
247654
247655
247656
247657
247658
247659
247660
247661
247662
247663
247664
247665
247666
247667
247668
247669
247670
247671
247672
247674
247675
247676
247677
247678
247679
247680
247681
247682
247683
247684
247685
247686
247687
247688
247689
247690
247691
247692
247693
247694
247695
247696
247697
247698
247699
247700
247701
247702
247703
247704
247705
247706
247707
247708
247709
247710
247711
247712
247713
247714
247715
247716
247717
247718
247719
247720
247721
247722
247723
247724
247725
247726
247727
247728
247729
247730
247731
247732
247733
247734
247735
247736
247737
247738
247739
247740
247741
247742
247743
247744
247745
247746
247747
247748
247749
247750
247751
247752
247753
247754
247755
247756
247757
247758
247759
247760
247761
247762
247763
247764
247765
247766
247767
247768
247769
247770
247771
247772
247773
247774
247775
247776
247777
247778
247779
247780
247781
247782
247783
247784
247785
247786
247787
247788
247789
247791
247792
247793
247794
247795
247796
247797
247798
247799
247800
247801
247803
247804
247805
247807
247808
247809
247810
247811
247812
247813
247814
247815
247816
247817
247818
247819
247821
247822
247823
247824
247825
247827
247828
247829
247830
247831
247832
247833
247834
247835
247836
247837
247838
247839
247840
247841
247842
247843
247844
247845
247846
247847
247848
247849
247850
247851
247852
247853
247854
247855
247856
247857
247858
247859
247860
247861
247862
247863
247864
247865
247866
247867
247868
247869
247870
247871
247872
247873
247874
247875
247876
247877
247878
247879
247881
247882
247883
247884
247885
247886
247887
247888
247889
247890
247891
247892
247893
247894
247895
247896
247897
247898
247899
247900
247901
247902
247903
247904
247905
247906
247907
247908
247909
247910
247911
247912
247913
247914
247915
247916
247917
247918
247919
247920
247921
247922
247923
247924
247925
247926
247927
247928
247929
247930
247931
247932
247933
247934
247935
247936
247937
247938
247939
247941
247942
247943
247944
247945
247946
247947
247948
247949
247950
247951
247952
247953
247954
247955
247956
247957
247958
247959
247960
247961
247962
247963
247964
247965
247966
247967
247968
247969
247970
247971
247972
247973
247974
247975
247976
247977
247978
247979
247981
247982
247983
247984
247985
247986
247987
247988
247989
247990
247991
247992
247993
247995
247996
247997
247998
247999
248000
248001
248002
248003
248004
248005
248006
248007
248008
248010
248011
248012
248013
248014
248015
248016
248017
248018
248019
248020
248021
248022
248023
248024
248025
248026
248027
248028
248029
248030
248031
248033
248034
248035
248036
248037
248038
248039
248041
248042
248044
248045
248046
248047
248048
248049
248050
248051
248052
248053
248054
248055
248056
248057
248058
248059
248060
248061
248062
248063
248064
248065
248066
248067
248068
248069
248070
248071
248072
248073
248074
248075
248076
