0
1
2
3
4
5
6
7
8
9
10
11
12
13
14
15
16
17
18
19
20
21
22
23
24
25
26
27
28
29
30
31
32
33
34
35
36
37
38
39
40
41
42
43
44
45
46
47
48
49
50
51
52
53
54
55
56
57
58
59
60
61
62
63
64
65
66
67
68
69
70
71
72
73
74
75
76
77
78
79
80
81
82
83
84
85
86
87
88
89
90
91
92
93
94
95
96
97
98
99
100
101
102
103
104
105
106
107
108
109
110
111
112
113
114
115
116
117
118
119
120
121
122
123
124
125
126
127
128
129
130
131
132
133
134
135
136
137
138
139
140
141
142
143
144
145
146
147
148
149
150
151
152
153
154
155
156
157
158
159
160
161
162
163
164
165
166
167
168
169
170
171
172
173
174
175
176
177
178
179
180
181
182
183
184
185
186
187
188
189
190
191
192
193
194
195
196
197
198
199
200
201
202
203
204
205
206
207
208
209
210
211
212
213
214
215
216
217
218
219
220
221
222
223
224
225
226
227
228
229
230
231
232
233
234
235
236
237
238
239
240
241
242
243
244
245
246
247
248
249
250
251
252
253
254
255
256
257
258
259
260
261
262
263
264
265
266
267
268
269
270
271
272
273
274
275
276
277
278
279
280
281
282
283
284
285
286
287
288
289
290
291
292
293
294
295
296
297
298
299
300
301
302
303
304
305
306
307
308
309
310
311
312
313
314
315
316
317
318
319
320
321
322
323
324
325
326
327
328
329
330
331
332
333
334
335
336
337
338
339
340
341
342
343
344
345
346
347
348
349
350
351
352
353
354
355
356
357
358
359
360
361
362
363
364
365
366
367
368
369
370
371
372
373
374
375
376
377
378
379
380
381
382
383
384
385
386
387
388
389
390
391
392
393
394
395
396
397
398
399
400
401
402
403
404
405
406
407
408
409
410
411
412
413
414
415
416
417
418
419
420
421
422
423
424
425
426
427
428
429
430
431
432
433
434
435
436
437
438
439
440
441
442
443
444
445
446
447
448
449
450
451
452
453
454
455
456
457
458
459
460
461
462
463
464
465
466
467
468
469
470
471
472
473
474
475
476
477
478
479
480
481
482
483
484
485
486
487
488
489
490
491
492
493
494
495
496
497
498
499
500
501
502
503
504
505
506
507
508
509
510
511
512
513
514
515
516
517
518
519
520
521
522
523
524
525
526
527
528
529
530
531
532
533
534
535
536
537
538
539
540
541
542
543
544
545
546
547
548
549
550
551
552
553
554
555
556
557
558
559
560
561
562
563
564
565
566
567
568
569
570
571
572
573
574
575
576
577
578
579
580
581
582
583
584
585
586
587
588
589
590
591
592
593
594
595
596
597
598
599
600
601
602
603
604
605
606
607
608
609
610
611
612
613
614
615
616
617
618
619
620
621
622
623
624
625
626
627
628
629
630
631
632
633
634
635
636
637
638
639
640
641
642
643
644
645
646
647
648
649
650
651
652
653
654
655
656
657
658
659
660
661
662
663
664
665
666
667
668
669
670
671
672
673
674
675
676
677
678
679
680
681
682
683
684
685
686
687
688
689
690
691
692
693
694
695
696
697
698
699
700
701
702
703
704
705
706
707
708
709
710
711
712
713
714
715
716
717
718
719
720
721
722
723
724
725
726
727
728
729
730
731
732
733
734
735
736
737
738
739
740
741
742
743
744
745
746
747
748
749
750
751
752
753
754
755
756
757
758
759
760
761
762
763
764
765
766
767
768
769
770
771
772
773
774
775
776
777
778
779
780
781
782
783
784
785
786
787
788
789
790
791
792
793
794
795
796
797
798
799
800
801
802
803
804
805
806
807
808
809
810
811
812
813
814
815
816
817
818
819
821
822
823
824
825
826
827
828
829
830
831
832
833
834
835
836
837
838
839
840
841
842
843
844
846
847
848
849
850
851
852
853
854
855
856
857
858
859
860
861
862
863
864
866
867
868
869
870
871
872
873
874
875
876
877
878
879
880
881
882
883
884
885
886
887
888
889
890
891
892
893
894
895
896
897
898
899
900
901
902
903
904
905
906
907
908
909
910
911
912
913
914
915
916
917
918
919
920
921
922
923
924
925
926
927
928
929
930
931
932
933
934
935
936
937
938
939
940
941
942
943
944
945
946
947
948
949
950
951
952
953
954
955
956
957
958
959
960
961
962
963
964
965
966
967
968
969
970
971
972
973
974
975
976
977
978
979
980
981
982
983
984
985
986
987
988
989
990
991
992
993
994
995
996
997
998
999
1000
1001
1002
1003
1004
1005
1006
1007
1008
1009
1010
1011
1012
1013
1014
1015
1016
1017
1018
1019
1020
1021
1022
1024
1025
1026
1027
1028
1029
1030
1031
1032
1033
1034
1035
1037
1038
1039
1040
1041
1042
1043
1044
1045
1046
1047
1048
1049
1050
1051
1052
1053
1054
1055
1056
1057
1058
1059
1060
1061
1062
1063
1064
1065
1066
1067
1068
1069
1070
1071
1072
1073
1074
1075
1076
1077
1078
1079
1080
1081
1082
1083
1084
1085
1086
1087
1088
1089
1090
1091
1092
1093
1094
1095
1096
1097
1098
1099
1100
1101
1102
1103
1104
1105
1106
1107
1108
1109
1110
1111
1112
1113
1114
1115
1116
1117
1118
1119
1120
1121
1122
1123
1124
1126
1127
1128
1129
1130
1131
1132
1133
1134
1135
1136
1137
1138
1139
1140
1141
1142
1143
1144
1145
1146
1147
1148
1149
1150
1151
1152
1153
1154
1155
1156
1157
1158
1159
1160
1161
1162
1163
1164
1165
1166
1167
1168
1169
1170
1171
1172
1173
1174
1175
1176
1178
1179
1180
1181
1182
1183
1184
1185
1186
1187
1188
1189
1190
1191
1192
1193
1194
1195
1196
1197
1198
1199
1200
1201
1202
1203
1204
1205
1206
1207
1208
1209
1210
1211
1212
1213
1214
1215
1216
1217
1218
1219
1220
1221
1222
1223
1224
1225
1226
1227
1228
1229
1230
1231
1232
1233
1234
1235
1236
1237
1238
1239
1240
1241
1242
1243
1244
1245
1246
1247
1248
1249
1250
1251
1252
1253
1254
1255
1256
1257
1258
1259
1260
1261
1262
1263
1264
1265
1266
1267
1268
1269
1270
1271
1272
1273
1274
1275
1276
1277
1278
1279
1280
1281
1282
1283
1284
1285
1286
1287
1288
1289
1290
1291
1292
1293
1294
1295
1296
1297
1298
1299
1300
1301
1302
1303
1304
1305
1306
1307
1308
1309
1310
1311
1312
1313
1314
1315
1316
1317
1318
1319
1320
1321
1322
1323
1324
1325
1326
1327
1328
1329
1330
1331
1332
1333
1334
1335
1336
1337
1338
1339
1340
1341
1342
1343
1344
1345
1346
1347
1348
1349
1350
1351
1352
1353
1354
1355
1356
1357
1358
1359
1360
1361
1362
1363
1364
1365
1366
1367
1368
1369
1370
1371
1372
1373
1374
1375
1376
1377
1378
1379
1380
1381
1382
1384
1385
1386
1387
1388
1389
1390
1391
1392
1393
1394
1395
1396
1397
1399
1400
1401
1402
1403
1404
1405
1406
1407
1408
1409
1410
1411
1412
1413
1414
1415
1416
1417
1418
1419
1420
1421
1422
1423
1424
1425
1426
1427
1428
1429
1430
1431
1432
1433
1434
1435
1436
1437
1438
1439
1440
1441
1442
1443
1444
1445
1446
1447
1448
1449
1450
1451
1452
1453
1454
1455
1456
1457
1458
1459
1460
1461
1462
1463
1464
1465
1466
1467
1468
1469
1470
1471
1472
1473
1474
1475
1476
1477
1478
1479
1480
1481
1482
1483
1484
1485
1486
1487
1488
1489
1490
1491
1492
1493
1494
1495
1496
1497
1498
1499
1500
1501
1502
1503
1504
1505
1506
1507
1508
1509
1510
1511
1512
1513
1514
1515
1516
1517
1518
1519
1520
1521
1522
1523
1524
1525
1526
1527
1528
1529
1530
1531
1532
1533
1534
1535
1536
1537
1538
1539
1540
1541
1542
1543
1544
1545
1546
1547
1548
1549
1550
1551
1552
1553
1554
1555
1556
1557
1558
1559
1560
1561
1562
1563
1564
1565
1566
1567
1568
1569
1570
1571
1572
1573
1574
1575
1576
1577
1578
1579
1580
1581
1582
1583
1584
1585
1586
1587
1588
1589
1590
1591
1592
1593
1594
1595
1596
1597
1599
1600
1601
1602
1603
1604
1605
1606
1607
1608
1609
1610
1611
1612
1615
1616
1617
1618
1619
1620
1621
1622
1623
1624
1625
1626
1627
1628
1630
1631
1632
1633
1634
1635
1636
1637
1638
1639
1640
1641
1642
1643
1644
1645
1646
1647
1648
1649
1650
1651
1652
1653
1654
1655
1656
1657
1658
1659
1660
1661
1662
1663
1665
1666
1667
1668
1669
1670
1671
1672
1673
1674
1675
1676
1678
1679
1680
1681
1682
1683
1684
1685
1686
1687
1688
1689
1690
1691
1692
1693
1694
1695
1696
1697
1698
1699
1700
1701
1702
1703
1704
1705
1706
1707
1708
1709
1710
1711
1712
1713
1714
1715
1716
1717
1718
1719
1720
1721
1722
1723
1724
1725
1726
1727
1728
1729
1730
1731
1732
1733
1734
1735
1736
1737
1738
1739
1740
1741
1742
1743
1744
1745
1746
1747
1748
1749
1750
1752
1753
1754
1755
1756
1757
1759
1760
1761
1762
1763
1764
1765
1766
1767
1768
1769
1770
1771
1772
1773
1774
1775
1776
1777
1778
1779
1780
1781
1782
1783
1784
1785
1786
1787
1788
1789
1790
1791
1792
1793
1794
1795
1796
1797
1798
1799
1801
1802
1803
1804
1805
1806
1807
1808
1809
1810
1811
1812
1813
1814
1815
1816
1817
1818
1819
1820
1821
1822
1824
1825
1826
1827
1828
1829
1830
1831
1832
1833
1834
1835
1836
1837
1838
1839
1840
1841
1842
1843
1844
1845
1846
1847
1848
1849
1850
1851
1852
1853
1854
1855
1856
1857
1858
1859
1860
1861
1862
1864
1865
1866
1867
1868
1869
1870
1871
1872
1873
1874
1875
1876
1877
1878
1879
1880
1881
1882
1883
1884
1885
1886
1887
1888
1889
1890
1891
1892
1893
1894
1895
1896
1897
1898
1899
1900
1901
1902
1903
1904
1905
1906
1907
1908
1909
1910
1911
1912
1914
1915
1916
1917
1918
1919
1920
1921
1922
1923
1924
1925
1926
1927
1928
1929
1930
1931
1932
1934
1936
1937
1938
1940
1941
1942
1943
1944
1945
1946
1947
1948
1949
1950
1951
1952
1953
1954
1955
1956
1957
1958
1959
1960
1962
1963
1964
1965
1966
1967
1968
1969
1970
1971
1972
1973
1974
1975
1976
1977
1978
1979
1980
1981
1982
1983
1984
1985
1986
1987
1988
1989
1990
1992
1993
1994
1995
1996
1997
1998
1999
2000
2001
2002
2003
2004
2005
2006
2007
2008
2009
2010
2011
2012
2014
2015
2017
2018
2019
2020
2021
2022
2023
2024
2025
2026
2027
2028
2029
2030
2031
2032
2033
2034
2035
2036
2037
2038
2039
2040
2041
2042
2043
2044
2045
2046
2047
2048
2050
2051
2052
2053
2054
2055
2056
2057
2058
2059
2060
2061
2062
2063
2064
2065
2067
2068
2069
2070
2071
2072
2073
2074
2075
2076
2077
2078
2079
2080
2081
2082
2083
2084
2085
2086
2087
2088
2089
2090
2091
2093
2094
2095
2096
2098
2099
2100
2101
2103
2104
2105
2106
2107
2108
2109
2110
2111
2112
2113
2114
2115
2116
2117
2118
2119
2120
2121
2122
2123
2124
2125
2126
2127
2128
2129
2130
2131
2132
2133
2134
2135
2136
2137
2138
2139
2140
2141
2142
2143
2144
2145
2146
2147
2148
2149
2150
2151
2152
2153
2154
2155
2156
2158
2159
2160
2161
2162
2163
2164
2165
2166
2167
2168
2170
2171
2172
2173
2174
2175
2176
2177
2178
2179
2180
2181
2182
2184
2185
2186
2187
2188
2189
2190
2191
2192
2193
2194
2195
2196
2197
2198
2199
2200
2201
2202
2203
2204
2205
2206
2208
2209
2210
2211
2212
2213
2215
2216
2217
2218
2220
2221
2222
2224
2225
2226
2227
2228
2229
2230
2231
2232
2233
2234
2235
2236
2237
2238
2239
2240
2241
2243
2244
2245
2246
2247
2248
2249
2250
2251
2252
2253
2254
2255
2256
2257
2258
2259
2260
2261
2262
2263
2264
2265
2266
2267
2268
2269
2270
2271
2272
2273
2274
2275
2276
2277
2278
2279
2280
2282
2283
2284
2285
2286
2287
2288
2289
2290
2291
2292
2293
2294
2295
2296
2297
2298
2299
2300
2301
2302
2303
2304
2305
2306
2307
2308
2309
2310
2311
2312
2313
2314
2315
2316
2318
2319
2320
2321
2322
2323
2324
2325
2326
2327
2328
2329
2330
2331
2332
2333
2334
2335
2336
2337
2338
2339
2341
2342
2343
2344
2345
2346
2347
2348
2349
2350
2353
2354
2355
2356
2357
2358
2359
2360
2361
2362
2364
2366
2367
2368
2369
2370
2372
2373
2374
2375
2376
2377
2378
2379
2380
2381
2382
2383
2384
2385
2386
2387
2388
2389
2390
2391
2392
2393
2394
2395
2396
2397
2398
2399
2400
2401
2402
2403
2404
2405
2406
2407
2408
2409
2410
2411
2412
2413
2414
2415
2416
2418
2420
2421
2422
2423
2424
2425
2426
2427
2428
2429
2430
2432
2433
2434
2435
2436
2437
2438
2439
2440
2441
2442
2443
2444
2445
2446
2447
2448
2450
2452
2453
2454
2456
2457
2458
2459
2460
2461
2462
2463
2464
2465
2466
2467
2468
2469
2470
2471
2472
2473
2475
2476
2477
2478
2479
2480
2481
2482
2483
2484
2485
2486
2487
2488
2490
2491
2492
2493
2494
2495
2496
2497
2498
2499
2500
2501
2502
2503
2504
2505
2506
2507
2508
2509
2510
2512
2513
2515
2516
2517
2518
2519
2520
2521
2522
2523
2524
2525
2526
2527
2528
2529
2530
2531
2532
2533
2534
2535
2536
2537
2538
2539
2540
2541
2542
2543
2544
2545
2547
2548
2549
2550
2551
2552
2553
2554
2556
2557
2558
2559
2560
2561
2562
2563
2564
2565
2566
2567
2568
2569
2570
2571
2572
2573
2574
2575
2576
2577
2578
2579
2580
2581
2582
2583
2585
2586
2587
2588
2589
2590
2591
2592
2593
2594
2595
2596
2597
2598
2599
2600
2601
2602
2603
2604
2605
2607
2608
2609
2610
2611
2612
2613
2614
2615
2617
2618
2619
2621
2622
2623
2624
2625
2626
2627
2628
2629
2630
2631
2632
2633
2634
2635
2636
2637
2639
2640
2641
2642
2643
2644
2645
2646
2647
2648
2649
2651
2652
2653
2654
2655
2656
2657
2658
2659
2660
2661
2662
2663
2664
2665
2666
2668
2669
2670
2671
2673
2674
2675
2676
2677
2678
2679
2680
2681
2682
2683
2684
2685
2686
2687
2688
2689
2690
2691
2692
2693
2694
2695
2696
2697
2698
2699
2700
2701
2702
2703
2704
2705
2706
2707
2708
2709
2711
2712
2713
2714
2715
2716
2717
2718
2719
2720
2721
2722
2723
2724
2725
2726
2727
2729
2730
2731
2732
2733
2734
2736
2737
2738
2739
2740
2741
2742
2743
2744
2745
2746
2747
2748
2749
2750
2751
2752
2754
2755
2756
2757
2758
2759
2760
2761
2762
2763
2764
2765
2766
2767
2768
2769
2770
2771
2772
2773
2774
2775
2776
2777
2779
2780
2781
2782
2783
2784
2785
2786
2787
2788
2789
2790
2791
2792
2793
2794
2795
2796
2797
2798
2799
2800
2801
2802
2803
2804
2805
2806
2807
2808
2809
2810
2811
2813
2814
2815
2816
2817
2818
2820
2821
2822
2823
2824
2825
2826
2827
2828
2829
2830
2831
2832
2833
2834
2835
2836
2837
2838
2839
2840
2841
2842
2843
2844
2845
2846
2847
2848
2849
2850
2851
2852
2854
2855
2856
2857
2858
2859
2860
2861
2862
2863
2864
2865
2866
2867
2868
2869
2870
2871
2872
2873
2874
2875
2876
2877
2878
2879
2880
2881
2883
2884
2885
2887
2888
2891
2892
2893
2894
2895
2896
2897
2898
2899
2900
2901
2902
2903
2904
2905
2906
2907
2908
2909
2910
2911
2912
2913
2914
2915
2916
2917
2918
2919
2920
2921
2922
2923
2924
2925
2926
2928
2929
2930
2931
2932
2933
2934
2935
2937
2938
2939
2940
2941
2942
2943
2944
2945
2946
2947
2948
2949
2950
2951
2952
2953
2954
2955
2956
2957
2958
2959
2960
2961
2962
2963
2964
2965
2966
2967
2968
2969
2970
2971
2972
2973
2974
2975
2976
2977
2978
2979
2980
2981
2982
2983
2984
2985
2986
2987
2988
2989
2990
2991
2992
2993
2994
2995
2996
2997
2998
3000
3001
3002
3004
3005
3006
3007
3008
3009
3010
3011
3012
3014
3015
3016
3017
3018
3019
3020
3021
3022
3023
3024
3025
3026
3027
3028
3029
3031
3032
3033
3034
3035
3036
3037
3038
3039
3040
3041
3042
3043
3044
3045
3046
3047
3048
3049
3050
3051
3052
3053
3054
3055
3056
3057
3058
3059
3060
3061
3062
3063
3064
3065
3066
3067
3069
3070
3071
3072
3073
3074
3075
3076
3077
3078
3079
3081
3082
3083
3084
3085
3086
3087
3088
3089
3090
3091
3092
3094
3095
3097
3099
3100
3101
3102
3104
3105
3106
3107
3108
3109
3110
3111
3112
3113
3114
3115
3116
3117
3118
3120
3122
3123
3124
3125
3126
3127
3128
3129
3130
3131
3132
3133
3134
3135
3136
3137
3138
3139
3140
3141
3142
3143
3144
3145
3146
3147
3148
3149
3150
3151
3152
3153
3154
3155
3156
3157
3158
3159
3160
3161
3162
3163
3164
3165
3166
3167
3168
3170
3171
3172
3173
3174
3175
3176
3177
3178
3179
3180
3181
3183
3184
3186
3187
3188
3189
3190
3191
3192
3193
3194
3196
3197
3198
3199
3200
3201
3202
3203
3204
3205
3207
3208
3209
3210
3212
3213
3214
3215
3216
3217
3218
3219
3221
3222
3223
3224
3225
3226
3227
3228
3229
3231
3232
3233
3234
3235
3237
3238
3239
3240
3241
3242
3243
3244
3246
3247
3248
3249
3250
3251
3252
3253
3254
3255
3256
3257
3258
3260
3262
3263
3264
3265
3266
3267
3268
3269
3270
3271
3272
3273
3274
3275
3276
3277
3278
3279
3280
3281
3282
3283
3284
3285
3286
3287
3288
3289
3290
3291
3292
3293
3294
3295
3296
3297
3298
3299
3300
3301
3302
3303
3304
3305
3306
3307
3308
3309
3310
3311
3312
3313
3314
3315
3316
3317
3318
3319
3320
3322
3323
3324
3325
3326
3327
3328
3329
3330
3331
3332
3333
3334
3335
3336
3337
3339
3340
3341
3342
3343
3344
3345
3346
3347
3348
3349
3350
3351
3352
3354
3355
3356
3357
3358
3359
3360
3361
3362
3363
3364
3365
3366
3367
3369
3370
3371
3372
3373
3374
3375
3376
3377
3378
3379
3380
3381
3382
3383
3384
3385
3386
3387
3388
3389
3390
3391
3392
3393
3394
3395
3396
3397
3398
3399
3400
3401
3402
3403
3404
3405
3406
3407
3408
3409
3410
3412
3413
3414
3415
3416
3417
3418
3420
3421
3422
3423
3424
3425
3426
3427
3428
3429
3430
3431
3432
3433
3434
3435
3436
3437
3438
3439
3440
3442
3443
3444
3445
3446
3447
3448
3449
3450
3451
3452
3455
3456
3457
3458
3459
3460
3461
3462
3463
3464
3465
3466
3467
3468
3469
3470
3471
3472
3473
3474
3476
3477
3478
3479
3480
3481
3482
3484
3485
3486
3487
3488
3489
3490
3491
3492
3493
3494
3495
3496
3497
3498
3499
3500
3501
3502
3503
3504
3505
3506
3507
3508
3509
3510
3511
3512
3513
3514
3515
3516
3517
3518
3519
3520
3521
3522
3523
3524
3525
3526
3527
3528
3529
3531
3533
3534
3535
3536
3537
3538
3539
3541
3542
3543
3544
3545
3546
3547
3548
3549
3550
3551
3552
3553
3554
3555
3556
3557
3558
3559
3560
3561
3562
3563
3564
3565
3566
3567
3568
3569
3570
3571
3572
3573
3574
3575
3576
3577
3578
3579
3580
3581
3582
3583
3584
3585
3586
3587
3588
3589
3590
3591
3592
3593
3594
3595
3596
3597
3598
3599
3600
3601
3602
3603
3604
3605
3606
3607
3608
3609
3610
3611
3613
3614
3615
3617
3618
3619
3620
3621
3622
3623
3624
3625
3626
3627
3628
3629
3630
3631
3632
3633
3634
3635
3636
3637
3638
3639
3641
3642
3644
3645
3646
3648
3649
3650
3651
3652
3653
3654
3655
3656
3657
3658
3659
3660
3661
3662
3663
3664
3665
3666
3667
3668
3669
3670
3671
3672
3675
3676
3677
3678
3679
3680
3681
3682
3683
3684
3686
3687
3689
3690
3691
3692
3693
3694
3695
3696
3697
3700
3701
3702
3703
3704
3705
3706
3707
3708
3709
3710
3711
3712
3713
3714
3715
3716
3717
3718
3719
3720
3721
3722
3723
3724
3725
3726
3727
3728
3729
3730
3731
3732
3733
3734
3736
3737
3738
3739
3740
3741
3742
3743
3744
3745
3746
3747
3748
3749
3750
3751
3752
3753
3754
3755
3756
3757
3758
3759
3760
3761
3762
3763
3764
3765
3766
3767
3768
3769
3771
3772
3773
3774
3775
3776
3778
3779
3780
3782
3783
3784
3785
3786
3787
3788
3789
3790
3791
3792
3793
3794
3795
3796
3797
3798
3799
3801
3802
3803
3804
3805
3806
3807
3808
3809
3810
3811
3812
3813
3814
3815
3816
3817
3818
3819
3820
3821
3822
3824
3825
3826
3827
3828
3829
3830
3831
3832
3833
3834
3835
3836
3837
3838
3839
3840
3841
3842
3843
3844
3845
3847
3848
3849
3850
3851
3852
3853
3854
3855
3856
3857
3858
3859
3860
3861
3863
3864
3865
3866
3867
3868
3869
3870
3872
3874
3875
3876
3877
3878
3879
3882
3883
3884
3885
3886
3887
3888
3889
3890
3891
3892
3895
3897
3898
3899
3900
3901
3902
3903
3905
3906
3907
3908
3909
3910
3911
3912
3913
3914
3915
3916
3917
3918
3919
3920
3921
3922
3923
3924
3925
3926
3927
3928
3929
3930
3931
3933
3934
3935
3936
3937
3938
3939
3940
3943
3944
3945
3946
3947
3949
3950
3951
3952
3953
3954
3955
3956
3957
3958
3959
3960
3961
3962
3964
3965
3966
3967
3968
3971
3972
3974
3975
3976
3977
3978
3979
3980
3981
3982
3983
3984
3985
3986
3987
3988
3989
3990
3991
3992
3993
3994
3995
3996
3997
3998
3999
4000
4001
4002
4003
4004
4005
4006
4007
4008
4009
4010
4011
4012
4013
4014
4015
4016
4017
4018
4019
4020
4021
4022
4023
4024
4025
4026
4027
4028
4029
4030
4031
4032
4034
4035
4036
4037
4038
4040
4041
4042
4043
4044
4045
4046
4047
4048
4049
4050
4051
4052
4053
4054
4055
4056
4057
4058
4059
4060
4062
4063
4064
4065
4066
4067
4068
4069
4070
4071
4072
4073
4074
4075
4076
4077
4078
4079
4080
4081
4082
4083
4084
4087
4088
4089
4090
4091
4092
4093
4094
4095
4096
4097
4098
4099
4100
4101
4102
4104
4105
4106
4107
4108
4109
4110
4111
4112
4114
4115
4116
4117
4118
4119
4120
4121
4122
4123
4124
4125
4126
4127
4128
4129
4130
4131
4132
4133
4134
4136
4137
4138
4139
4140
4141
4143
4144
4145
4146
4147
4148
4149
4150
4151
4152
4154
4155
4156
4158
4159
4160
4161
4162
4163
4164
4165
4166
4167
4168
4169
4170
4171
4172
4173
4174
4175
4176
4177
4178
4179
4180
4181
4182
4183
4184
4185
4186
4188
4189
4190
4191
4192
4193
4194
4195
4196
4197
4199
4200
4202
4203
4204
4205
4206
4207
4209
4210
4211
4212
4213
4214
4216
4217
4219
4220
4221
4222
4223
4224
4225
4226
4227
4228
4229
4230
4232
4233
4234
4235
4236
4237
4238
4239
4240
4241
4242
4243
4244
4245
4246
4247
4248
4249
4251
4252
4253
4254
4255
4256
4257
4258
4259
4260
4261
4262
4263
4265
4266
4267
4268
4269
4270
4271
4272
4273
4274
4275
4276
4277
4278
4279
4281
4282
4283
4284
4285
4286
4287
4288
4289
4290
4291
4292
4293
4294
4296
4297
4299
4300
4301
4303
4304
4306
4307
4308
4309
4310
4311
4312
4313
4314
4315
4316
4317
4318
4319
4320
4321
4322
4323
4324
4325
4327
4328
4329
4330
4331
4332
4334
4335
4336
4337
4338
4339
4340
4341
4342
4343
4344
4345
4346
4347
4348
4350
4351
4352
4353
4354
4355
4356
4357
4358
4359
4360
4361
4362
4364
4365
4367
4368
4369
4370
4371
4372
4373
4374
4375
4377
4378
4379
4380
4381
4382
4383
4384
4385
4386
4387
4389
4390
4391
4392
4393
4394
4395
4396
4397
4398
4399
4400
4401
4403
4404
4405
4406
4407
4409
4410
4412
4413
4414
4415
4416
4417
4418
4419
4420
4421
4422
4424
4425
4426
4427
4428
4429
4430
4431
4432
4433
4434
4435
4436
4437
4438
4439
4440
4441
4442
4443
4444
4445
4446
4447
4448
4449
4450
4451
4452
4453
4454
4455
4456
4457
4458
4459
4460
4461
4462
4463
4464
4465
4466
4467
4468
4469
4470
4471
4472
4473
4474
4475
4477
4478
4479
4480
4481
4482
4483
4485
4486
4487
4489
4490
4491
4492
4493
4494
4495
4496
4497
4498
4499
4500
4501
4502
4503
4504
4505
4506
4507
4508
4509
4512
4514
4515
4516
4518
4519
4520
4521
4522
4523
4524
4525
4526
4527
4528
4529
4530
4531
4532
4534
4535
4536
4537
4538
4539
4540
4541
4542
4543
4545
4546
4547
4548
4549
4550
4551
4552
4553
4554
4555
4556
4557
4558
4559
4560
4561
4562
4563
4564
4565
4566
4567
4568
4570
4571
4572
4573
4574
4575
4577
4578
4580
4581
4582
4583
4584
4585
4586
4587
4588
4589
4590
4591
4592
4593
4594
4595
4596
4598
4599
4600
4601
4602
4603
4605
4606
4608
4609
4610
4611
4612
4613
4615
4616
4617
4618
4619
4620
4621
4622
4623
4624
4625
4628
4629
4630
4631
4632
4633
4634
4635
4637
4638
4639
4640
4641
4644
4645
4648
4649
4650
4651
4652
4653
4654
4656
4657
4658
4659
4660
4661
4662
4663
4664
4665
4666
4667
4668
4669
4670
4671
4672
4673
4674
4675
4676
4677
4678
4679
4680
4681
4682
4683
4684
4685
4686
4687
4688
4689
4691
4692
4693
4694
4695
4696
4697
4698
4699
4701
4702
4703
4704
4706
4707
4708
4709
4710
4711
4712
4713
4714
4715
4716
4717
4718
4719
4720
4721
4722
4723
4725
4726
4727
4729
4730
4731
4732
4733
4734
4735
4736
4737
4738
4740
4741
4742
4744
4745
4746
4747
4748
4749
4750
4751
4752
4753
4754
4755
4756
4757
4758
4759
4761
4762
4763
4764
4766
4767
4768
4769
4770
4771
4773
4774
4775
4777
4778
4779
4780
4781
4782
4783
4784
4785
4786
4787
4789
4790
4791
4792
4793
4794
4795
4796
4798
4799
4800
4801
4802
4803
4804
4805
4806
4807
4808
4809
4810
4811
4814
4816
4817
4818
4820
4821
4822
4823
4825
4826
4827
4828
4829
4830
4831
4832
4833
4834
4836
4837
4838
4839
4840
4841
4842
4843
4844
4845
4846
4847
4848
4849
4850
4851
4852
4853
4854
4855
4856
4858
4859
4860
4861
4862
4863
4866
4867
4868
4870
4871
4873
4874
4875
4876
4878
4879
4880
4881
4882
4883
4884
4885
4886
4887
4888
4889
4890
4891
4892
4893
4895
4896
4897
4898
4899
4900
4901
4902
4903
4904
4905
4906
4907
4908
4909
4910
4911
4912
4913
4916
4917
4918
4919
4920
4921
4922
4923
4924
4925
4926
4927
4928
4929
4930
4931
4932
4933
4934
4935
4936
4937
4938
4939
4941
4942
4943
4944
4945
4946
4947
4950
4951
4952
4953
4954
4955
4956
4957
4958
4959
4960
4961
4962
4963
4964
4965
4966
4967
4968
4969
4970
4971
4972
4973
4974
4976
4977
4978
4979
4980
4981
4982
4983
4984
4985
4986
4987
4989
4990
4991
4992
4993
4994
4995
4996
4997
4998
5000
5001
5003
5004
5005
5006
5007
5008
5009
5010
5011
5012
5013
5014
5015
5016
5018
5019
5020
5021
5022
5023
5024
5025
5026
5027
5028
5029
5030
5031
5032
5036
5037
5038
5039
5040
5041
5042
5043
5044
5045
5046
5047
5048
5049
5050
5051
5052
5053
5055
5057
5058
5059
5061
5062
5064
5065
5066
5067
5068
5069
5070
5071
5072
5073
5074
5075
5076
5077
5078
5079
5080
5081
5082
5083
5084
5085
5087
5088
5089
5090
5091
5092
5093
5094
5095
5096
5097
5098
5099
5101
5102
5103
5104
5105
5106
5108
5109
5110
5111
5112
5113
5114
5115
5116
5117
5118
5119
5120
5121
5122
5123
5125
5126
5127
5128
5129
5130
5131
5132
5133
5134
5135
5136
5137
5138
5139
5140
5141
5142
5143
5144
5145
5146
5147
5148
5149
5150
5151
5152
5153
5154
5155
5157
5158
5160
5161
5162
5163
5164
5165
5166
5167
5168
5169
5170
5171
5172
5173
5174
5175
5176
5177
5178
5179
5180
5181
5182
5183
5184
5186
5187
5188
5189
5190
5191
5192
5193
5194
5195
5196
5197
5198
5199
5200
5201
5202
5203
5204
5205
5206
5208
5210
5211
5212
5213
5214
5215
5216
5217
5218
5219
5221
5222
5223
5224
5225
5226
5227
5228
5229
5230
5231
5232
5235
5236
5237
5238
5239
5241
5242
5243
5245
5246
5247
5248
5249
5251
5252
5253
5254
5255
5257
5258
5259
5260
5261
5262
5263
5264
5265
5267
5268
5270
5271
5272
5273
5274
5275
5276
5277
5278
5279
5280
5281
5282
5283
5284
5285
5287
5288
5289
5290
5291
5292
5293
5295
5296
5297
5298
5299
5301
5302
5303
5304
5305
5306
5307
5308
5309
5310
5312
5313
5314
5315
5316
5317
5318
5319
5320
5321
5323
5324
5325
5326
5327
5328
5330
5331
5332
5334
5335
5337
5338
5339
5340
5342
5343
5344
5345
5346
5347
5348
5349
5350
5351
5352
5353
5354
5355
5356
5357
5358
5359
5360
5361
5362
5363
5364
5365
5366
5367
5368
5369
5370
5371
5372
5373
5374
5375
5376
5377
5378
5379
5380
5381
5382
5383
5384
5385
5386
5388
5389
5390
5391
5392
5394
5395
5396
5397
5398
5399
5400
5401
5402
5403
5404
5405
5406
5407
5408
5409
5411
5412
5413
5414
5416
5417
5418
5419
5420
5423
5425
5426
5427
5428
5429
5430
5431
5432
5433
5434
5435
5436
5437
5438
5439
5440
5442
5443
5444
5445
5446
5447
5448
5449
5450
5451
5452
5453
5454
5455
5456
5457
5458
5460
5461
5462
5463
5464
5465
5466
5467
5468
5469
5470
5471
5472
5473
5474
5475
5476
5477
5478
5479
5480
5481
5482
5483
5484
5485
5486
5487
5488
5489
5490
5491
5492
5493
5494
5495
5496
5497
5498
5499
5500
5501
5502
5503
5505
5506
5508
5509
5510
5511
5512
5513
5514
5515
5517
5518
5520
5521
5522
5523
5524
5525
5526
5527
5528
5529
5530
5531
5532
5533
5534
5535
5536
5537
5540
5541
5544
5545
5546
5548
5549
5550
5551
5552
5553
5555
5557
5558
5559
5560
5561
5562
5564
5565
5566
5567
5568
5570
5571
5572
5574
5575
5576
5577
5578
5579
5581
5582
5583
5584
5585
5586
5587
5588
5589
5590
5591
5593
5594
5595
5596
5597
5598
5599
5600
5601
5602
5603
5604
5605
5606
5607
5608
5609
5610
5611
5612
5613
5614
5615
5617
5618
5619
5620
5621
5622
5623
5624
5625
5626
5627
5628
5629
5632
5633
5634
5636
5637
5638
5639
5640
5642
5643
5644
5645
5646
5647
5648
5649
5650
5651
5652
5653
5654
5655
5656
5657
5658
5659
5660
5661
5662
5665
5666
5667
5668
5670
5671
5672
5673
5674
5675
5676
5677
5678
5679
5680
5681
5682
5683
5684
5685
5686
5687
5688
5689
5690
5691
5692
5693
5695
5696
5697
5698
5699
5700
5701
5702
5703
5704
5705
5706
5707
5708
5709
5710
5711
5712
5713
5714
5715
5717
5718
5721
5722
5723
5724
5725
5726
5727
5728
5729
5730
5731
5732
5733
5734
5736
5737
5738
5739
5740
5741
5742
5743
5745
5746
5748
5749
5750
5751
5752
5753
5754
5755
5756
5757
5758
5759
5761
5762
5763
5764
5765
5766
5767
5768
5769
5770
5771
5772
5774
5775
5776
5777
5778
5779
5780
5781
5782
5783
5784
5785
5786
5787
5788
5789
5790
5791
5792
5793
5794
5796
5798
5799
5800
5801
5802
5803
5804
5805
5807
5808
5810
5813
5814
5815
5816
5817
5818
5819
5821
5822
5823
5824
5826
5827
5828
5829
5830
5831
5832
5833
5834
5836
5837
5838
5839
5840
5842
5843
5844
5846
5850
5851
5852
5853
5854
5855
5856
5857
5858
5860
5861
5864
5865
5868
5869
5870
5871
5872
5874
5875
5876
5877
5878
5879
5880
5882
5883
5886
5887
5888
5889
5891
5893
5894
5895
5896
5899
5900
5901
5902
5903
5904
5905
5906
5907
5908
5909
5910
5911
5914
5915
5916
5917
5918
5919
5920
5921
5922
5923
5924
5925
5927
5928
5930
5931
5932
5933
5934
5935
5936
5937
5938
5939
5940
5941
5943
5944
5945
5946
5947
5948
5949
5950
5951
5952
5953
5954
5955
5956
5958
5959
5961
5963
5964
5966
5968
5969
5970
5971
5972
5975
5976
5978
5979
5980
5981
5982
5983
5984
5985
5986
5987
5988
5989
5990
5991
5992
5994
5995
5996
5997
5998
5999
6000
6001
6004
6005
6006
6007
6008
6009
6011
6012
6013
6014
6015
6016
6017
6018
6019
6020
6021
6022
6023
6025
6026
6027
6029
6030
6031
6032
6033
6036
6038
6039
6040
6041
6042
6043
6044
6045
6046
6047
6048
6050
6051
6052
6053
6054
6056
6057
6058
6059
6060
6061
6062
6063
6064
6065
6066
6067
6068
6069
6070
6072
6073
6074
6075
6077
6078
6079
6080
6081
6082
6083
6084
6085
6086
6087
6088
6089
6090
6091
6093
6094
6095
6096
6097
6098
6099
6101
6102
6103
6104
6105
6106
6107
6108
6109
6110
6113
6114
6115
6117
6118
6119
6121
6122
6123
6124
6125
6126
6127
6128
6129
6130
6131
6132
6133
6134
6136
6138
6139
6140
6142
6143
6144
6146
6147
6148
6149
6150
6151
6152
6153
6154
6155
6156
6157
6158
6159
6160
6161
6162
6163
6164
6165
6166
6167
6169
6170
6171
6173
6174
6175
6176
6177
6178
6179
6180
6182
6183
6184
6185
6186
6187
6188
6189
6190
6191
6192
6193
6194
6195
6196
6197
6198
6199
6200
6201
6202
6203
6204
6205
6206
6207
6208
6209
6210
6211
6212
6214
6216
6217
6218
6220
6221
6222
6223
6224
6226
6227
6228
6229
6231
6232
6233
6234
6235
6236
6237
6238
6239
6240
6241
6242
6243
6244
6245
6246
6248
6249
6250
6251
6253
6254
6255
6256
6257
6258
6259
6260
6261
6262
6263
6264
6265
6266
6267
6268
6269
6270
6271
6272
6276
6277
6278
6279
6280
6281
6282
6283
6284
6286
6287
6288
6289
6290
6292
6293
6295
6296
6297
6298
6299
6300
6301
6302
6304
6305
6306
6307
6308
6309
6310
6311
6312
6313
6314
6316
6318
6319
6320
6321
6322
6323
6324
6325
6326
6327
6328
6329
6330
6331
6332
6333
6334
6335
6336
6337
6338
6339
6340
6342
6343
6344
6345
6347
6348
6349
6350
6351
6352
6353
6354
6355
6356
6357
6358
6359
6360
6361
6362
6363
6364
6365
6367
6368
6369
6370
6371
6373
6374
6375
6376
6377
6378
6379
6380
6381
6382
6383
6384
6385
6386
6387
6388
6389
6391
6392
6394
6395
6396
6397
6398
6399
6400
6401
6402
6403
6405
6406
6407
6409
6410
6411
6414
6415
6416
6418
6419
6420
6421
6423
6424
6425
6426
6427
6428
6429
6430
6431
6433
6434
6435
6436
6437
6438
6439
6440
6441
6442
6443
6445
6446
6447
6448
6449
6450
6451
6452
6453
6454
6455
6456
6457
6458
6459
6460
6461
6462
6463
6464
6465
6466
6469
6470
6471
6472
6473
6475
6476
6477
6478
6479
6481
6482
6483
6485
6486
6487
6488
6489
6491
6492
6494
6495
6496
6497
6498
6499
6500
6501
6502
6503
6504
6505
6507
6508
6509
6510
6511
6513
6514
6515
6516
6517
6518
6519
6521
6522
6523
6525
6526
6527
6528
6529
6530
6531
6532
6533
6534
6535
6536
6537
6538
6539
6540
6542
6543
6544
6545
6546
6547
6548
6549
6550
6551
6552
6553
6554
6555
6556
6557
6558
6559
6560
6561
6563
6564
6565
6566
6567
6568
6569
6570
6571
6572
6573
6575
6576
6577
6578
6579
6580
6581
6582
6583
6584
6585
6587
6588
6589
6590
6591
6592
6593
6594
6596
6599
6600
6601
6602
6603
6604
6605
6606
6607
6608
6609
6610
6611
6612
6613
6614
6615
6616
6617
6618
6620
6622
6624
6625
6627
6628
6629
6630
6631
6632
6633
6634
6635
6636
6637
6638
6639
6640
6641
6642
6643
6644
6645
6646
6647
6648
6649
6650
6651
6652
6653
6655
6656
6657
6658
6659
6660
6662
6663
6664
6665
6666
6667
6668
6669
6670
6672
6673
6674
6675
6676
6677
6678
6679
6680
6681
6683
6684
6686
6687
6688
6689
6690
6692
6693
6694
6696
6697
6698
6699
6700
6701
6702
6703
6704
6705
6706
6707
6708
6709
6711
6712
6713
6716
6717
6718
6719
6720
6721
6722
6723
6724
6725
6726
6728
6729
6730
6731
6733
6734
6735
6737
6738
6740
6741
6742
6743
6744
6745
6746
6747
6748
6749
6750
6751
6752
6754
6755
6756
6757
6758
6759
6761
6762
6763
6765
6766
6767
6768
6769
6770
6771
6772
6773
6774
6775
6776
6778
6779
6780
6781
6782
6783
6784
6785
6787
6788
6789
6790
6791
6792
6794
6795
6796
6797
6798
6799
6801
6802
6803
6804
6805
6806
6807
6809
6810
6811
6812
6813
6814
6816
6817
6819
6820
6821
6823
6824
6826
6829
6830
6832
6833
6834
6835
6836
6837
6838
6839
6841
6842
6843
6844
6846
6847
6848
6849
6850
6851
6852
6853
6854
6855
6857
6858
6859
6860
6861
6862
6863
6864
6865
6866
6867
6868
6870
6871
6872
6873
6874
6875
6876
6878
6879
6880
6881
6882
6885
6886
6887
6889
6891
6892
6896
6897
6898
6899
6900
6901
6902
6903
6905
6907
6909
6910
6911
6912
6913
6914
6915
6916
6917
6918
6919
6920
6921
6922
6924
6925
6926
6927
6928
6929
6930
6931
6933
6934
6936
6937
6939
6941
6942
6943
6945
6946
6947
6948
6949
6950
6951
6952
6953
6954
6957
6958
6960
6961
6962
6964
6965
6966
6967
6969
6970
6971
6972
6973
6974
6975
6976
6977
6978
6979
6980
6982
6983
6984
6986
6987
6988
6989
6991
6992
6993
6994
6995
6996
6998
6999
7001
7002
7003
7004
7005
7006
7007
7008
7009
7010
7011
7012
7013
7014
7016
7017
7018
7019
7021
7022
7023
7025
7026
7027
7028
7029
7030
7031
7032
7033
7035
7037
7038
7039
7040
7041
7042
7043
7044
7045
7047
7048
7049
7051
7052
7054
7055
7056
7057
7058
7059
7060
7061
7062
7063
7064
7065
7066
7067
7068
7070
7071
7072
7073
7075
7076
7077
7078
7080
7081
7082
7083
7084
7085
7086
7087
7088
7090
7091
7092
7093
7095
7096
7098
7099
7100
7101
7102
7104
7105
7106
7107
7108
7110
7111
7112
7113
7115
7116
7117
7119
7120
7121
7122
7123
7124
7125
7127
7129
7130
7131
7132
7133
7134
7135
7136
7137
7138
7139
7140
7141
7142
7143
7144
7145
7146
7147
7148
7149
7150
7151
7152
7153
7154
7155
7156
7157
7158
7160
7161
7162
7164
7166
7167
7169
7170
7171
7172
7173
7174
7176
7177
7178
7179
7180
7181
7182
7183
7185
7186
7187
7188
7189
7190
7191
7192
7193
7194
7195
7196
7198
7199
7201
7202
7205
7206
7207
7208
7209
7210
7211
7213
7214
7215
7217
7220
7222
7224
7225
7226
7227
7228
7229
7230
7231
7233
7234
7236
7240
7241
7242
7243
7244
7245
7246
7247
7248
7249
7250
7251
7252
7255
7256
7258
7259
7260
7261
7262
7263
7265
7267
7268
7270
7271
7272
7274
7275
7276
7277
7278
7279
7280
7281
7283
7284
7285
7286
7287
7288
7289
7290
7291
7292
7293
7294
7295
7297
7298
7299
7301
7302
7303
7304
7305
7308
7309
7310
7313
7314
7315
7317
7318
7320
7321
7322
7324
7325
7326
7327
7328
7329
7330
7332
7333
7334
7335
7336
7337
7338
7339
7340
7341
7343
7344
7345
7346
7347
7348
7349
7350
7351
7352
7353
7354
7355
7358
7359
7360
7361
7362
7363
7364
7365
7366
7367
7368
7369
7370
7371
7372
7373
7374
7375
7376
7377
7378
7379
7380
7381
7382
7383
7385
7386
7387
7389
7390
7391
7392
7393
7394
7395
7396
7398
7399
7401
7402
7403
7407
7408
7409
7410
7411
7413
7415
7416
7417
7418
7419
7420
7421
7422
7423
7424
7426
7427
7428
7429
7430
7431
7432
7434
7435
7436
7437
7438
7439
7440
7441
7442
7444
7445
7446
7447
7448
7449
7450
7451
7454
7455
7457
7458
7459
7460
7461
7462
7463
7464
7465
7466
7467
7468
7469
7470
7471
7472
7473
7474
7476
7477
7478
7479
7480
7481
7482
7483
7484
7485
7487
7489
7492
7493
7494
7495
7496
7497
7498
7499
7500
7501
7502
7503
7505
7506
7508
7509
7510
7511
7512
7514
7515
7516
7519
7520
7521
7522
7523
7525
7526
7527
7528
7530
7531
7532
7533
7535
7537
7538
7539
7540
7541
7542
7543
7544
7545
7546
7547
7550
7551
7552
7553
7554
7555
7556
7557
7558
7559
7560
7561
7563
7564
7565
7566
7567
7568
7569
7570
7571
7573
7574
7575
7576
7578
7579
7580
7581
7582
7583
7584
7586
7587
7588
7589
7590
7591
7592
7593
7594
7595
7596
7597
7598
7599
7600
7601
7602
7604
7605
7606
7607
7608
7609
7610
7611
7612
7613
7615
7616
7617
7618
7619
7620
7621
7622
7624
7625
7626
7627
7628
7629
7632
7633
7634
7635
7636
7637
7638
7639
7640
7641
7642
7643
7644
7645
7647
7649
7650
7651
7652
7653
7654
7655
7657
7658
7659
7660
7662
7663
7664
7665
7666
7667
7669
7670
7671
7673
7674
7675
7676
7677
7678
7679
7681
7682
7683
7684
7685
7686
7687
7688
7689
7690
7691
7692
7693
7694
7695
7696
7697
7698
7699
7700
7701
7703
7705
7706
7708
7709
7710
7711
7712
7713
7714
7715
7716
7717
7718
7719
7720
7721
7722
7723
7724
7725
7726
7728
7729
7730
7731
7732
7733
7734
7735
7736
7737
7738
7739
7741
7742
7743
7744
7745
7746
7747
7748
7749
7750
7751
7752
7754
7755
7756
7757
7758
7759
7760
7761
7762
7763
7764
7765
7767
7768
7770
7771
7772
7773
7775
7776
7777
7778
7779
7780
7781
7782
7783
7784
7785
7786
7787
7788
7789
7790
7791
7792
7793
7794
7795
7797
7798
7799
7800
7802
7803
7804
7805
7806
7807
7808
7810
7811
7812
7813
7815
7817
7818
7820
7821
7822
7823
7824
7825
7826
7827
7828
7829
7830
7831
7832
7833
7834
7836
7837
7838
7839
7840
7841
7842
7843
7844
7845
7848
7849
7850
7851
7852
7853
7854
7856
7858
7859
7860
7861
7862
7863
7865
7866
7867
7869
7870
7871
7872
7873
7874
7875
7876
7877
7878
7879
7880
7881
7883
7884
7886
7887
7888
7890
7891
7892
7895
7896
7897
7898
7899
7900
7901
7902
7904
7905
7906
7907
7908
7909
7910
7911
7912
7913
7915
7916
7917
7918
7919
7920
7921
7922
7923
7924
7925
7926
7929
7930
7931
7933
7934
7935
7936
7937
7939
7940
7941
7942
7943
7944
7945
7946
7947
7948
7949
7950
7952
7953
7954
7955
7956
7957
7958
7960
7961
7962
7963
7964
7965
7966
7967
7968
7969
7972
7973
7974
7976
7977
7978
7979
7980
7981
7982
7983
7984
7986
7987
7988
7990
7991
7993
7994
7995
7999
8001
8002
8003
8004
8005
8006
8007
8010
8011
8012
8013
8014
8015
8016
8017
8018
8019
8020
8021
8022
8023
8024
8025
8026
8027
8028
8029
8030
8031
8032
8033
8034
8036
8037
8038
8039
8040
8041
8042
8043
8044
8045
8046
8047
8049
8050
8053
8054
8055
8056
8057
8058
8059
8060
8061
8062
8064
8065
8066
8068
8069
8070
8071
8072
8073
8074
8075
8076
8077
8078
8079
8080
8081
8082
8083
8084
8085
8086
8087
8088
8089
8090
8092
8094
8095
8096
8097
8098
8099
8100
8101
8102
8103
8104
8105
8106
8107
8108
8109
8110
8112
8114
8115
8116
8117
8118
8119
8120
8121
8123
8125
8126
8127
8128
8129
8130
8132
8133
8134
8135
8136
8137
8138
8139
8140
8141
8142
8143
8144
8145
8146
8147
8148
8149
8150
8151
8152
8153
8154
8155
8156
8157
8158
8159
8160
8161
8162
8163
8165
8166
8167
8168
8169
8170
8171
8172
8173
8174
8176
8177
8178
8179
8180
8181
8184
8185
8186
8187
8188
8189
8190
8191
8193
8194
8195
8196
8198
8199
8200
8202
8203
8204
8205
8206
8207
8208
8209
8210
8211
8212
8213
8214
8215
8217
8218
8219
8220
8221
8222
8223
8224
8225
8227
8228
8229
8230
8231
8232
8234
8235
8236
8237
8238
8239
8240
8241
8242
8243
8245
8246
8248
8249
8251
8252
8253
8255
8256
8257
8259
8260
8261
8262
8263
8264
8265
8266
8268
8269
8270
8271
8272
8273
8274
8275
8276
8277
8279
8280
8281
8282
8284
8285
8286
8288
8289
8291
8292
8293
8294
8295
8296
8297
8298
8299
8300
8302
8303
8304
8306
8307
8308
8309
8310
8311
8312
8313
8314
8315
8316
8317
8318
8319
8320
8321
8323
8324
8326
8327
8328
8330
8332
8333
8334
8335
8336
8337
8338
8339
8340
8341
8342
8343
8344
8345
8346
8347
8348
8349
8350
8351
8354
8355
8356
8357
8358
8359
8360
8362
8363
8364
8365
8366
8367
8368
8369
8371
8372
8373
8374
8375
8376
8377
8378
8379
8380
8381
8383
8385
8386
8387
8388
8389
8390
8391
8392
8393
8394
8395
8396
8397
8398
8400
8402
8403
8404
8405
8406
8407
8408
8409
8410
8411
8412
8413
8415
8416
8418
8419
8420
8422
8423
8425
8427
8428
8429
8430
8431
8432
8433
8434
8435
8436
8438
8439
8440
8441
8442
8443
8444
8445
8446
8447
8448
8449
8451
8452
8453
8454
8456
8457
8458
8459
8460
8461
8462
8464
8465
8466
8467
8468
8469
8470
8471
8472
8473
8474
8475
8476
8477
8478
8479
8480
8481
8482
8483
8484
8486
8487
8488
8489
8490
8492
8493
8494
8495
8496
8497
8498
8499
8500
8501
8502
8504
8505
8506
8507
8508
8509
8510
8511
8513
8516
8518
8519
8521
8522
8523
8524
8525
8526
8529
8530
8531
8532
8533
8534
8535
8536
8537
8539
8540
8541
8542
8543
8544
8545
8546
8547
8548
8549
8550
8552
8553
8554
8556
8557
8558
8559
8560
8561
8563
8564
8565
8566
8568
8569
8570
8571
8572
8573
8574
8576
8577
8578
8580
8581
8583
8584
8585
8586
8587
8588
8589
8591
8592
8593
8594
8596
8597
8598
8599
8600
8601
8602
8604
8606
8608
8610
8611
8612
8613
8614
8615
8616
8617
8618
8619
8621
8622
8623
8624
8625
8626
8627
8630
8631
8632
8634
8635
8636
8637
8638
8639
8640
8642
8644
8645
8646
8647
8648
8651
8652
8653
8654
8655
8656
8657
8658
8659
8660
8661
8662
8663
8664
8665
8666
8667
8668
8669
8670
8671
8672
8673
8677
8678
8679
8680
8681
8683
8684
8685
8686
8687
8688
8689
8690
8692
8694
8695
8696
8698
8699
8701
8702
8703
8704
8705
8706
8707
8708
8710
8711
8712
8713
8714
8716
8717
8718
8719
8720
8721
8722
8723
8725
8727
8728
8731
8732
8733
8734
8735
8736
8737
8738
8739
8740
8741
8742
8743
8744
8745
8746
8747
8748
8749
8750
8751
8752
8753
8754
8755
8756
8757
8758
8759
8760
8761
8762
8764
8765
8766
8767
8768
8769
8770
8771
8772
8775
8776
8777
8778
8779
8780
8781
8783
8784
8785
8786
8788
8789
8790
8791
8793
8794
8795
8796
8797
8798
8799
8800
8801
8802
8803
8804
8805
8806
8807
8808
8809
8810
8811
8812
8813
8814
8815
8817
8818
8820
8821
8822
8823
8825
8826
8827
8828
8829
8831
8833
8834
8835
8836
8837
8838
8839
8840
8842
8843
8844
8845
8846
8847
8848
8849
8850
8851
8852
8853
8854
8855
8856
8857
8858
8860
8861
8862
8863
8864
8865
8866
8867
8868
8869
8870
8871
8872
8873
8874
8875
8876
8877
8878
8879
8880
8881
8882
8883
8884
8887
8888
8890
8891
8892
8893
8894
8895
8896
8898
8899
8900
8901
8903
8904
8905
8906
8908
8909
8910
8911
8912
8913
8914
8915
8917
8918
8919
8920
8921
8922
8924
8925
8926
8927
8928
8930
8931
8932
8933
8934
8936
8937
8938
8940
8941
8942
8943
8944
8947
8948
8949
8952
8953
8954
8955
8956
8957
8958
8959
8960
8962
8963
8964
8965
8966
8967
8968
8969
8971
8972
8973
8974
8976
8977
8978
8979
8980
8981
8982
8983
8984
8985
8987
8988
8989
8990
8991
8992
8993
8994
8995
8996
8997
8998
8999
9001
9003
9006
9007
9008
9009
9010
9011
9012
9013
9015
9017
9018
9019
9020
9021
9023
9024
9025
9026
9028
9029
9030
9031
9032
9033
9034
9035
9036
9037
9038
9039
9040
9041
9042
9043
9045
9046
9047
9048
9049
9050
9051
9052
9053
9054
9055
9056
9057
9060
9061
9062
9063
9064
9066
9067
9069
9070
9071
9072
9073
9075
9076
9077
9079
9080
9082
9083
9084
9085
9087
9088
9089
9090
9092
9093
9094
9095
9097
9098
9100
9101
9102
9103
9104
9105
9106
9107
9109
9110
9111
9112
9113
9114
9115
9116
9117
9118
9119
9120
9121
9123
9124
9125
9128
9129
9131
9132
9133
9134
9135
9136
9137
9138
9139
9140
9141
9142
9143
9144
9146
9147
9148
9149
9150
9153
9154
9155
9156
9157
9158
9159
9162
9163
9164
9166
9167
9168
9169
9170
9171
9172
9174
9175
9176
9178
9180
9181
9182
9184
9185
9186
9187
9188
9189
9190
9191
9192
9194
9195
9196
9197
9198
9199
9200
9201
9202
9203
9204
9205
9207
9208
9209
9210
9211
9212
9213
9214
9215
9216
9217
9218
9219
9221
9222
9223
9226
9227
9229
9230
9231
9232
9233
9234
9235
9236
9237
9238
9239
9240
9241
9242
9244
9245
9247
9249
9250
9251
9252
9253
9254
9255
9257
9259
9261
9262
9263
9264
9265
9266
9267
9268
9269
9272
9273
9274
9276
9277
9278
9279
9280
9281
9282
9283
9284
9286
9287
9288
9289
9290
9292
9293
9294
9295
9296
9297
9298
9299
9301
9302
9304
9305
9306
9307
9308
9309
9310
9311
9312
9313
9314
9315
9317
9318
9319
9321
9325
9326
9327
9328
9331
9332
9333
9335
9336
9337
9338
9339
9340
9341
9342
9343
9344
9345
9346
9347
9348
9350
9351
9352
9353
9354
9355
9356
9357
9358
9360
9361
9362
9363
9366
9367
9368
9369
9370
9371
9372
9373
9374
9375
9376
9377
9378
9380
9381
9383
9384
9385
9386
9388
9389
9390
9391
9392
9393
9395
9396
9397
9398
9399
9400
9402
9403
9405
9406
9407
9408
9409
9410
9411
9412
9414
9415
9416
9417
9418
9419
9420
9423
9424
9425
9426
9427
9428
9429
9430
9431
9432
9433
9434
9435
9437
9440
9441
9442
9443
9444
9445
9446
9447
9448
9449
9450
9452
9453
9454
9455
9460
9461
9462
9463
9464
9465
9466
9467
9468
9469
9471
9472
9473
9474
9475
9476
9477
9478
9480
9481
9482
9483
9484
9485
9487
9489
9490
9492
9493
9494
9495
9496
9497
9499
9500
9501
9502
9503
9504
9505
9506
9508
9509
9510
9512
9513
9515
9516
9518
9519
9521
9522
9523
9525
9526
9527
9528
9529
9535
9536
9537
9538
9539
9540
9542
9543
9545
9546
9548
9550
9551
9553
9554
9555
9556
9557
9559
9560
9561
9562
9563
9564
9565
9566
9567
9568
9569
9570
9571
9572
9573
9574
9575
9576
9577
9579
9581
9582
9583
9584
9585
9586
9587
9589
9590
9591
9592
9593
9596
9597
9599
9601
9602
9603
9605
9606
9607
9609
9610
9611
9612
9613
9614
9615
9617
9619
9620
9621
9622
9623
9624
9625
9626
9627
9628
9629
9630
9632
9633
9634
9635
9636
9637
9638
9639
9640
9641
9642
9643
9645
9646
9647
9648
9649
9650
9651
9652
9653
9654
9655
9656
9657
9658
9659
9660
9662
9663
9664
9665
9666
9667
9668
9669
9670
9671
9672
9674
9675
9676
9678
9679
9680
9681
9682
9683
9685
9687
9688
9689
9690
9691
9692
9694
9696
9697
9698
9699
9700
9701
9703
9704
9705
9707
9709
9710
9711
9712
9713
9714
9715
9716
9718
9719
9720
9721
9722
9723
9724
9725
9726
9727
9728
9729
9730
9731
9733
9734
9735
9736
9737
9738
9739
9740
9742
9743
9744
9745
9747
9748
9749
9750
9751
9753
9754
9755
9756
9757
9758
9761
9762
9763
9764
9765
9766
9767
9768
9769
9770
9771
9772
9773
9774
9775
9777
9778
9779
9780
9781
9782
9783
9784
9785
9787
9788
9789
9790
9791
9793
9795
9796
9797
9798
9799
9801
9802
9803
9804
9805
9806
9807
9808
9809
9810
9811
9812
9813
9814
9815
9816
9817
9819
9820
9821
9822
9823
9825
9826
9827
9828
9829
9830
9831
9832
9833
9834
9835
9838
9839
9840
9842
9845
9846
9847
9848
9849
9850
9851
9852
9853
9855
9856
9857
9858
9859
9862
9863
9864
9867
9868
9869
9870
9871
9872
9874
9877
9878
9879
9880
9881
9882
9884
9885
9886
9888
9889
9890
9891
9892
9893
9894
9895
9896
9897
9899
9900
9901
9902
9904
9905
9906
9907
9908
9909
9910
9911
9912
9913
9915
9918
9919
9920
9921
9923
9924
9926
9927
9928
9929
9930
9933
9936
9937
9938
9940
9942
9943
9944
9945
9946
9947
9948
9949
9950
9951
9952
9953
9954
9955
9956
9957
9958
9959
9960
9962
9963
9964
9965
9966
9967
9968
9969
9970
9971
9972
9973
9974
9975
9976
9977
9978
9979
9980
9981
9984
9985
9986
9987
9988
9989
9990
9991
9992
9995
9996
9997
9998
10000
10001
10002
10003
10004
10005
10006
10007
10009
10010
10011
10012
10014
10016
10017
10018
10019
10020
10021
10022
10023
10024
10025
10026
10027
10028
10029
10030
10031
10032
10033
10034
10035
10036
10037
10038
10039
10040
10041
10042
10044
10046
10047
10049
10050
10052
10053
10055
10056
10057
10058
10059
10060
10061
10063
10064
10065
10066
10070
10071
10073
10074
10076
10077
10078
10079
10080
10082
10083
10084
10085
10087
10088
10089
10090
10091
10092
10094
10095
10097
10098
10102
10103
10104
10107
10108
10110
10111
10112
10113
10114
10115
10116
10118
10120
10121
10122
10123
10124
10125
10126
10127
10128
10129
10130
10132
10133
10134
10135
10136
10137
10138
10139
10140
10141
10142
10143
10145
10146
10147
10148
10149
10150
10151
10152
10153
10154
10155
10156
10157
10158
10159
10160
10161
10162
10163
10165
10166
10168
10169
10170
10173
10174
10176
10177
10179
10180
10181
10182
10184
10185
10186
10187
10188
10190
10191
10192
10193
10194
10195
10196
10198
10199
10200
10201
10202
10203
10205
10206
10207
10208
10209
10211
10213
10217
10218
10219
10220
10222
10223
10225
10226
10228
10229
10230
10231
10232
10234
10235
10236
10238
10240
10241
10242
10243
10244
10245
10246
10248
10249
10250
10252
10253
10254
10255
10256
10257
10258
10259
10260
10261
10262
10263
10264
10265
10266
10267
10268
10269
10270
10271
10272
10273
10274
10275
10276
10277
10278
10279
10280
10281
10282
10283
10284
10286
10287
10288
10289
10290
10291
10292
10293
10294
10296
10297
10298
10299
10300
10301
10302
10304
10305
10306
10307
10308
10309
10310
10311
10312
10313
10314
10315
10316
10317
10318
10319
10320
10321
10322
10323
10324
10325
10327
10329
10330
10331
10332
10333
10334
10335
10336
10337
10338
10339
10341
10342
10343
10344
10345
10346
10347
10349
10350
10351
10354
10355
10356
10357
10358
10359
10361
10362
10364
10365
10366
10368
10369
10371
10372
10373
10374
10375
10376
10377
10378
10379
10380
10381
10382
10383
10384
10385
10386
10388
10390
10391
10392
10393
10394
10396
10398
10399
10400
10401
10402
10403
10404
10405
10406
10408
10410
10412
10413
10414
10415
10416
10417
10419
10423
10424
10425
10426
10427
10429
10430
10431
10432
10433
10434
10435
10436
10437
10438
10440
10441
10442
10443
10445
10446
10447
10449
10450
10451
10452
10453
10454
10457
10458
10459
10460
10462
10463
10464
10465
10466
10467
10468
10469
10470
10472
10473
10474
10476
10477
10478
10479
10480
10481
10482
10483
10484
10485
10486
10487
10490
10491
10492
10493
10494
10495
10496
10497
10498
10499
10500
10501
10502
10503
10504
10505
10506
10507
10508
10512
10514
10515
10516
10517
10518
10519
10521
10522
10524
10525
10527
10528
10530
10531
10532
10533
10534
10535
10536
10537
10539
10540
10542
10544
10545
10546
10548
10550
10551
10552
10553
10557
10558
10559
10560
10561
10562
10564
10565
10567
10569
10570
10573
10574
10575
10576
10578
10579
10580
10581
10582
10583
10584
10585
10588
10590
10591
10592
10593
10596
10597
10598
10600
10601
10602
10603
10604
10605
10606
10607
10610
10611
10612
10613
10614
10615
10616
10618
10619
10620
10621
10623
10624
10625
10626
10627
10628
10629
10630
10631
10632
10633
10634
10635
10636
10637
10639
10640
10641
10642
10643
10644
10646
10649
10650
10652
10653
10655
10657
10658
10659
10660
10661
10662
10663
10664
10665
10666
10667
10668
10669
10672
10673
10674
10675
10676
10677
10678
10679
10680
10681
10684
10685
10686
10690
10691
10692
10693
10694
10695
10696
10697
10698
10699
10700
10701
10702
10703
10705
10706
10708
10709
10710
10711
10712
10713
10714
10715
10716
10717
10720
10721
10723
10724
10725
10727
10728
10729
10730
10731
10732
10733
10734
10736
10738
10739
10740
10741
10742
10743
10744
10746
10747
10749
10750
10751
10752
10754
10755
10756
10757
10758
10759
10760
10761
10762
10763
10764
10767
10768
10771
10772
10773
10774
10775
10776
10777
10778
10779
10782
10785
10786
10787
10789
10790
10791
10792
10793
10795
10796
10799
10800
10801
10804
10805
10806
10807
10808
10809
10811
10812
10813
10814
10815
10816
10817
10818
10819
10820
10822
10823
10824
10825
10827
10828
10829
10830
10832
10834
10835
10836
10837
10838
10839
10840
10842
10843
10844
10845
10846
10847
10849
10850
10851
10852
10853
10856
10857
10858
10859
10860
10861
10862
10863
10864
10866
10867
10868
10869
10870
10872
10873
10874
10875
10876
10877
10880
10881
10882
10883
10884
10885
10886
10887
10888
10889
10890
10891
10892
10893
10895
10896
10897
10898
10899
10900
10901
10902
10903
10904
10906
10907
10908
10911
10912
10913
10914
10915
10916
10917
10918
10919
10920
10921
10923
10925
10926
10927
10928
10929
10930
10931
10932
10934
10936
10937
10938
10939
10942
10944
10946
10947
10950
10951
10952
10953
10954
10955
10956
10957
10958
10959
10960
10962
10964
10966
10967
10968
10969
10970
10971
10972
10973
10974
10975
10976
10977
10978
10979
10980
10981
10982
10983
10984
10988
10989
10990
10991
10993
10996
10997
10999
11000
11002
11004
11006
11007
11008
11009
11010
11011
11012
11013
11014
11015
11016
11018
11020
11021
11022
11023
11024
11025
11026
11028
11029
11030
11031
11032
11033
11034
11035
11036
11038
11039
11040
11041
11043
11045
11046
11047
11048
11049
11051
11053
11054
11055
11057
11058
11059
11061
11062
11063
11064
11065
11066
11067
11069
11070
11071
11072
11073
11074
11075
11076
11077
11078
11079
11080
11081
11083
11084
11085
11086
11087
11088
11089
11090
11091
11092
11093
11096
11098
11099
11100
11101
11102
11103
11104
11105
11106
11107
11108
11111
11112
11113
11114
11115
11116
11117
11118
11119
11120
11121
11122
11123
11124
11125
11126
11127
11128
11129
11130
11131
11132
11133
11134
11135
11136
11137
11139
11140
11142
11143
11144
11145
11146
11147
11149
11150
11151
11152
11153
11155
11156
11157
11158
11159
11160
11163
11164
11165
11167
11168
11170
11171
11172
11173
11174
11176
11177
11178
11179
11180
11181
11183
11184
11185
11187
11188
11189
11190
11191
11192
11193
11194
11195
11196
11197
11198
11201
11202
11203
11204
11205
11206
11207
11208
11209
11210
11211
11212
11214
11215
11217
11218
11219
11220
11221
11222
11223
11225
11227
11229
11230
11231
11232
11233
11234
11236
11238
11239
11240
11241
11242
11243
11244
11245
11246
11247
11248
11249
11250
11251
11253
11255
11256
11257
11258
11259
11260
11261
11262
11263
11264
11265
11266
11267
11268
11269
11270
11271
11272
11273
11274
11276
11277
11278
11279
11280
11282
11283
11284
11285
11287
11290
11291
11293
11294
11295
11296
11298
11299
11300
11302
11304
11305
11306
11307
11308
11309
11310
11311
11312
11313
11314
11315
11316
11317
11318
11319
11320
11321
11322
11323
11324
11325
11326
11327
11328
11329
11330
11331
11332
11333
11334
11336
11340
11342
11344
11345
11346
11347
11348
11349
11350
11351
11352
11353
11354
11355
11356
11357
11358
11359
11360
11361
11362
11363
11365
11367
11368
11369
11371
11372
11374
11377
11378
11379
11380
11381
11382
11383
11385
11386
11387
11390
11393
11394
11395
11396
11397
11398
11399
11400
11401
11402
11404
11406
11407
11408
11409
11410
11411
11413
11414
11415
11416
11417
11418
11419
11420
11421
11422
11424
11425
11426
11427
11428
11429
11431
11432
11433
11434
11436
11437
11438
11439
11440
11441
11442
11443
11444
11447
11448
11450
11451
11452
11453
11455
11456
11457
11458
11459
11461
11464
11465
11466
11467
11469
11471
11473
11474
11476
11477
11478
11479
11480
11481
11482
11483
11484
11486
11488
11489
11490
11491
11492
11493
11495
11496
11497
11498
11499
11500
11501
11503
11504
11505
11508
11509
11510
11511
11512
11513
11514
11516
11518
11519
11520
11521
11524
11525
11527
11528
11529
11531
11532
11533
11534
11535
11536
11537
11538
11539
11540
11541
11542
11543
11544
11545
11547
11548
11549
11550
11551
11552
11553
11554
11555
11556
11559
11560
11561
11562
11563
11565
11566
11567
11568
11569
11570
11571
11572
11573
11574
11576
11577
11579
11583
11585
11587
11588
11590
11591
11592
11593
11594
11595
11596
11597
11598
11601
11602
11603
11604
11605
11606
11607
11608
11609
11611
11612
11613
11614
11615
11616
11617
11618
11619
11620
11621
11622
11624
11626
11627
11628
11629
11630
11631
11632
11633
11635
11636
11637
11638
11639
11640
11641
11642
11643
11644
11645
11646
11647
11648
11649
11650
11651
11652
11653
11654
11655
11656
11657
11658
11659
11660
11662
11663
11665
11666
11667
11668
11669
11670
11671
11672
11673
11674
11675
11676
11677
11678
11679
11680
11681
11684
11685
11686
11687
11688
11689
11690
11691
11693
11694
11695
11696
11697
11698
11701
11704
11706
11707
11708
11709
11710
11711
11712
11715
11716
11717
11718
11719
11720
11721
11722
11723
11724
11725
11726
11727
11728
11730
11732
11733
11735
11736
11737
11740
11741
11742
11743
11746
11747
11748
11750
11751
11752
11753
11754
11755
11756
11757
11758
11760
11761
11762
11763
11765
11766
11767
11768
11771
11772
11774
11775
11776
11777
11778
11779
11780
11781
11782
11783
11784
11785
11786
11787
11788
11789
11790
11791
11794
11795
11796
11797
11798
11799
11800
11801
11802
11803
11804
11805
11806
11807
11808
11809
11810
11811
11812
11814
11815
11816
11817
11818
11819
11820
11821
11822
11823
11824
11825
11827
11828
11829
11830
11831
11832
11835
11836
11837
11838
11839
11842
11843
11845
11846
11847
11848
11850
11851
11852
11853
11855
11856
11857
11858
11859
11860
11861
11862
11863
11864
11865
11868
11870
11871
11872
11873
11874
11875
11877
11878
11879
11880
11881
11882
11883
11886
11888
11889
11890
11892
11893
11894
11895
11896
11897
11898
11899
11900
11901
11902
11904
11905
11906
11908
11909
11910
11911
11912
11913
11914
11915
11916
11917
11918
11920
11921
11922
11924
11925
11926
11927
11929
11930
11931
11932
11933
11936
11937
11939
11940
11942
11943
11944
11946
11947
11948
11949
11950
11954
11955
11956
11957
11958
11959
11960
11961
11962
11963
11964
11965
11966
11967
11968
11969
11971
11973
11974
11975
11976
11977
11979
11980
11982
11983
11984
11985
11986
11987
11988
11990
11991
11992
11993
11994
11995
11996
11999
12000
12001
12002
12003
12005
12006
12008
12009
12011
12013
12014
12015
12017
12018
12019
12020
12021
12022
12023
12024
12025
12026
12028
12029
12030
12033
12034
12036
12037
12039
12040
12041
12043
12044
12045
12047
12048
12049
12051
12052
12054
12055
12056
12058
12060
12061
12062
12064
12065
12067
12068
12070
12071
12072
12073
12076
12077
12079
12080
12081
12082
12083
12084
12086
12087
12088
12089
12090
12091
12092
12094
12096
12097
12098
12099
12100
12101
12102
12103
12104
12105
12106
12107
12109
12110
12111
12112
12113
12114
12115
12117
12118
12119
12121
12123
12125
12126
12128
12129
12130
12131
12132
12133
12134
12135
12137
12138
12139
12140
12141
12142
12143
12145
12146
12147
12149
12150
12151
12152
12153
12154
12155
12156
12157
12159
12160
12161
12162
12163
12164
12165
12166
12167
12168
12169
12170
12171
12172
12173
12176
12178
12179
12180
12182
12183
12184
12185
12187
12188
12189
12191
12192
12193
12194
12195
12196
12197
12199
12201
12202
12204
12205
12207
12208
12211
12212
12214
12215
12216
12217
12218
12219
12220
12221
12222
12224
12225
12227
12230
12231
12232
12233
12234
12235
12237
12238
12239
12240
12241
12242
12243
12244
12245
12248
12249
12250
12251
12253
12254
12255
12257
12258
12259
12261
12262
12263
12264
12265
12266
12267
12268
12269
12270
12271
12272
12273
12274
12275
12277
12278
12279
12282
12283
12285
12286
12287
12288
12290
12291
12294
12295
12296
12297
12298
12300
12301
12303
12304
12305
12306
12307
12309
12311
12312
12313
12314
12315
12316
12317
12319
12321
12322
12323
12324
12325
12327
12330
12331
12333
12334
12335
12336
12337
12338
12339
12340
12341
12342
12343
12344
12345
12346
12347
12348
12350
12351
12352
12353
12354
12355
12356
12357
12358
12359
12361
12362
12365
12366
12367
12368
12369
12370
12373
12376
12377
12379
12380
12381
12385
12386
12388
12389
12390
12391
12393
12394
12395
12396
12397
12399
12400
12402
12403
12404
12405
12406
12408
12409
12410
12412
12413
12414
12415
12416
12417
12418
12419
12421
12422
12423
12424
12425
12427
12428
12429
12430
12431
12435
12436
12437
12439
12441
12442
12443
12444
12446
12447
12448
12449
12450
12452
12453
12454
12455
12456
12457
12458
12459
12460
12461
12462
12463
12464
12466
12468
12470
12471
12472
12473
12475
12477
12478
12479
12480
12481
12482
12484
12485
12486
12488
12489
12490
12491
12492
12493
12494
12495
12496
12497
12498
12500
12501
12502
12503
12505
12506
12509
12510
12511
12513
12515
12516
12517
12518
12519
12520
12521
12522
12523
12524
12525
12526
12527
12528
12529
12530
12531
12532
12533
12535
12536
12537
12538
12539
12540
12541
12542
12543
12544
12545
12546
12547
12548
12549
12550
12554
12555
12556
12557
12558
12559
12561
12562
12563
12564
12566
12567
12568
12569
12570
12571
12572
12573
12574
12576
12577
12578
12579
12580
12581
12582
12583
12584
12586
12587
12588
12594
12597
12601
12602
12603
12604
12606
12607
12608
12609
12610
12611
12612
12613
12615
12616
12618
12619
12620
12621
12622
12623
12624
12626
12627
12629
12630
12631
12633
12636
12637
12638
12639
12640
12641
12642
12643
12644
12645
12646
12647
12648
12649
12650
12651
12652
12654
12655
12656
12657
12659
12660
12661
12662
12663
12664
12665
12666
12668
12669
12671
12672
12673
12674
12675
12676
12678
12679
12680
12681
12682
12683
12684
12688
12689
12690
12691
12692
12693
12694
12695
12696
12697
12700
12701
12702
12704
12705
12706
12709
12710
12711
12713
12714
12716
12717
12718
12719
12720
12721
12722
12724
12725
12726
12727
12728
12732
12735
12736
12737
12738
12739
12740
12741
12742
12743
12745
12747
12748
12749
12750
12751
12752
12753
12754
12755
12756
12757
12758
12759
12760
12763
12764
12765
12766
12767
12768
12770
12771
12774
12775
12776
12777
12778
12779
12780
12781
12782
12783
12784
12785
12786
12787
12788
12789
12790
12791
12792
12793
12794
12795
12796
12798
12799
12800
12801
12802
12804
12805
12806
12807
12808
12811
12812
12813
12814
12815
12816
12817
12818
12819
12820
12821
12822
12823
12824
12825
12826
12827
12829
12830
12832
12833
12834
12836
12837
12838
12840
12841
12842
12843
12844
12845
12846
12847
12849
12850
12851
12852
12853
12854
12855
12858
12863
12864
12865
12866
12867
12868
12869
12870
12871
12873
12874
12875
12876
12877
12878
12880
12881
12882
12883
12884
12886
12887
12888
12889
12890
12891
12893
12894
12895
12896
12897
12898
12899
12900
12901
12903
12904
12905
12906
12907
12908
12909
12910
12912
12913
12914
12915
12917
12920
12921
12922
12923
12924
12925
12926
12927
12928
12929
12931
12932
12934
12935
12936
12937
12938
12940
12941
12942
12943
12945
12946
12948
12949
12950
12952
12953
12954
12955
12957
12958
12959
12960
12961
12962
12963
12964
12965
12966
12969
12971
12973
12974
12975
12976
12977
12980
12981
12982
12983
12984
12985
12986
12987
12988
12991
12993
12994
12995
12996
12997
12998
13000
13001
13002
13004
13007
13011
13012
13013
13014
13015
13016
13017
13019
13022
13023
13024
13026
13027
13028
13029
13030
13031
13033
13034
13036
13037
13038
13039
13042
13043
13044
13045
13047
13048
13049
13050
13053
13054
13055
13056
13057
13058
13059
13061
13062
13063
13064
13065
13066
13067
13068
13069
13071
13072
13073
13076
13077
13079
13080
13081
13082
13083
13084
13085
13086
13087
13088
13089
13090
13091
13092
13093
13094
13095
13096
13097
13098
13099
13101
13102
13103
13104
13105
13107
13108
13109
13110
13111
13112
13113
13114
13115
13118
13120
13121
13123
13126
13128
13129
13131
13132
13135
13137
13138
13139
13140
13141
13142
13143
13145
13146
13147
13150
13151
13153
13155
13156
13157
13158
13159
13160
13161
13162
13163
13164
13165
13166
13167
13168
13169
13170
13171
13172
13173
13175
13176
13177
13178
13179
13180
13181
13182
13183
13184
13185
13186
13187
13188
13190
13192
13193
13194
13196
13197
13198
13199
13200
13201
13202
13204
13205
13207
13208
13209
13211
13213
13214
13215
13216
13217
13218
13219
13220
13221
13222
13223
13224
13226
13227
13229
13230
13231
13232
13235
13236
13237
13238
13239
13240
13241
13242
13243
13244
13245
13246
13247
13248
13249
13251
13252
13254
13256
13257
13258
13259
13260
13261
13262
13263
13264
13265
13266
13267
13268
13269
13271
13272
13273
13276
13278
13279
13280
13281
13282
13283
13284
13285
13286
13288
13289
13290
13292
13295
13296
13298
13301
13302
13303
13305
13306
13307
13309
13310
13312
13313
13315
13316
13317
13318
13319
13320
13322
13323
13324
13325
13329
13330
13331
13332
13333
13334
13335
13336
13337
13340
13341
13343
13344
13345
13348
13350
13351
13353
13354
13355
13356
13358
13359
13360
13362
13364
13365
13366
13368
13369
13370
13371
13372
13373
13374
13375
13376
13377
13378
13379
13382
13383
13384
13385
13386
13387
13388
13389
13390
13391
13392
13393
13394
13395
13396
13397
13398
13399
13400
13402
13403
13404
13405
13407
13408
13410
13412
13413
13415
13416
13417
13418
13420
13421
13422
13423
13424
13425
13426
13427
13428
13429
13430
13432
13434
13435
13436
13439
13440
13441
13442
13444
13445
13448
13449
13450
13451
13452
13453
13454
13455
13457
13458
13460
13462
13464
13465
13468
13470
13473
13475
13477
13478
13479
13480
13481
13482
13483
13485
13486
13487
13488
13489
13490
13491
13492
13494
13496
13497
13498
13499
13500
13501
13503
13504
13505
13506
13507
13509
13510
13511
13512
13513
13514
13518
13520
13521
13522
13524
13525
13527
13528
13531
13532
13533
13534
13535
13536
13537
13539
13540
13541
13542
13543
13544
13545
13546
13547
13548
13550
13552
13553
13554
13555
13556
13557
13558
13559
13560
13561
13563
13564
13565
13566
13567
13568
13569
13570
13571
13572
13573
13574
13575
13576
13578
13579
13580
13581
13584
13585
13586
13587
13588
13589
13591
13594
13595
13596
13597
13598
13599
13600
13601
13602
13603
13605
13606
13607
13608
13609
13610
13611
13612
13613
13614
13615
13616
13617
13618
13620
13622
13623
13624
13625
13626
13627
13628
13630
13631
13632
13634
13636
13638
13640
13641
13642
13643
13644
13645
13646
13648
13651
13652
13653
13654
13655
13657
13659
13660
13661
13662
13663
13665
13666
13667
13668
13669
13670
13672
13673
13674
13675
13676
13677
13678
13679
13681
13682
13683
13684
13685
13687
13688
13690
13691
13692
13694
13695
13697
13698
13699
13702
13703
13704
13705
13706
13707
13708
13709
13713
13714
13715
13716
13717
13723
13724
13725
13727
13728
13731
13732
13733
13734
13735
13736
13738
13739
13741
13742
13744
13745
13746
13747
13749
13750
13751
13752
13753
13754
13755
13756
13757
13758
13759
13760
13761
13762
13763
13764
13765
13766
13768
13769
13771
13772
13773
13774
13775
13776
13777
13779
13780
13781
13782
13783
13784
13785
13786
13787
13788
13789
13791
13792
13794
13795
13797
13798
13799
13800
13802
13803
13804
13805
13806
13807
13808
13809
13810
13811
13812
13813
13814
13816
13817
13818
13819
13820
13822
13823
13826
13827
13832
13833
13834
13835
13837
13838
13839
13840
13841
13842
13843
13844
13846
13847
13848
13849
13850
13851
13852
13853
13854
13856
13857
13858
13859
13860
13862
13863
13864
13865
13866
13867
13868
13870
13873
13874
13875
13878
13879
13880
13881
13882
13884
13885
13887
13890
13891
13892
13894
13896
13897
13898
13899
13901
13902
13903
13904
13906
13908
13909
13910
13911
13912
13913
13914
13915
13917
13920
13923
13925
13926
13927
13928
13929
13933
13935
13936
13938
13939
13941
13942
13943
13944
13945
13946
13947
13948
13950
13951
13954
13955
13957
13958
13960
13961
13962
13963
13964
13965
13966
13967
13968
13969
13970
13971
13972
13973
13974
13975
13976
13977
13979
13980
13981
13982
13983
13984
13985
13986
13987
13988
13991
13992
13993
13995
13996
13998
13999
14000
14003
14004
14006
14007
14008
14009
14011
14012
14013
14014
14015
14016
14018
14019
14021
14022
14023
14024
14026
14029
14030
14031
14032
14033
14034
14035
14036
14037
14039
14040
14041
14043
14044
14045
14046
14047
14048
14050
14051
14052
14053
14055
14056
14058
14059
14060
14061
14063
14064
14065
14066
14067
14068
14069
14070
14071
14073
14074
14076
14077
14078
14079
14080
14081
14082
14084
14085
14086
14087
14088
14089
14090
14092
14094
14095
14097
14098
14100
14101
14102
14103
14105
14106
14107
14108
14109
14110
14112
14113
14114
14115
14116
14118
14119
14120
14121
14122
14123
14124
14125
14126
14128
14129
14130
14131
14132
14133
14134
14136
14137
14138
14140
14141
14142
14143
14144
14145
14147
14148
14149
14151
14152
14153
14154
14155
14156
14157
14159
14160
14161
14162
14163
14164
14165
14166
14168
14169
14170
14172
14174
14175
14176
14177
14178
14179
14180
14181
14182
14183
14184
14185
14186
14189
14190
14191
14192
14193
14194
14195
14196
14197
14198
14199
14200
14202
14203
14204
14205
14206
14208
14210
14211
14212
14213
14214
14215
14216
14219
14220
14221
14222
14223
14224
14226
14228
14233
14234
14235
14237
14238
14239
14240
14241
14242
14243
14244
14245
14246
14247
14248
14249
14250
14251
14252
14254
14255
14256
14258
14259
14260
14261
14263
14264
14265
14266
14267
14268
14269
14270
14271
14272
14273
14274
14277
14280
14281
14282
14283
14285
14286
14287
14288
14289
14290
14291
14292
14293
14294
14296
14297
14300
14301
14304
14306
14308
14309
14311
14312
14314
14315
14316
14318
14320
14322
14323
14325
14327
14328
14330
14332
14333
14334
14335
14336
14337
14339
14340
14341
14343
14344
14345
14346
14347
14348
14349
14351
14352
14353
14354
14356
14358
14361
14365
14368
14370
14371
14372
14373
14374
14375
14376
14377
14378
14379
14380
14381
14382
14383
14384
14385
14386
14387
14388
14390
14392
14394
14395
14397
14398
14400
14401
14402
14405
14407
14408
14409
14410
14411
14414
14416
14417
14418
14419
14420
14421
14423
14427
14428
14429
14430
14431
14434
14435
14436
14437
14438
14439
14440
14441
14442
14443
14444
14445
14446
14447
14449
14450
14451
14452
14453
14454
14456
14457
14458
14459
14460
14461
14462
14465
14468
14469
14470
14471
14472
14473
14474
14475
14476
14477
14478
14480
14481
14482
14485
14486
14489
14490
14492
14495
14496
14497
14499
14501
14502
14503
14504
14505
14508
14509
14510
14512
14513
14514
14515
14517
14519
14520
14522
14523
14524
14525
14526
14528
14531
14532
14534
14535
14537
14539
14540
14541
14542
14543
14544
14545
14548
14549
14552
14553
14554
14555
14556
14557
14558
14559
14560
14561
14562
14563
14565
14566
14567
14569
14570
14571
14572
14573
14574
14576
14577
14578
14579
14580
14581
14583
14585
14586
14587
14588
14589
14590
14591
14593
14594
14595
14596
14598
14599
14600
14601
14602
14603
14604
14605
14606
14608
14610
14611
14615
14617
14618
14619
14620
14621
14622
14623
14625
14626
14627
14629
14630
14632
14634
14635
14636
14637
14639
14641
14642
14643
14645
14646
14647
14648
14649
14650
14653
14654
14657
14658
14659
14660
14661
14662
14663
14664
14665
14666
14668
14669
14670
14671
14672
14673
14674
14676
14677
14678
14679
14680
14681
14682
14683
14684
14685
14687
14688
14689
14691
14692
14693
14694
14695
14696
14697
14698
14700
14701
14702
14703
14705
14706
14707
14708
14710
14711
14712
14713
14714
14715
14716
14717
14718
14720
14721
14722
14725
14726
14727
14728
14731
14732
14733
14734
14735
14736
14737
14738
14739
14744
14746
14747
14748
14749
14750
14751
14752
14754
14755
14757
14759
14760
14762
14763
14764
14765
14766
14767
14768
14769
14770
14772
14773
14774
14775
14777
14778
14779
14781
14782
14783
14784
14785
14786
14787
14788
14789
14791
14792
14793
14794
14795
14796
14797
14798
14799
14800
14801
14802
14803
14807
14808
14809
14810
14811
14812
14813
14814
14816
14817
14818
14819
14821
14822
14823
14824
14825
14826
14827
14828
14829
14830
14832
14833
14834
14835
14836
14837
14838
14839
14840
14842
14844
14846
14848
14849
14851
14852
14853
14854
14855
14856
14858
14860
14861
14862
14863
14865
14866
14867
14868
14869
14870
14871
14872
14874
14875
14876
14877
14878
14879
14880
14882
14883
14884
14885
14886
14887
14888
14889
14890
14892
14893
14894
14895
14896
14897
14899
14901
14905
14906
14907
14908
14909
14910
14911
14912
14913
14914
14915
14916
14917
14918
14920
14921
14922
14923
14924
14926
14927
14928
14931
14932
14933
14934
14936
14937
14938
14940
14942
14943
14944
14945
14947
14950
14951
14952
14953
14955
14956
14957
14958
14959
14960
14962
14963
14964
14965
14968
14970
14971
14972
14973
14974
14975
14976
14977
14978
14979
14980
14981
14982
14983
14984
14987
14988
14989
14991
14992
14993
14995
14996
14997
14999
15000
15001
15002
15003
15004
15005
15006
15007
15009
15010
15011
15013
15015
15016
15017
15018
15019
15020
15023
15025
15026
15027
15028
15029
15030
15031
15032
15033
15034
15035
15036
15037
15038
15040
15041
15042
15043
15044
15045
15047
15048
15049
15050
15052
15054
15055
15057
15058
15060
15061
15062
15064
15065
15066
15067
15069
15070
15071
15072
15074
15077
15078
15080
15081
15082
15083
15085
15086
15087
15088
15089
15090
15092
15093
15094
15095
15096
15097
15098
15099
15100
15103
15104
15105
15107
15108
15109
15112
15113
15114
15115
15116
15117
15118
15119
15120
15121
15122
15123
15124
15128
15129
15130
15131
15132
15133
15134
15135
15136
15137
15138
15141
15144
15145
15146
15150
15153
15155
15156
15157
15160
15161
15162
15164
15165
15166
15167
15168
15169
15170
15171
15174
15175
15176
15177
15178
15181
15183
15184
15185
15188
15189
15190
15192
15193
15194
15196
15197
15198
15199
15201
15202
15203
15204
15205
15206
15207
15208
15210
15211
15212
15213
15214
15215
15217
15218
15219
15220
15221
15222
15224
15225
15226
15227
15228
15229
15232
15233
15234
15235
15236
15238
15239
15240
15242
15243
15244
15246
15248
15249
15250
15254
15257
15259
15261
15262
15263
15264
15266
15267
15268
15269
15270
15271
15272
15273
15274
15275
15277
15278
15280
15284
15285
15286
15287
15288
15289
15290
15291
15292
15294
15295
15296
15297
15298
15299
15300
15301
15304
15305
15306
15308
15309
15311
15312
15313
15314
15316
15318
15319
15320
15321
15323
15324
15327
15328
15329
15330
15331
15332
15333
15335
15339
15340
15341
15342
15344
15345
15346
15347
15349
15350
15352
15353
15354
15355
15356
15359
15360
15361
15362
15365
15366
15367
15369
15370
15371
15373
15374
15375
15376
15377
15378
15379
15380
15381
15382
15384
15385
15386
15387
15388
15389
15390
15391
15392
15393
15394
15395
15397
15399
15400
15401
15402
15403
15405
15406
15407
15408
15409
15410
15411
15412
15413
15414
15415
15417
15419
15421
15422
15424
15425
15426
15427
15428
15429
15430
15431
15432
15433
15434
15435
15436
15437
15438
15440
15441
15443
15444
15445
15446
15448
15449
15450
15451
15452
15453
15454
15455
15460
15462
15463
15464
15466
15467
15468
15469
15470
15471
15472
15473
15474
15476
15478
15480
15481
15482
15483
15484
15485
15486
15487
15488
15489
15490
15491
15492
15493
15494
15495
15496
15497
15498
15500
15501
15504
15505
15507
15508
15510
15511
15512
15513
15514
15515
15518
15521
15522
15523
15525
15526
15527
15528
15529
15537
15539
15540
15541
15542
15544
15545
15546
15547
15548
15549
15550
15551
15552
15553
15555
15556
15557
15559
15560
15561
15562
15563
15564
15566
15567
15568
15569
15570
15571
15572
15573
15574
15575
15577
15578
15579
15580
15581
15582
15584
15585
15586
15587
15588
15589
15591
15593
15594
15595
15596
15598
15600
15601
15603
15604
15605
15606
15608
15609
15611
15612
15613
15614
15615
15618
15619
15620
15622
15623
15624
15625
15627
15628
15629
15630
15632
15634
15635
15636
15638
15639
15640
15641
15644
15645
15646
15647
15648
15649
15650
15651
15653
15656
15658
15659
15660
15661
15662
15663
15664
15665
15666
15667
15669
15670
15672
15673
15674
15675
15676
15679
15686
15688
15689
15690
15692
15693
15694
15695
15696
15697
15698
15699
15700
15701
15702
15703
15704
15705
15706
15707
15708
15709
15710
15713
15715
15716
15717
15718
15719
15720
15722
15724
15725
15726
15727
15728
15729
15731
15732
15733
15734
15735
15736
15737
15738
15739
15740
15741
15742
15743
15745
15746
15747
15748
15749
15751
15752
15754
15756
15758
15759
15762
15764
15765
15767
15768
15769
15770
15771
15773
15774
15776
15778
15780
15781
15783
15784
15785
15788
15789
15790
15792
15793
15794
15795
15796
15797
15799
15802
15803
15804
15805
15806
15808
15809
15810
15812
15813
15814
15815
15816
15818
15820
15821
15822
15824
15825
15827
15828
15830
15831
15832
15834
15835
15836
15837
15838
15839
15840
15842
15843
15845
15846
15847
15848
15849
15850
15851
15853
15854
15855
15856
15857
15858
15859
15860
15861
15862
15863
15864
15865
15866
15867
15868
15870
15871
15872
15873
15874
15875
15876
15877
15878
15879
15880
15882
15884
15886
15887
15888
15889
15891
15892
15893
15894
15895
15896
15897
15898
15899
15900
15902
15903
15905
15906
15907
15908
15909
15910
15911
15917
15918
15919
15921
15922
15923
15924
15925
15927
15928
15929
15930
15931
15932
15933
15934
15936
15937
15938
15939
15941
15943
15945
15946
15947
15948
15949
15950
15952
15953
15955
15956
15957
15958
15959
15960
15962
15964
15965
15966
15967
15968
15969
15970
15971
15972
15973
15975
15976
15977
15978
15979
15981
15982
15983
15985
15987
15988
15990
15991
15992
15993
15994
15996
15998
15999
16000
16001
16006
16008
16009
16010
16011
16012
16014
16015
16016
16017
16018
16019
16021
16022
16023
16024
16025
16026
16028
16029
16030
16033
16034
16035
16036
16037
16038
16039
16040
16042
16044
16045
16049
16050
16052
16053
16056
16058
16059
16060
16061
16062
16063
16065
16066
16067
16068
16069
16070
16073
16075
16077
16078
16079
16081
16082
16084
16085
16086
16088
16089
16091
16092
16093
16094
16095
16097
16099
16100
16101
16103
16104
16106
16107
16108
16109
16110
16111
16112
16115
16116
16117
16119
16120
16121
16122
16123
16124
16125
16126
16128
16132
16134
16137
16138
16139
16140
16141
16142
16143
16144
16145
16147
16148
16149
16150
16153
16154
16155
16156
16157
16158
16159
16160
16162
16163
16164
16165
16167
16168
16169
16171
16172
16174
16175
16177
16178
16179
16180
16182
16183
16184
16186
16187
16188
16189
16190
16191
16192
16196
16197
16198
16200
16201
16202
16207
16208
16211
16212
16213
16214
16217
16218
16219
16220
16221
16222
16225
16228
16229
16230
16231
16233
16234
16236
16237
16238
16239
16240
16241
16243
16245
16247
16248
16249
16250
16251
16252
16253
16254
16256
16257
16258
16260
16261
16262
16264
16267
16268
16270
16271
16272
16274
16275
16276
16278
16279
16280
16281
16282
16284
16285
16288
16290
16293
16294
16295
16296
16297
16298
16299
16300
16301
16302
16304
16305
16307
16308
16309
16311
16313
16314
16315
16317
16318
16320
16321
16324
16325
16326
16327
16329
16330
16332
16333
16335
16336
16337
16338
16341
16343
16345
16346
16347
16348
16349
16350
16351
16352
16354
16356
16358
16359
16360
16362
16364
16366
16368
16369
16370
16371
16376
16377
16378
16379
16380
16381
16382
16384
16385
16386
16387
16389
16390
16393
16394
16395
16397
16398
16400
16401
16402
16403
16404
16405
16406
16407
16408
16409
16410
16411
16412
16413
16414
16415
16417
16418
16419
16420
16421
16422
16424
16425
16428
16429
16430
16431
16432
16434
16435
16436
16438
16439
16440
16442
16443
16445
16447
16448
16449
16450
16451
16452
16453
16455
16456
16460
16461
16463
16465
16467
16468
16469
16471
16472
16473
16474
16475
16477
16478
16480
16481
16482
16484
16486
16487
16490
16491
16492
16493
16494
16495
16496
16499
16500
16501
16502
16503
16505
16506
16507
16508
16510
16514
16515
16516
16518
16519
16520
16521
16522
16523
16524
16525
16526
16528
16529
16531
16534
16535
16536
16539
16544
16545
16546
16547
16548
16549
16551
16552
16555
16556
16558
16559
16560
16561
16562
16563
16565
16566
16567
16568
16569
16572
16573
16574
16575
16577
16578
16579
16580
16581
16582
16583
16584
16585
16586
16588
16589
16590
16591
16592
16593
16594
16595
16597
16598
16599
16601
16602
16603
16606
16607
16609
16610
16611
16612
16613
16614
16615
16616
16617
16619
16620
16622
16624
16626
16628
16629
16630
16631
16634
16636
16638
16639
16640
16641
16642
16643
16644
16647
16648
16649
16651
16653
16654
16655
16656
16658
16659
16661
16662
16664
16666
16667
16668
16669
16671
16672
16673
16674
16675
16676
16677
16679
16681
16682
16683
16685
16686
16687
16690
16691
16692
16693
16694
16695
16697
16699
16700
16703
16705
16706
16707
16709
16712
16713
16714
16715
16717
16718
16719
16721
16722
16723
16724
16725
16727
16728
16732
16733
16734
16736
16737
16738
16739
16740
16741
16742
16743
16744
16746
16747
16748
16749
16751
16752
16753
16754
16755
16756
16757
16758
16759
16760
16761
16762
16763
16764
16765
16766
16767
16768
16769
16771
16772
16773
16775
16776
16777
16778
16779
16781
16782
16783
16786
16787
16788
16789
16790
16793
16794
16797
16798
16799
16800
16801
16802
16803
16805
16806
16807
16808
16809
16812
16813
16814
16815
16816
16817
16819
16820
16821
16823
16825
16826
16827
16828
16829
16830
16831
16833
16834
16836
16837
16838
16839
16841
16842
16843
16844
16846
16847
16848
16849
16850
16852
16853
16855
16856
16858
16859
16860
16862
16863
16864
16865
16866
16867
16869
16870
16871
16872
16873
16874
16875
16876
16877
16880
16884
16885
16888
16890
16891
16893
16894
16899
16900
16901
16903
16904
16905
16906
16907
16908
16909
16910
16911
16912
16914
16915
16916
16917
16921
16923
16924
16928
16930
16932
16933
16934
16935
16936
16937
16938
16939
16940
16941
16942
16943
16944
16945
16946
16947
16949
16950
16951
16952
16954
16955
16956
16958
16959
16961
16962
16963
16964
16965
16966
16967
16968
16970
16971
16973
16974
16975
16977
16978
16979
16980
16981
16982
16983
16984
16985
16986
16987
16988
16989
16991
16992
16993
16995
16996
16997
16998
16999
17000
17002
17003
17004
17005
17006
17009
17010
17011
17012
17013
17015
17016
17017
17018
17022
17023
17024
17027
17028
17030
17032
17034
17035
17038
17039
17040
17041
17043
17044
17045
17046
17047
17049
17050
17051
17052
17054
17058
17059
17062
17064
17065
17066
17067
17068
17069
17070
17071
17073
17075
17076
17077
17078
17079
17080
17081
17082
17083
17084
17085
17086
17087
17089
17090
17091
17092
17094
17096
17097
17098
17099
17100
17101
17102
17105
17106
17107
17108
17110
17111
17112
17114
17115
17117
17118
17119
17120
17121
17122
17123
17126
17128
17129
17130
17132
17133
17135
17136
17140
17142
17143
17144
17145
17147
17149
17150
17151
17152
17153
17154
17155
17156
17157
17158
17160
17161
17162
17164
17165
17166
17167
17168
17169
17171
17172
17174
17175
17176
17177
17180
17182
17183
17185
17186
17187
17189
17190
17191
17193
17195
17196
17197
17198
17199
17201
17204
17209
17210
17211
17212
17214
17216
17217
17218
17219
17220
17221
17223
17224
17225
17226
17227
17228
17232
17233
17234
17235
17237
17238
17239
17241
17244
17246
17247
17248
17249
17251
17252
17253
17254
17256
17257
17258
17260
17261
17262
17263
17265
17266
17267
17268
17269
17272
17274
17277
17278
17279
17280
17282
17283
17284
17287
17289
17290
17291
17293
17294
17295
17297
17298
17300
17302
17303
17304
17305
17307
17309
17311
17312
17313
17314
17316
17317
17318
17319
17320
17322
17324
17326
17328
17331
17332
17334
17335
17336
17338
17340
17342
17344
17345
17347
17349
17351
17353
17354
17355
17357
17358
17359
17360
17362
17364
17365
17366
17367
17369
17370
17371
17372
17373
17374
17375
17376
17377
17379
17380
17381
17382
17383
17384
17385
17386
17387
17388
17389
17390
17391
17392
17393
17394
17396
17397
17398
17399
17401
17402
17403
17404
17405
17406
17409
17410
17413
17417
17418
17420
17422
17423
17424
17425
17426
17427
17428
17429
17430
17431
17432
17433
17436
17437
17438
17439
17440
17441
17444
17445
17448
17450
17452
17454
17455
17456
17457
17458
17459
17460
17461
17462
17463
17464
17465
17466
17467
17469
17470
17471
17472
17476
17477
17479
17480
17481
17482
17483
17484
17486
17487
17489
17490
17492
17493
17494
17496
17497
17498
17500
17501
17502
17503
17504
17506
17507
17509
17510
17512
17513
17514
17515
17516
17519
17522
17523
17524
17525
17526
17527
17528
17529
17530
17532
17533
17534
17535
17536
17537
17538
17541
17542
17543
17544
17545
17546
17547
17548
17549
17550
17551
17553
17554
17555
17556
17557
17558
17559
17560
17561
17562
17563
17564
17565
17566
17568
17569
17570
17571
17572
17573
17574
17575
17576
17577
17578
17580
17581
17582
17583
17584
17585
17587
17589
17590
17591
17592
17593
17594
17596
17598
17600
17602
17603
17604
17606
17607
17608
17609
17610
17612
17613
17614
17615
17616
17617
17619
17620
17621
17622
17623
17624
17625
17626
17628
17629
17632
17634
17635
17636
17637
17638
17639
17640
17641
17642
17643
17644
17645
17646
17648
17649
17650
17651
17652
17655
17656
17657
17659
17660
17661
17663
17664
17666
17667
17669
17670
17673
17674
17675
17676
17677
17679
17680
17681
17683
17684
17685
17686
17688
17689
17690
17691
17692
17693
17696
17697
17698
17699
17701
17703
17705
17706
17708
17709
17710
17711
17712
17714
17715
17717
17720
17721
17722
17723
17724
17726
17728
17730
17731
17733
17734
17735
17737
17738
17740
17741
17742
17743
17745
17746
17747
17748
17749
17750
17751
17752
17754
17755
17756
17758
17759
17760
17761
17762
17763
17764
17766
17768
17769
17770
17771
17772
17773
17775
17778
17782
17784
17785
17786
17787
17788
17789
17791
17792
17793
17794
17795
17797
17799
17800
17801
17802
17803
17804
17805
17806
17807
17809
17810
17811
17812
17813
17814
17815
17816
17818
17823
17824
17827
17828
17829
17830
17831
17832
17833
17834
17835
17837
17839
17840
17841
17843
17844
17845
17847
17848
17851
17852
17854
17855
17856
17857
17860
17861
17864
17865
17867
17868
17869
17870
17872
17873
17874
17876
17877
17878
17880
17881
17882
17883
17884
17885
17887
17890
17891
17894
17896
17898
17899
17900
17901
17902
17904
17906
17907
17908
17910
17913
17915
17916
17917
17918
17919
17920
17921
17922
17923
17924
17925
17928
17929
17930
17931
17932
17933
17934
17936
17938
17939
17940
17941
17943
17944
17945
17946
17948
17949
17952
17953
17954
17955
17957
17959
17961
17962
17963
17965
17967
17968
17969
17970
17971
17972
17973
17977
17978
17979
17981
17982
17983
17985
17987
17988
17991
17992
17994
17995
17996
17999
18000
18002
18003
18004
18005
18006
18008
18009
18010
18011
18013
18014
18016
18017
18018
18020
18022
18023
18024
18025
18028
18029
18030
18032
18034
18035
18036
18037
18038
18040
18042
18044
18046
18047
18048
18050
18051
18053
18054
18055
18056
18057
18059
18060
18063
18065
18066
18068
18070
18071
18073
18074
18075
18076
18078
18079
18081
18082
18084
18085
18086
18087
18091
18092
18093
18094
18096
18097
18100
18101
18102
18103
18104
18105
18106
18107
18108
18109
18110
18112
18113
18115
18116
18117
18118
18119
18120
18121
18122
18125
18126
18128
18130
18131
18132
18135
18136
18139
18140
18141
18142
18146
18147
18148
18149
18150
18151
18153
18154
18155
18156
18157
18160
18162
18163
18164
18165
18166
18167
18168
18169
18170
18171
18172
18173
18175
18176
18177
18179
18180
18182
18183
18184
18185
18186
18187
18188
18189
18191
18193
18194
18195
18198
18199
18200
18201
18202
18203
18204
18205
18206
18207
18208
18209
18210
18211
18212
18214
18215
18216
18218
18221
18222
18223
18225
18226
18227
18228
18229
18230
18232
18233
18234
18235
18236
18237
18238
18239
18243
18247
18252
18253
18258
18260
18261
18264
18265
18266
18267
18269
18270
18272
18273
18274
18275
18276
18277
18278
18279
18280
18282
18283
18284
18285
18286
18288
18290
18291
18293
18295
18296
18298
18299
18301
18302
18305
18306
18307
18308
18310
18311
18313
18315
18318
18319
18321
18322
18323
18325
18326
18327
18328
18330
18331
18332
18334
18335
18336
18340
18341
18342
18343
18346
18347
18348
18349
18350
18351
18352
18353
18356
18357
18359
18362
18364
18365
18367
18368
18369
18370
18372
18373
18374
18375
18376
18377
18378
18379
18381
18382
18383
18384
18385
18386
18387
18388
18389
18390
18391
18392
18393
18394
18395
18396
18397
18398
18399
18400
18401
18402
18403
18404
18405
18407
18408
18409
18410
18411
18412
18413
18415
18417
18418
18420
18421
18422
18424
18425
18426
18427
18430
18431
18434
18435
18436
18439
18440
18441
18442
18443
18445
18446
18448
18452
18453
18455
18458
18459
18460
18461
18462
18464
18465
18466
18467
18468
18469
18470
18471
18472
18473
18475
18476
18478
18479
18483
18484
18485
18486
18487
18488
18490
18491
18492
18493
18498
18499
18502
18503
18504
18505
18508
18509
18510
18511
18513
18515
18516
18517
18520
18521
18522
18523
18524
18525
18526
18528
18530
18531
18532
18533
18534
18535
18536
18538
18539
18540
18541
18543
18544
18545
18546
18549
18551
18552
18553
18554
18555
18559
18560
18561
18562
18563
18564
18566
18567
18568
18569
18570
18571
18573
18574
18575
18577
18578
18579
18582
18583
18585
18586
18587
18588
18589
18590
18592
18593
18594
18595
18596
18597
18598
18599
18600
18601
18605
18606
18608
18610
18611
18612
18613
18614
18615
18616
18618
18620
18621
18622
18626
18627
18630
18631
18633
18635
18638
18639
18641
18642
18643
18644
18648
18650
18651
18652
18653
18655
18656
18657
18658
18661
18662
18663
18664
18667
18668
18670
18671
18673
18675
18676
18677
18678
18680
18681
18682
18683
18685
18686
18687
18689
18690
18693
18694
18695
18696
18698
18699
18700
18701
18702
18704
18705
18707
18708
18709
18710
18712
18713
18714
18716
18718
18721
18722
18724
18725
18727
18729
18730
18731
18732
18733
18736
18737
18738
18739
18740
18743
18744
18745
18746
18747
18748
18750
18751
18752
18754
18755
18757
18760
18761
18762
18763
18764
18765
18768
18769
18770
18772
18773
18774
18776
18777
18778
18779
18781
18782
18783
18784
18785
18786
18787
18788
18790
18791
18794
18796
18797
18800
18801
18802
18804
18805
18808
18810
18811
18812
18813
18814
18816
18817
18818
18819
18820
18821
18824
18826
18827
18828
18830
18831
18833
18834
18835
18836
18837
18838
18839
18841
18842
18843
18844
18845
18847
18849
18853
18854
18855
18856
18857
18858
18859
18863
18864
18865
18867
18868
18869
18870
18871
18873
18874
18875
18876
18877
18878
18879
18880
18882
18885
18887
18888
18890
18892
18893
18894
18895
18896
18897
18898
18899
18900
18901
18902
18904
18906
18907
18908
18909
18910
18912
18913
18916
18917
18918
18919
18920
18921
18922
18923
18924
18926
18927
18929
18930
18932
18933
18934
18935
18936
18937
18938
18939
18941
18942
18944
18945
18946
18948
18950
18952
18954
18955
18956
18957
18958
18959
18960
18961
18962
18964
18966
18967
18970
18971
18972
18973
18974
18975
18977
18978
18979
18981
18982
18983
18984
18985
18987
18988
18989
18990
18991
18993
18997
18998
19000
19001
19002
19003
19005
19007
19009
19011
19012
19013
19014
19017
19018
19019
19020
19022
19023
19024
19025
19027
19028
19029
19030
19032
19033
19035
19038
19039
19041
19042
19043
19044
19046
19047
19048
19050
19051
19054
19055
19056
19058
19061
19062
19063
19064
19067
19069
19070
19072
19073
19076
19077
19078
19079
19081
19083
19084
19085
19086
19087
19088
19089
19095
19096
19097
19098
19099
19100
19101
19102
19105
19107
19108
19109
19110
19111
19112
19113
19114
19115
19116
19117
19118
19119
19120
19123
19124
19125
19126
19128
19129
19130
19133
19135
19136
19137
19139
19141
19142
19143
19144
19145
19146
19149
19150
19152
19153
19154
19156
19157
19159
19160
19162
19163
19164
19165
19166
19167
19171
19172
19173
19174
19175
19177
19178
19179
19181
19182
19183
19185
19186
19187
19189
19190
19191
19192
19193
19194
19195
19196
19197
19201
19206
19207
19208
19209
19210
19211
19212
19213
19214
19216
19217
19218
19221
19222
19223
19225
19226
19228
19229
19231
19233
19234
19235
19238
19239
19241
19244
19246
19247
19248
19249
19251
19252
19253
19255
19256
19258
19260
19263
19264
19266
19267
19268
19269
19270
19271
19272
19273
19274
19275
19276
19277
19278
19279
19280
19281
19282
19283
19284
19285
19287
19288
19290
19292
19293
19294
19296
19298
19300
19301
19303
19304
19305
19306
19307
19308
19310
19312
19313
19314
19315
19317
19318
19319
19320
19321
19322
19323
19324
19325
19329
19330
19331
19332
19333
19335
19336
19337
19339
19344
19345
19346
19348
19349
19350
19351
19352
19353
19354
19355
19356
19357
19359
19360
19361
19362
19363
19364
19366
19367
19368
19370
19371
19372
19373
19375
19379
19382
19383
19387
19388
19389
19390
19391
19394
19395
19396
19398
19400
19401
19402
19403
19404
19405
19406
19407
19408
19409
19410
19411
19412
19413
19415
19417
19418
19420
19422
19424
19425
19427
19429
19432
19434
19435
19439
19441
19445
19447
19448
19449
19452
19454
19455
19457
19458
19459
19460
19463
19464
19465
19466
19468
19469
19470
19471
19472
19473
19474
19475
19478
19480
19481
19482
19483
19484
19485
19486
19488
19489
19490
19491
19492
19495
19497
19498
19500
19501
19503
19504
19505
19508
19509
19510
19511
19513
19515
19517
19520
19521
19522
19524
19525
19526
19527
19528
19532
19533
19534
19536
19537
19538
19539
19541
19542
19543
19544
19547
19551
19552
19553
19554
19555
19556
19557
19558
19559
19561
19562
19563
19564
19565
19566
19567
19568
19569
19570
19572
19573
19574
19575
19577
19579
19580
19581
19582
19583
19584
19585
19586
19587
19588
19589
19590
19591
19592
19593
19596
19598
19599
19600
19601
19603
19604
19605
19606
19608
19609
19610
19611
19612
19613
19615
19616
19619
19621
19625
19627
19628
19629
19630
19631
19632
19634
19635
19636
19638
19639
19641
19643
19644
19645
19646
19648
19649
19650
19651
19652
19654
19655
19657
19658
19659
19660
19661
19662
19666
19667
19668
19669
19670
19671
19673
19674
19675
19676
19678
19680
19681
19682
19684
19685
19686
19687
19688
19689
19690
19691
19693
19694
19695
19696
19697
19699
19700
19702
19703
19705
19707
19708
19710
19711
19712
19713
19716
19717
19718
19720
19722
19723
19724
19725
19726
19727
19728
19729
19730
19731
19732
19735
19736
19738
19739
19740
19741
19744
19745
19747
19748
19749
19752
19753
19755
19757
19760
19761
19763
19764
19766
19767
19768
19771
19773
19774
19775
19776
19778
19782
19783
19784
19786
19787
19789
19790
19792
19793
19794
19795
19797
19798
19800
19803
19805
19806
19807
19809
19810
19811
19812
19814
19815
19816
19820
19824
19825
19826
19827
19829
19830
19831
19832
19833
19834
19835
19839
19840
19841
19842
19843
19844
19845
19846
19847
19848
19849
19850
19852
19854
19857
19858
19859
19860
19863
19865
19866
19867
19868
19869
19872
19873
19874
19877
19878
19881
19883
19884
19887
19888
19892
19893
19894
19896
19899
19900
19902
19904
19908
19910
19911
19912
19913
19916
19917
19921
19922
19925
19927
19930
19933
19934
19935
19936
19937
19939
19941
19942
19943
19944
19945
19947
19948
19949
19950
19951
19952
19953
19954
19956
19957
19958
19959
19960
19961
19962
19963
19964
19965
19966
19968
19969
19970
19972
19973
19974
19977
19978
19980
19981
19982
19983
19986
19988
19989
19991
19992
19995
19996
20000
20001
20002
20003
20004
20006
20007
20009
20010
20011
20012
20013
20014
20015
20017
20018
20019
20021
20022
20025
20026
20027
20028
20030
20031
20032
20034
20035
20036
20038
20040
20042
20043
20044
20046
20048
20049
20050
20052
20053
20054
20056
20058
20062
20063
20065
20066
20067
20068
20069
20070
20072
20073
20076
20077
20078
20079
20080
20087
20089
20090
20093
20094
20095
20097
20098
20100
20101
20102
20103
20104
20105
20106
20108
20109
20110
20112
20113
20114
20115
20116
20117
20120
20121
20122
20123
20124
20125
20126
20128
20133
20134
20135
20136
20139
20142
20144
20145
20146
20147
20149
20152
20153
20155
20156
20158
20159
20160
20161
20162
20163
20164
20166
20167
20169
20170
20171
20172
20173
20174
20175
20176
20177
20178
20179
20181
20182
20183
20184
20185
20189
20190
20191
20192
20193
20194
20195
20197
20199
20204
20205
20206
20207
20208
20209
20210
20212
20213
20214
20215
20216
20218
20219
20220
20221
20222
20223
20224
20225
20226
20227
20228
20229
20231
20232
20234
20235
20236
20238
20239
20240
20243
20244
20245
20246
20249
20250
20253
20254
20255
20256
20257
20260
20262
20263
20265
20266
20267
20268
20269
20270
20271
20273
20274
20275
20276
20279
20280
20282
20283
20285
20286
20289
20290
20291
20293
20295
20296
20297
20302
20304
20305
20306
20307
20308
20311
20312
20313
20314
20315
20317
20318
20319
20320
20321
20322
20323
20326
20327
20328
20329
20330
20332
20334
20335
20337
20338
20340
20342
20343
20344
20345
20346
20348
20349
20350
20351
20352
20353
20357
20359
20360
20361
20362
20363
20364
20365
20366
20367
20368
20370
20372
20374
20375
20376
20377
20378
20379
20381
20382
20384
20385
20386
20388
20389
20390
20391
20392
20393
20394
20396
20397
20398
20400
20403
20405
20406
20408
20409
20412
20413
20414
20416
20417
20418
20420
20421
20422
20424
20427
20428
20430
20431
20432
20433
20435
20438
20439
20440
20441
20442
20443
20444
20446
20447
20448
20449
20450
20453
20454
20455
20456
20457
20458
20459
20460
20461
20463
20464
20465
20467
20468
20469
20470
20471
20472
20473
20474
20475
20476
20477
20479
20480
20483
20484
20485
20487
20488
20489
20491
20492
20495
20496
20497
20498
20499
20500
20503
20505
20506
20507
20508
20509
20510
20512
20513
20519
20520
20521
20522
20523
20524
20528
20529
20530
20531
20532
20533
20536
20537
20538
20539
20540
20542
20543
20545
20547
20549
20550
20552
20554
20555
20558
20559
20560
20561
20563
20564
20565
20566
20567
20569
20570
20571
20572
20573
20575
20576
20577
20578
20579
20580
20581
20584
20585
20586
20589
20590
20591
20592
20593
20594
20596
20597
20598
20599
20600
20604
20607
20610
20612
20613
20615
20616
20618
20619
20621
20622
20624
20626
20627
20629
20630
20631
20632
20633
20634
20635
20636
20637
20639
20640
20641
20643
20644
20647
20648
20649
20650
20653
20654
20655
20657
20659
20660
20662
20663
20665
20666
20667
20668
20670
20671
20672
20674
20675
20676
20677
20678
20679
20680
20682
20683
20684
20685
20688
20689
20690
20691
20692
20693
20694
20695
20696
20702
20703
20704
20705
20707
20708
20711
20712
20713
20714
20715
20716
20719
20721
20722
20723
20724
20725
20727
20728
20729
20730
20731
20732
20733
20734
20735
20736
20738
20740
20741
20742
20744
20746
20748
20749
20750
20751
20752
20754
20755
20757
20758
20759
20761
20762
20763
20764
20765
20766
20768
20769
20770
20771
20772
20773
20774
20775
20776
20777
20781
20782
20784
20785
20787
20788
20790
20791
20792
20794
20796
20797
20800
20802
20803
20804
20807
20808
20809
20810
20812
20813
20814
20815
20817
20818
20819
20822
20823
20826
20827
20828
20829
20831
20832
20833
20834
20835
20836
20837
20838
20841
20843
20844
20845
20846
20848
20849
20851
20852
20853
20856
20858
20860
20861
20862
20863
20864
20865
20866
20867
20868
20870
20871
20872
20874
20875
20876
20877
20878
20879
20880
20881
20882
20883
20884
20885
20886
20887
20888
20889
20890
20894
20895
20897
20899
20901
20902
20905
20906
20908
20910
20911
20913
20915
20917
20918
20919
20920
20923
20924
20927
20928
20929
20933
20934
20937
20938
20939
20940
20943
20945
20946
20947
20948
20950
20951
20952
20953
20954
20955
20956
20957
20958
20959
20960
20961
20963
20966
20967
20968
20969
20970
20971
20972
20973
20974
20978
20979
20980
20981
20982
20983
20987
20988
20990
20991
20992
20993
20996
20999
21000
21001
21002
21003
21004
21005
21006
21007
21011
21013
21014
21016
21017
21018
21019
21022
21023
21024
21025
21026
21027
21029
21031
21033
21035
21036
21037
21038
21041
21042
21043
21044
21046
21047
21048
21049
21050
21051
21054
21055
21056
21059
21061
21064
21065
21066
21068
21069
21070
21072
21073
21076
21077
21078
21079
21080
21081
21083
21087
21090
21091
21094
21095
21096
21097
21101
21102
21103
21104
21105
21106
21107
21108
21109
21111
21112
21113
21114
21116
21117
21118
21119
21121
21122
21123
21124
21125
21126
21127
21129
21130
21131
21132
21133
21134
21135
21136
21138
21139
21141
21142
21143
21144
21145
21146
21147
21148
21149
21150
21151
21152
21153
21154
21155
21157
21158
21159
21160
21161
21162
21163
21164
21165
21166
21167
21168
21170
21171
21172
21174
21176
21177
21179
21181
21182
21183
21186
21188
21189
21190
21191
21192
21193
21194
21195
21196
21197
21199
21200
21201
21202
21203
21204
21206
21207
21211
21213
21214
21215
21216
21217
21218
21220
21221
21222
21224
21226
21227
21228
21229
21230
21232
21235
21236
21238
21239
21240
21241
21242
21243
21244
21245
21248
21250
21251
21252
21253
21254
21255
21256
21257
21258
21259
21260
21261
21262
21263
21264
21270
21272
21273
21275
21276
21278
21279
21280
21281
21282
21283
21285
21286
21288
21290
21291
21292
21293
21294
21295
21298
21299
21301
21303
21304
21306
21307
21309
21310
21316
21318
21320
21321
21322
21323
21324
21325
21327
21328
21329
21330
21333
21335
21337
21339
21340
21341
21342
21343
21344
21345
21347
21349
21351
21352
21353
21354
21355
21356
21357
21358
21359
21360
21362
21363
21365
21366
21367
21368
21369
21370
21372
21373
21374
21375
21378
21380
21381
21384
21386
21387
21389
21390
21391
21394
21396
21397
21398
21399
21400
21402
21403
21405
21406
21408
21411
21412
21413
21414
21415
21417
21419
21420
21421
21423
21424
21425
21426
21427
21433
21434
21435
21436
21437
21439
21440
21441
21442
21445
21447
21450
21451
21452
21453
21454
21455
21456
21457
21458
21459
21460
21461
21463
21464
21465
21471
21472
21473
21474
21475
21477
21479
21481
21482
21483
21485
21487
21488
21489
21490
21493
21494
21496
21497
21498
21500
21502
21503
21504
21505
21506
21507
21508
21510
21511
21512
21513
21515
21516
21517
21518
21521
21525
21527
21529
21532
21533
21535
21536
21537
21538
21539
21540
21541
21542
21543
21544
21545
21546
21548
21549
21551
21553
21555
21556
21557
21558
21559
21560
21561
21562
21563
21564
21565
21567
21568
21569
21571
21572
21573
21575
21576
21578
21579
21580
21587
21588
21589
21590
21591
21592
21593
21594
21595
21597
21598
21599
21600
21603
21604
21605
21607
21609
21610
21612
21613
21614
21616
21617
21618
21620
21621
21622
21624
21626
21627
21628
21629
21630
21631
21632
21633
21634
21635
21637
21638
21639
21640
21641
21642
21645
21647
21649
21650
21655
21656
21657
21660
21661
21663
21665
21666
21670
21671
21672
21674
21675
21676
21678
21680
21681
21682
21683
21684
21685
21687
21689
21692
21693
21694
21695
21699
21700
21701
21703
21704
21705
21707
21708
21710
21711
21712
21714
21715
21716
21717
21718
21720
21721
21724
21725
21726
21728
21729
21730
21731
21733
21734
21736
21737
21738
21739
21740
21742
21743
21745
21746
21747
21748
21749
21751
21753
21755
21756
21758
21761
21764
21766
21767
21768
21769
21772
21773
21774
21775
21777
21779
21780
21782
21784
21785
21786
21788
21790
21791
21792
21793
21794
21795
21797
21798
21799
21804
21805
21806
21808
21809
21811
21812
21813
21814
21817
21819
21820
21822
21823
21824
21825
21826
21828
21833
21835
21841
21842
21843
21844
21845
21846
21848
21849
21850
21851
21852
21853
21854
21856
21857
21858
21859
21860
21863
21864
21867
21868
21869
21870
21871
21873
21874
21876
21878
21879
21880
21881
21883
21884
21888
21890
21891
21892
21893
21894
21895
21897
21898
21899
21901
21902
21903
21904
21905
21906
21907
21908
21909
21910
21912
21915
21916
21917
21918
21919
21921
21922
21924
21925
21928
21929
21930
21933
21934
21935
21938
21939
21940
21941
21943
21945
21946
21948
21950
21951
21952
21954
21955
21956
21957
21958
21962
21963
21964
21965
21966
21967
21970
21971
21972
21973
21974
21976
21977
21979
21982
21985
21986
21987
21988
21989
21990
21992
21994
21995
21998
21999
22000
22003
22004
22005
22006
22007
22008
22009
22010
22013
22014
22016
22017
22019
22021
22022
22023
22024
22025
22027
22028
22030
22031
22032
22033
22034
22036
22038
22039
22040
22043
22044
22045
22046
22050
22052
22054
22057
22059
22060
22061
22062
22063
22064
22066
22067
22068
22070
22071
22072
22073
22075
22076
22078
22079
22080
22081
22082
22084
22085
22086
22089
22090
22091
22092
22093
22095
22096
22098
22100
22101
22102
22104
22106
22109
22112
22113
22114
22116
22117
22120
22121
22125
22126
22127
22128
22129
22130
22131
22134
22136
22137
22138
22140
22141
22142
22143
22144
22146
22147
22149
22150
22151
22152
22153
22154
22155
22157
22158
22159
22162
22163
22165
22166
22167
22169
22171
22172
22175
22176
22177
22179
22180
22182
22183
22184
22187
22188
22190
22191
22195
22197
22200
22202
22205
22206
22207
22208
22211
22212
22213
22214
22217
22219
22220
22221
22222
22224
22225
22227
22228
22229
22230
22232
22233
22234
22235
22236
22238
22240
22241
22242
22243
22244
22245
22246
22247
22248
22249
22250
22251
22253
22254
22255
22256
22257
22258
22259
22263
22266
22268
22269
22270
22271
22272
22273
22274
22275
22276
22278
22279
22281
22283
22284
22285
22287
22289
22290
22291
22293
22294
22295
22296
22299
22302
22304
22305
22306
22307
22308
22309
22310
22315
22316
22318
22319
22320
22322
22324
22325
22326
22327
22329
22330
22331
22332
22333
22334
22335
22336
22338
22339
22341
22342
22344
22346
22348
22349
22350
22353
22354
22355
22357
22361
22362
22365
22367
22369
22370
22371
22372
22373
22375
22377
22379
22380
22381
22382
22384
22386
22387
22389
22392
22395
22398
22399
22401
22404
22405
22406
22407
22408
22411
22412
22415
22416
22417
22418
22419
22420
22421
22424
22430
22431
22432
22433
22435
22436
22437
22439
22440
22441
22442
22444
22445
22446
22447
22448
22449
22450
22451
22453
22456
22458
22459
22460
22461
22462
22464
22465
22467
22468
22469
22470
22471
22472
22473
22475
22476
22477
22479
22481
22484
22487
22489
22491
22493
22494
22496
22498
22499
22500
22501
22502
22503
22505
22506
22507
22509
22511
22512
22513
22514
22515
22516
22517
22518
22523
22524
22525
22526
22527
22528
22530
22531
22532
22533
22534
22536
22537
22538
22541
22542
22544
22545
22546
22551
22553
22556
22558
22559
22560
22561
22562
22565
22567
22569
22570
22572
22573
22576
22577
22578
22579
22580
22581
22582
22583
22584
22585
22587
22588
22590
22591
22592
22593
22594
22595
22597
22598
22599
22602
22603
22606
22608
22609
22613
22614
22618
22619
22621
22622
22623
22624
22625
22626
22627
22629
22630
22631
22632
22634
22636
22637
22638
22639
22640
22641
22642
22643
22644
22645
22648
22649
22651
22653
22655
22656
22657
22658
22659
22660
22661
22663
22664
22666
22668
22670
22671
22672
22674
22675
22676
22677
22678
22679
22680
22681
22682
22684
22687
22690
22692
22695
22696
22697
22698
22699
22701
22702
22703
22705
22706
22707
22708
22709
22710
22711
22713
22715
22716
22718
22721
22724
22725
22727
22728
22729
22731
22732
22737
22738
22739
22740
22741
22743
22744
22745
22746
22747
22748
22749
22750
22753
22754
22755
22756
22759
22760
22761
22762
22763
22764
22765
22766
22767
22768
22769
22770
22771
22772
22773
22775
22777
22778
22779
22780
22782
22783
22784
22785
22786
22789
22790
22791
22792
22793
22794
22796
22797
22798
22800
22801
22802
22805
22806
22807
22809
22810
22812
22815
22820
22821
22822
22824
22825
22826
22827
22828
22830
22832
22835
22838
22840
22841
22842
22844
22845
22846
22847
22848
22849
22850
22852
22854
22855
22856
22858
22859
22860
22861
22862
22863
22864
22865
22866
22868
22869
22870
22872
22873
22875
22876
22877
22878
22879
22881
22882
22885
22887
22889
22890
22891
22894
22895
22897
22898
22900
22901
22902
22903
22904
22905
22906
22907
22910
22911
22912
22913
22915
22916
22917
22918
22920
22921
22922
22923
22926
22927
22928
22929
22930
22931
22933
22935
22939
22941
22942
22943
22945
22946
22948
22952
22953
22956
22957
22958
22960
22961
22963
22964
22965
22966
22968
22969
22970
22973
22974
22976
22977
22978
22979
22980
22981
22982
22983
22984
22985
22986
22987
22988
22991
22993
22996
22997
22998
23001
23002
23003
23007
23008
23009
23010
23012
23014
23016
23017
23018
23021
23022
23023
23024
23025
23026
23027
23028
23029
23030
23032
23033
23035
23036
23038
23041
23044
23046
23047
23049
23053
23057
23060
23061
23063
23064
23065
23066
23067
23070
23071
23072
23073
23074
23075
23077
23080
23082
23085
23086
23087
23092
23093
23094
23095
23097
23098
23099
23101
23103
23104
23105
23106
23107
23108
23109
23111
23113
23114
23115
23116
23117
23119
23120
23121
23122
23124
23129
23130
23132
23134
23135
23137
23139
23140
23141
23144
23145
23146
23152
23155
23156
23157
23158
23161
23163
23164
23165
23166
23170
23173
23174
23177
23180
23181
23183
23184
23185
23186
23187
23189
23191
23194
23196
23197
23200
23201
23202
23205
23207
23210
23211
23212
23213
23214
23218
23219
23221
23222
23223
23225
23226
23227
23229
23231
23233
23235
23237
23238
23239
23241
23243
23244
23245
23246
23248
23251
23254
23255
23256
23257
23258
23259
23261
23262
23263
23264
23265
23269
23270
23271
23272
23274
23275
23276
23277
23278
23279
23280
23281
23282
23283
23285
23287
23288
23290
23293
23294
23295
23296
23297
23298
23299
23300
23302
23303
23304
23305
23310
23311
23312
23313
23314
23315
23316
23317
23318
23319
23322
23323
23324
23325
23326
23327
23329
23331
23332
23335
23336
23338
23342
23343
23344
23345
23346
23348
23352
23353
23354
23355
23356
23357
23358
23359
23360
23361
23362
23367
23368
23371
23372
23373
23374
23377
23378
23379
23380
23381
23382
23383
23384
23387
23389
23391
23394
23396
23397
23400
23401
23402
23403
23405
23406
23408
23409
23410
23411
23412
23414
23415
23416
23417
23419
23421
23423
23424
23425
23426
23427
23428
23429
23432
23435
23436
23437
23442
23443
23444
23446
23448
23449
23450
23451
23455
23456
23458
23459
23461
23464
23465
23466
23467
23468
23470
23472
23474
23475
23476
23477
23478
23479
23481
23485
23486
23489
23491
23493
23495
23496
23497
23498
23500
23502
23506
23507
23508
23509
23510
23511
23512
23513
23514
23515
23516
23517
23520
23521
23522
23523
23525
23526
23527
23529
23530
23531
23532
23533
23534
23535
23536
23540
23541
23543
23544
23546
23547
23548
23549
23550
23551
23554
23556
23557
23559
23563
23564
23565
23566
23567
23568
23570
23571
23572
23573
23575
23578
23580
23581
23582
23583
23584
23586
23587
23588
23590
23591
23592
23593
23594
23596
23597
23598
23600
23603
23604
23605
23610
23612
23614
23615
23616
23617
23618
23619
23626
23628
23630
23631
23635
23636
23637
23638
23639
23640
23641
23642
23644
23645
23647
23648
23650
23651
23657
23658
23661
23663
23664
23665
23668
23670
23672
23674
23675
23676
23677
23679
23681
23682
23683
23685
23686
23689
23690
23693
23695
23697
23699
23700
23702
23703
23704
23705
23707
23708
23709
23711
23712
23713
23714
23716
23718
23719
23721
23722
23726
23728
23730
23731
23732
23733
23734
23735
23736
23737
23738
23740
23741
23744
23746
23747
23748
23749
23753
23754
23755
23756
23758
23760
23762
23764
23769
23770
23771
23772
23775
23776
23777
23778
23780
23783
23784
23785
23786
23791
23792
23793
23794
23795
23796
23799
23801
23804
23805
23806
23807
23809
23811
23812
23814
23815
23816
23817
23818
23819
23821
23822
23823
23825
23826
23828
23829
23830
23831
23832
23833
23834
23835
23836
23837
23838
23839
23841
23844
23845
23846
23848
23849
23851
23852
23853
23854
23856
23857
23858
23859
23860
23866
23868
23870
23873
23874
23875
23877
23878
23879
23880
23882
23883
23884
23885
23887
23890
23891
23892
23893
23894
23895
23896
23899
23900
23901
23903
23905
23906
23907
23908
23909
23911
23912
23913
23914
23915
23917
23919
23921
23922
23923
23925
23926
23927
23930
23932
23933
23934
23935
23936
23937
23938
23941
23942
23944
23945
23946
23947
23948
23949
23950
23951
23952
23953
23954
23956
23958
23959
23961
23962
23964
23965
23966
23967
23968
23969
23970
23971
23972
23973
23975
23976
23977
23979
23980
23982
23983
23985
23986
23989
23990
23991
23995
23996
23997
24001
24002
24003
24004
24005
24006
24009
24010
24011
24012
24013
24014
24015
24016
24018
24019
24020
24023
24024
24025
24027
24028
24030
24031
24033
24034
24035
24036
24037
24038
24040
24041
24043
24047
24048
24049
24050
24051
24053
24054
24056
24057
24058
24060
24061
24062
24063
24065
24067
24068
24073
24074
24077
24078
24079
24080
24082
24083
24084
24085
24087
24088
24090
24091
24092
24093
24094
24096
24097
24098
24100
24101
24102
24105
24106
24108
24109
24110
24112
24113
24115
24116
24117
24118
24119
24120
24121
24122
24123
24124
24125
24127
24129
24132
24136
24138
24140
24141
24142
24145
24147
24151
24152
24153
24154
24155
24156
24158
24160
24161
24162
24163
24166
24167
24168
24169
24170
24173
24175
24177
24178
24181
24183
24184
24185
24186
24188
24191
24193
24194
24197
24198
24199
24200
24201
24202
24204
24205
24206
24207
24209
24210
24211
24213
24216
24217
24218
24219
24220
24221
24222
24223
24224
24226
24227
24228
24229
24230
24231
24236
24237
24241
24242
24243
24244
24245
24247
24250
24251
24252
24253
24254
24255
24261
24262
24264
24265
24266
24268
24269
24271
24272
24274
24275
24276
24277
24278
24280
24281
24282
24283
24284
24285
24289
24290
24291
24292
24293
24295
24297
24298
24299
24300
24302
24303
24304
24305
24308
24310
24311
24312
24314
24315
24316
24317
24319
24321
24322
24323
24324
24325
24328
24329
24330
24331
24332
24334
24336
24337
24340
24341
24342
24343
24344
24345
24346
24348
24349
24350
24351
24352
24353
24354
24356
24358
24359
24360
24363
24364
24366
24367
24368
24369
24370
24372
24374
24375
24376
24377
24379
24382
24383
24384
24385
24386
24390
24392
24393
24396
24398
24399
24401
24403
24407
24408
24409
24412
24415
24419
24420
24422
24425
24426
24427
24429
24432
24434
24435
24436
24438
24439
24440
24442
24443
24444
24446
24447
24451
24453
24454
24455
24456
24459
24460
24461
24462
24463
24466
24468
24469
24470
24471
24472
24475
24476
24478
24480
24481
24484
24485
24486
24487
24488
24491
24495
24496
24497
24500
24501
24502
24503
24504
24505
24507
24508
24509
24510
24511
24512
24513
24515
24516
24519
24520
24522
24523
24524
24526
24527
24528
24529
24530
24531
24533
24534
24535
24536
24541
24542
24543
24544
24546
24547
24548
24550
24551
24553
24554
24555
24556
24557
24558
24561
24562
24563
24564
24565
24566
24567
24568
24571
24572
24573
24574
24575
24578
24579
24580
24582
24583
24584
24586
24587
24590
24591
24595
24596
24597
24599
24600
24601
24602
24603
24604
24606
24608
24609
24614
24617
24622
24623
24624
24625
24627
24628
24629
24631
24632
24633
24634
24635
24636
24637
24638
24639
24640
24641
24642
24643
24644
24645
24646
24647
24648
24649
24652
24653
24655
24656
24657
24658
24659
24660
24661
24662
24663
24664
24667
24668
24669
24670
24671
24672
24674
24675
24676
24677
24679
24681
24685
24689
24690
24691
24693
24695
24698
24699
24700
24701
24702
24703
24704
24708
24710
24712
24713
24714
24715
24716
24719
24720
24721
24722
24724
24725
24726
24727
24728
24731
24732
24733
24734
24735
24738
24739
24742
24744
24745
24746
24747
24749
24751
24752
24753
24755
24762
24763
24764
24765
24766
24768
24769
24770
24772
24773
24776
24777
24779
24781
24782
24785
24787
24790
24791
24792
24794
24795
24797
24798
24799
24800
24801
24802
24804
24806
24807
24810
24811
24812
24813
24815
24816
24817
24818
24819
24821
24822
24824
24826
24827
24828
24830
24831
24833
24835
24837
24838
24842
24845
24846
24847
24848
24849
24850
24851
24852
24854
24856
24857
24860
24861
24862
24863
24864
24865
24866
24867
24868
24869
24870
24873
24874
24875
24876
24878
24880
24881
24883
24886
24887
24888
24890
24891
24892
24893
24894
24895
24896
24898
24899
24900
24901
24902
24903
24904
24905
24906
24907
24911
24915
24918
24919
24921
24924
24927
24929
24930
24932
24933
24935
24936
24937
24938
24939
24941
24942
24943
24944
24945
24946
24947
24948
24951
24952
24954
24955
24956
24958
24959
24960
24962
24963
24965
24967
24968
24970
24972
24973
24974
24976
24979
24981
24982
24983
24986
24987
24988
24991
24992
24993
24999
25000
25001
25002
25004
25005
25006
25007
25009
25013
25015
25016
25017
25018
25019
25020
25023
25025
25026
25030
25031
25032
25033
25034
25036
25037
25038
25041
25043
25044
25045
25047
25048
25050
25051
25052
25053
25054
25055
25060
25062
25063
25064
25065
25067
25068
25072
25073
25074
25075
25077
25078
25079
25080
25081
25082
25083
25084
25085
25086
25087
25091
25092
25093
25094
25095
25096
25097
25098
25099
25101
25103
25104
25105
25111
25112
25113
25114
25115
25116
25117
25118
25122
25124
25126
25128
25129
25130
25131
25133
25135
25136
25137
25138
25140
25141
25142
25144
25145
25146
25147
25148
25149
25150
25151
25152
25153
25155
25157
25160
25161
25162
25163
25164
25165
25166
25168
25169
25170
25171
25173
25175
25177
25178
25179
25181
25182
25184
25185
25186
25187
25188
25190
25192
25196
25200
25201
25204
25207
25208
25209
25210
25211
25212
25213
25214
25215
25216
25217
25218
25220
25221
25222
25223
25224
25225
25227
25228
25229
25230
25231
25232
25234
25236
25237
25243
25244
25245
25246
25247
25248
25249
25250
25251
25252
25254
25255
25256
25257
25258
25260
25261
25264
25265
25267
25269
25270
25271
25273
25274
25277
25278
25279
25280
25283
25284
25285
25286
25287
25289
25291
25293
25294
25296
25299
25300
25301
25303
25304
25306
25307
25309
25310
25311
25312
25314
25316
25317
25318
25319
25320
25322
25324
25325
25326
25328
25329
25331
25332
25333
25334
25336
25337
25338
25339
25340
25341
25343
25344
25346
25347
25349
25351
25353
25358
25362
25364
25365
25367
25369
25370
25371
25374
25376
25377
25379
25382
25383
25385
25386
25387
25389
25391
25393
25394
25395
25399
25400
25402
25404
25406
25407
25408
25410
25412
25413
25416
25419
25420
25421
25423
25426
25427
25428
25429
25430
25432
25433
25434
25435
25436
25439
25440
25442
25446
25448
25449
25451
25455
25456
25458
25459
25460
25462
25463
25464
25465
25466
25467
25468
25469
25470
25471
25472
25473
25474
25475
25476
25478
25479
25480
25481
25484
25486
25487
25489
25490
25493
25497
25498
25499
25501
25502
25503
25504
25506
25508
25509
25510
25513
25514
25516
25517
25518
25519
25522
25523
25524
25528
25530
25532
25536
25537
25538
25539
25543
25544
25546
25547
25548
25549
25550
25551
25552
25553
25555
25557
25558
25559
25561
25562
25564
25567
25570
25571
25572
25573
25574
25575
25576
25577
25580
25583
25584
25586
25587
25591
25594
25595
25597
25598
25599
25600
25601
25602
25603
25605
25609
25610
25611
25612
25613
25614
25616
25619
25620
25621
25622
25625
25626
25627
25628
25629
25631
25632
25633
25634
25635
25636
25637
25638
25640
25641
25642
25643
25644
25645
25646
25647
25654
25655
25656
25658
25662
25663
25665
25667
25668
25673
25675
25676
25677
25678
25679
25680
25681
25682
25686
25688
25689
25690
25691
25692
25693
25694
25695
25696
25697
25699
25700
25702
25705
25706
25708
25709
25710
25711
25712
25714
25716
25718
25719
25720
25721
25722
25723
25724
25725
25729
25730
25731
25736
25737
25738
25739
25740
25741
25742
25744
25745
25746
25747
25748
25749
25752
25756
25757
25758
25762
25763
25764
25766
25767
25769
25770
25771
25772
25773
25774
25776
25779
25780
25781
25785
25786
25787
25790
25791
25792
25795
25798
25801
25802
25804
25805
25806
25807
25808
25810
25811
25812
25814
25816
25818
25820
25822
25823
25824
25825
25826
25827
25828
25830
25831
25832
25833
25835
25836
25837
25838
25839
25841
25844
25845
25848
25849
25851
25856
25857
25858
25862
25863
25864
25866
25868
25869
25875
25876
25877
25880
25883
25884
25885
25889
25890
25891
25893
25895
25896
25897
25900
25901
25902
25903
25905
25907
25910
25914
25917
25918
25919
25924
25926
25927
25930
25931
25932
25933
25936
25938
25939
25940
25941
25943
25944
25945
25946
25949
25950
25951
25952
25953
25958
25960
25961
25962
25964
25965
25966
25968
25969
25970
25971
25974
25976
25977
25979
25984
25989
25990
25992
25993
25994
25997
25998
26000
26002
26003
26004
26007
26008
26011
26012
26013
26014
26015
26017
26019
26022
26023
26024
26025
26026
26027
26028
26033
26035
26036
26037
26038
26039
26040
26041
26042
26044
26046
26048
26049
26050
26054
26055
26056
26060
26061
26062
26063
26065
26067
26068
26072
26073
26074
26077
26079
26080
26083
26084
26091
26093
26094
26096
26097
26098
26101
26102
26103
26104
26105
26107
26108
26109
26111
26112
26114
26115
26117
26119
26121
26122
26123
26124
26125
26126
26127
26128
26131
26132
26134
26135
26137
26139
26140
26141
26143
26146
26147
26148
26149
26150
26152
26153
26155
26156
26157
26158
26159
26160
26161
26162
26164
26167
26168
26170
26171
26172
26173
26174
26175
26177
26178
26179
26181
26182
26183
26184
26189
26190
26192
26194
26196
26197
26200
26202
26204
26205
26206
26207
26208
26209
26211
26214
26218
26222
26223
26224
26226
26227
26228
26229
26230
26233
26234
26235
26236
26237
26238
26239
26241
26242
26247
26249
26250
26252
26253
26254
26255
26258
26259
26260
26261
26262
26263
26264
26265
26269
26270
26271
26273
26274
26275
26277
26278
26282
26284
26287
26288
26289
26291
26292
26294
26295
26297
26299
26300
26301
26303
26306
26307
26308
26309
26311
26312
26313
26316
26320
26321
26322
26323
26324
26325
26326
26327
26328
26329
26331
26333
26334
26335
26336
26337
26338
26339
26340
26342
26343
26344
26345
26346
26348
26349
26350
26352
26353
26354
26355
26356
26357
26358
26359
26360
26362
26363
26364
26365
26366
26368
26370
26371
26372
26373
26378
26379
26380
26381
26384
26386
26388
26389
26390
26392
26393
26396
26398
26401
26403
26404
26406
26407
26410
26411
26412
26413
26415
26418
26419
26420
26425
26427
26429
26432
26434
26436
26437
26442
26443
26444
26446
26450
26451
26452
26453
26456
26457
26458
26463
26464
26466
26468
26472
26473
26475
26477
26479
26482
26483
26487
26488
26489
26490
26492
26493
26494
26501
26502
26503
26506
26510
26512
26515
26516
26517
26518
26520
26521
26524
26526
26527
26528
26530
26531
26532
26533
26534
26537
26539
26540
26542
26543
26545
26546
26547
26548
26549
26550
26551
26552
26554
26555
26556
26557
26558
26561
26564
26565
26566
26569
26570
26571
26572
26574
26577
26579
26581
26582
26583
26584
26585
26586
26587
26588
26593
26596
26597
26600
26602
26604
26605
26606
26607
26608
26610
26611
26612
26613
26614
26615
26618
26619
26621
26622
26623
26624
26625
26626
26627
26628
26630
26632
26634
26637
26639
26640
26641
26642
26643
26644
26645
26646
26649
26650
26651
26653
26655
26657
26658
26659
26660
26661
26665
26666
26667
26669
26670
26671
26672
26674
26677
26678
26679
26681
26685
26686
26687
26689
26690
26691
26693
26699
26701
26702
26703
26704
26707
26708
26709
26713
26714
26715
26716
26722
26723
26724
26727
26728
26729
26731
26732
26733
26734
26735
26736
26738
26743
26745
26748
26749
26750
26752
26753
26754
26755
26756
26759
26760
26762
26763
26764
26765
26766
26767
26768
26769
26770
26772
26773
26774
26775
26777
26778
26779
26781
26782
26783
26785
26786
26790
26793
26795
26802
26804
26805
26806
26807
26808
26810
26812
26814
26816
26817
26818
26820
26821
26823
26824
26829
26831
26834
26836
26837
26838
26839
26841
26842
26843
26844
26845
26846
26849
26850
26852
26855
26858
26859
26860
26862
26863
26864
26865
26867
26870
26871
26875
26876
26878
26879
26880
26882
26883
26884
26886
26887
26889
26894
26895
26898
26900
26902
26903
26907
26908
26909
26911
26912
26915
26917
26918
26920
26921
26923
26925
26926
26927
26930
26931
26932
26933
26934
26938
26939
26941
26943
26946
26952
26953
26954
26955
26956
26957
26961
26962
26963
26964
26968
26969
26970
26971
26972
26975
26978
26982
26985
26986
26988
26990
26991
26992
26993
26994
26996
26998
26999
27000
27003
27004
27005
27006
27007
27008
27009
27010
27011
27012
27015
27016
27017
27018
27020
27021
27022
27024
27028
27031
27032
27033
27034
27035
27038
27040
27041
27043
27044
27047
27050
27056
27059
27063
27064
27065
27066
27067
27069
27072
27073
27076
27078
27080
27082
27083
27084
27086
27087
27089
27093
27094
27095
27101
27102
27104
27105
27108
27110
27111
27112
27113
27114
27116
27118
27119
27120
27121
27122
27123
27124
27126
27127
27129
27130
27132
27135
27136
27140
27142
27143
27150
27153
27155
27158
27159
27160
27162
27166
27167
27168
27169
27171
27172
27173
27175
27179
27182
27183
27185
27188
27189
27190
27191
27192
27193
27194
27195
27196
27197
27198
27199
27200
27203
27204
27205
27208
27209
27210
27211
27212
27214
27217
27218
27221
27222
27223
27224
27225
27226
27227
27228
27229
27231
27232
27235
27237
27238
27240
27241
27242
27245
27247
27248
27251
27253
27255
27256
27257
27259
27260
27263
27265
27266
27268
27271
27272
27273
27275
27277
27280
27281
27284
27285
27287
27288
27289
27291
27292
27293
27296
27297
27305
27307
27309
27310
27312
27313
27317
27318
27320
27321
27322
27324
27325
27327
27331
27334
27335
27336
27337
27338
27339
27341
27342
27343
27344
27345
27346
27350
27351
27352
27354
27355
27357
27358
27359
27360
27362
27363
27365
27366
27367
27369
27370
27372
27373
27374
27375
27376
27379
27380
27381
27382
27383
27384
27385
27386
27387
27389
27390
27391
27392
27393
27395
27396
27398
27400
27401
27402
27403
27404
27405
27406
27408
27409
27410
27411
27412
27413
27416
27417
27419
27420
27421
27423
27424
27425
27427
27428
27430
27432
27433
27434
27435
27436
27437
27439
27441
27443
27445
27446
27448
27450
27454
27456
27460
27462
27465
27466
27467
27471
27472
27473
27475
27476
27477
27478
27482
27483
27484
27485
27487
27490
27491
27494
27495
27496
27501
27502
27510
27512
27513
27514
27515
27517
27519
27520
27522
27523
27525
27526
27528
27530
27532
27533
27534
27536
27538
27540
27543
27545
27546
27547
27548
27549
27551
27553
27556
27557
27558
27559
27560
27563
27565
27566
27567
27568
27571
27572
27573
27574
27575
27577
27578
27580
27582
27583
27584
27585
27586
27587
27588
27589
27591
27592
27593
27595
27596
27597
27600
27602
27603
27604
27605
27608
27609
27612
27613
27614
27615
27616
27618
27619
27620
27621
27622
27623
27624
27625
27628
27629
27630
27631
27632
27633
27635
27641
27642
27645
27647
27648
27650
27651
27653
27654
27655
27656
27657
27661
27662
27663
27664
27665
27666
27667
27668
27670
27673
27674
27676
27678
27679
27682
27684
27686
27688
27689
27690
27692
27693
27694
27695
27696
27698
27699
27700
27701
27702
27704
27706
27707
27709
27710
27711
27712
27713
27714
27715
27717
27718
27719
27720
27722
27723
27724
27727
27730
27731
27732
27733
27734
27735
27736
27737
27738
27739
27740
27741
27742
27743
27745
27747
27748
27750
27751
27753
27755
27756
27757
27758
27759
27760
27761
27762
27763
27764
27766
27767
27772
27775
27776
27777
27778
27779
27780
27781
27782
27784
27787
27788
27790
27793
27794
27795
27797
27798
27802
27803
27805
27806
27808
27811
27812
27817
27819
27820
27821
27822
27823
27828
27832
27833
27837
27838
27840
27841
27843
27844
27845
27846
27849
27850
27851
27852
27854
27857
27858
27859
27860
27861
27864
27865
27867
27868
27869
27870
27872
27876
27879
27881
27882
27884
27885
27887
27889
27891
27892
27893
27894
27895
27896
27899
27900
27903
27904
27906
27907
27908
27909
27910
27911
27912
27915
27916
27919
27921
27922
27923
27924
27925
27926
27927
27928
27929
27930
27931
27933
27935
27938
27942
27943
27944
27945
27946
27948
27950
27952
27953
27958
27959
27960
27962
27963
27964
27965
27966
27967
27969
27970
27971
27973
27974
27976
27979
27980
27981
27984
27988
27990
27991
27993
27994
27995
27996
27997
27998
27999
28000
28001
28002
28003
28006
28007
28008
28009
28011
28013
28014
28017
28018
28020
28021
28024
28025
28026
28028
28032
28033
28035
28036
28039
28040
28041
28042
28043
28044
28048
28049
28054
28058
28060
28061
28062
28063
28065
28066
28067
28068
28070
28072
28073
28074
28075
28079
28080
28081
28082
28085
28086
28087
28088
28090
28091
28092
28095
28096
28097
28098
28100
28101
28103
28104
28105
28107
28109
28110
28111
28112
28113
28115
28118
28121
28125
28126
28127
28132
28133
28136
28137
28138
28140
28141
28142
28143
28145
28147
28149
28150
28151
28156
28157
28161
28164
28166
28168
28169
28170
28171
28172
28173
28174
28177
28180
28183
28184
28185
28188
28189
28190
28191
28192
28193
28197
28198
28199
28200
28207
28208
28210
28211
28214
28215
28216
28217
28218
28219
28221
28222
28223
28225
28227
28229
28230
28231
28232
28233
28234
28235
28236
28237
28238
28239
28240
28241
28243
28245
28247
28248
28252
28253
28254
28255
28257
28258
28259
28260
28261
28262
28263
28265
28266
28267
28269
28271
28272
28274
28276
28281
28284
28286
28288
28291
28292
28295
28297
28298
28299
28300
28301
28302
28305
28306
28308
28311
28312
28313
28315
28317
28318
28320
28321
28326
28327
28328
28329
28333
28335
28336
28337
28339
28340
28341
28343
28347
28348
28349
28354
28356
28357
28358
28360
28362
28365
28366
28368
28370
28372
28373
28376
28377
28378
28380
28382
28384
28385
28389
28390
28391
28392
28395
28396
28398
28399
28401
28402
28403
28404
28405
28409
28410
28412
28413
28416
28420
28422
28423
28425
28426
28427
28428
28430
28431
28432
28434
28435
28436
28439
28440
28441
28442
28443
28444
28445
28446
28449
28450
28453
28454
28456
28457
28458
28459
28461
28463
28464
28465
28468
28469
28470
28471
28472
28475
28476
28477
28481
28484
28485
28486
28488
28489
28490
28492
28493
28494
28495
28496
28497
28498
28501
28502
28504
28505
28510
28513
28514
28516
28517
28518
28519
28520
28524
28525
28526
28528
28530
28531
28534
28535
28537
28538
28539
28540
28541
28542
28543
28546
28547
28549
28550
28552
28556
28560
28561
28562
28563
28565
28566
28567
28568
28569
28571
28573
28578
28579
28581
28582
28584
28586
28587
28589
28592
28593
28594
28596
28597
28598
28599
28604
28609
28610
28611
28613
28617
28621
28622
28623
28624
28625
28627
28628
28629
28631
28632
28633
28637
28638
28639
28640
28641
28645
28646
28647
28648
28649
28651
28655
28657
28658
28659
28660
28661
28662
28663
28670
28671
28672
28674
28675
28676
28677
28679
28682
28683
28684
28685
28686
28687
28688
28689
28690
28692
28693
28694
28696
28697
28699
28700
28701
28705
28706
28707
28708
28709
28710
28712
28713
28714
28715
28717
28718
28721
28723
28726
28729
28730
28731
28732
28737
28738
28739
28740
28741
28742
28746
28747
28750
28751
28755
28756
28758
28759
28760
28761
28763
28767
28768
28770
28771
28772
28774
28778
28782
28783
28784
28786
28788
28789
28791
28792
28793
28794
28797
28798
28799
28800
28803
28804
28805
28812
28815
28817
28819
28820
28821
28822
28825
28826
28828
28829
28830
28831
28833
28837
28838
28841
28842
28843
28844
28845
28847
28849
28853
28854
28855
28856
28857
28860
28862
28864
28866
28867
28872
28873
28874
28875
28876
28879
28880
28881
28882
28883
28885
28887
28888
28889
28892
28893
28894
28895
28896
28898
28899
28902
28904
28906
28907
28909
28910
28913
28915
28916
28918
28919
28920
28921
28923
28924
28926
28931
28932
28936
28937
28942
28943
28944
28945
28946
28947
28949
28950
28952
28953
28954
28955
28958
28962
28964
28970
28973
28974
28975
28976
28977
28979
28980
28981
28983
28985
28986
28988
28989
28990
28995
28996
28997
28998
28999
29000
29001
29005
29006
29007
29009
29010
29012
29013
29014
29015
29016
29017
29018
29019
29021
29022
29025
29026
29029
29031
29033
29035
29038
29040
29041
29042
29044
29045
29046
29047
29048
29051
29052
29057
29058
29059
29060
29062
29063
29064
29066
29067
29069
29070
29075
29076
29080
29081
29085
29088
29089
29090
29091
29093
29094
29096
29100
29101
29103
29105
29106
29108
29109
29110
29112
29113
29114
29115
29116
29118
29119
29121
29122
29127
29128
29129
29130
29131
29133
29138
29139
29140
29144
29148
29149
29150
29151
29153
29155
29157
29158
29159
29162
29165
29166
29169
29170
29174
29177
29178
29179
29182
29183
29189
29190
29192
29193
29196
29197
29202
29203
29204
29207
29208
29210
29211
29212
29213
29217
29220
29221
29222
29225
29229
29230
29234
29235
29237
29238
29239
29242
29243
29245
29246
29249
29251
29255
29259
29261
29262
29267
29268
29269
29273
29274
29275
29278
29279
29280
29282
29283
29284
29287
29288
29292
29293
29297
29298
29299
29301
29302
29303
29306
29308
29309
29310
29311
29313
29315
29316
29317
29318
29321
29322
29325
29326
29327
29328
29329
29330
29331
29332
29334
29343
29346
29347
29348
29350
29351
29353
29354
29355
29357
29358
29359
29360
29361
29362
29363
29364
29366
29368
29369
29370
29371
29373
29375
29377
29378
29379
29381
29382
29386
29387
29388
29389
29390
29392
29393
29396
29397
29400
29401
29407
29408
29410
29413
29414
29415
29416
29419
29420
29421
29422
29423
29424
29425
29426
29429
29430
29431
29435
29436
29438
29439
29440
29443
29445
29446
29448
29449
29450
29451
29454
29455
29456
29457
29458
29460
29462
29464
29465
29466
29468
29469
29470
29471
29472
29473
29474
29475
29476
29478
29479
29482
29485
29486
29487
29490
29491
29492
29493
29495
29500
29501
29502
29503
29504
29505
29506
29507
29508
29510
29511
29512
29517
29518
29519
29520
29523
29525
29526
29527
29531
29533
29534
29535
29538
29540
29541
29542
29543
29544
29545
29549
29551
29552
29553
29554
29555
29560
29561
29562
29563
29564
29567
29568
29569
29570
29571
29572
29573
29574
29577
29578
29581
29582
29584
29585
29587
29588
29589
29591
29593
29594
29595
29596
29599
29602
29607
29609
29611
29612
29615
29616
29617
29618
29621
29622
29625
29629
29630
29631
29635
29636
29637
29641
29642
29643
29645
29648
29649
29650
29652
29653
29654
29656
29657
29658
29663
29665
29666
29668
29670
29671
29672
29674
29675
29677
29678
29681
29682
29683
29685
29686
29687
29688
29689
29691
29692
29693
29694
29696
29697
29699
29700
29701
29702
29707
29709
29711
29712
29713
29715
29720
29721
29722
29723
29725
29726
29727
29729
29730
29731
29732
29734
29736
29738
29741
29743
29744
29745
29746
29747
29748
29749
29751
29752
29754
29755
29760
29761
29762
29763
29765
29767
29768
29769
29771
29773
29774
29775
29776
29778
29780
29781
29784
29785
29786
29792
29793
29794
29796
29797
29798
29800
29801
29803
29804
29805
29806
29808
29809
29811
29812
29814
29815
29816
29817
29818
29820
29821
29822
29828
29830
29831
29832
29834
29835
29836
29838
29839
29840
29843
29844
29845
29847
29850
29851
29852
29853
29854
29858
29860
29862
29863
29865
29866
29868
29869
29870
29871
29872
29873
29875
29877
29878
29879
29883
29885
29886
29887
29889
29890
29891
29892
29897
29899
29901
29903
29905
29906
29908
29910
29913
29914
29916
29918
29920
29921
29922
29925
29926
29927
29928
29929
29930
29931
29933
29934
29935
29939
29941
29944
29945
29946
29950
29951
29954
29955
29956
29958
29964
29965
29968
29969
29972
29973
29974
29975
29976
29983
29984
29985
29986
29988
29991
29992
29993
29997
29999
30000
30001
30002
30003
30006
30009
30010
30011
30012
30015
30016
30017
30018
30020
30021
30022
30025
30027
30029
30032
30035
30036
30037
30038
30039
30040
30043
30045
30046
30047
30049
30052
30053
30054
30056
30057
30058
30063
30064
30066
30068
30069
30070
30074
30075
30083
30084
30086
30087
30088
30089
30090
30091
30094
30095
30096
30097
30098
30101
30102
30103
30104
30106
30107
30108
30111
30113
30114
30115
30116
30117
30118
30119
30120
30122
30123
30124
30125
30126
30127
30128
30132
30135
30138
30139
30140
30141
30143
30144
30145
30146
30147
30148
30150
30151
30152
30154
30155
30157
30160
30162
30165
30171
30172
30173
30174
30175
30177
30179
30180
30181
30182
30183
30185
30186
30187
30189
30191
30192
30193
30196
30198
30202
30204
30205
30206
30207
30208
30209
30211
30212
30214
30215
30216
30218
30219
30220
30221
30224
30226
30229
30230
30231
30232
30235
30236
30237
30238
30240
30244
30245
30246
30248
30250
30251
30252
30255
30258
30260
30261
30262
30263
30264
30269
30271
30272
30276
30278
30279
30280
30284
30285
30286
30287
30289
30291
30292
30293
30294
30296
30299
30300
30303
30304
30307
30308
30309
30316
30318
30319
30320
30323
30324
30326
30327
30331
30335
30336
30337
30339
30340
30342
30344
30345
30346
30351
30352
30358
30359
30360
30361
30362
30363
30364
30366
30367
30368
30369
30370
30371
30372
30373
30374
30376
30377
30379
30383
30387
30389
30390
30392
30394
30396
30397
30399
30401
30402
30405
30406
30407
30408
30412
30413
30417
30419
30421
30422
30423
30425
30427
30430
30434
30435
30436
30437
30438
30441
30442
30443
30445
30450
30451
30453
30455
30456
30460
30461
30463
30466
30467
30470
30472
30474
30475
30476
30478
30487
30488
30492
30493
30494
30495
30496
30498
30499
30503
30506
30508
30510
30511
30512
30515
30516
30518
30519
30520
30521
30523
30525
30527
30529
30531
30534
30535
30536
30537
30539
30541
30544
30545
30546
30551
30558
30559
30561
30562
30563
30564
30567
30568
30571
30575
30576
30578
30582
30584
30586
30591
30593
30594
30595
30596
30600
30601
30603
30604
30606
30608
30610
30611
30613
30615
30616
30618
30619
30620
30622
30623
30624
30625
30632
30634
30635
30636
30637
30640
30641
30642
30644
30645
30646
30647
30648
30649
30650
30652
30653
30654
30656
30657
30659
30662
30663
30664
30666
30667
30668
30669
30670
30672
30674
30675
30676
30677
30678
30680
30682
30683
30684
30686
30687
30688
30689
30690
30692
30695
30697
30698
30699
30701
30702
30704
30705
30706
30710
30713
30715
30719
30724
30725
30727
30728
30729
30730
30732
30733
30734
30738
30741
30742
30744
30745
30746
30747
30748
30749
30750
30753
30755
30756
30758
30760
30761
30762
30763
30764
30765
30766
30775
30776
30778
30779
30781
30782
30783
30784
30785
30787
30788
30789
30790
30793
30794
30796
30800
30803
30804
30805
30806
30807
30808
30810
30812
30814
30816
30819
30821
30823
30824
30826
30827
30828
30833
30835
30836
30837
30838
30839
30840
30841
30847
30848
30851
30852
30854
30857
30858
30859
30862
30863
30864
30867
30869
30871
30874
30875
30876
30877
30878
30880
30882
30883
30885
30888
30889
30890
30895
30899
30900
30901
30903
30904
30906
30907
30909
30910
30912
30913
30914
30915
30917
30918
30919
30923
30924
30925
30927
30928
30929
30933
30935
30936
30937
30938
30941
30944
30951
30952
30953
30954
30956
30957
30958
30959
30960
30961
30962
30966
30968
30969
30972
30973
30974
30975
30976
30977
30979
30982
30983
30988
30990
30992
30993
30994
30996
30997
30998
31000
31003
31004
31008
31009
31010
31011
31012
31013
31016
31020
31022
31023
31024
31025
31028
31030
31032
31034
31036
31037
31038
31042
31045
31047
31048
31049
31051
31053
31056
31057
31058
31060
31061
31062
31063
31064
31065
31071
31072
31074
31080
31082
31083
31084
31085
31086
31088
31090
31091
31092
31097
31098
31099
31100
31101
31102
31103
31105
31106
31109
31114
31118
31120
31124
31127
31128
31129
31130
31133
31134
31136
31137
31138
31140
31142
31143
31144
31145
31147
31150
31151
31152
31153
31154
31157
31162
31165
31167
31168
31169
31172
31173
31179
31180
31181
31182
31183
31184
31186
31190
31192
31193
31195
31196
31198
31199
31200
31201
31205
31207
31208
31209
31211
31212
31213
31215
31216
31217
31218
31219
31220
31221
31223
31224
31225
31226
31227
31228
31230
31231
31233
31234
31236
31238
31239
31240
31241
31242
31243
31244
31247
31248
31251
31255
31256
31257
31258
31259
31261
31262
31264
31265
31267
31270
31271
31273
31276
31278
31282
31285
31286
31287
31288
31291
31292
31294
31302
31304
31305
31307
31308
31310
31311
31312
31314
31315
31318
31324
31325
31326
31327
31328
31329
31330
31332
31337
31338
31339
31340
31341
31342
31343
31344
31346
31348
31349
31350
31351
31354
31355
31356
31358
31360
31361
31363
31367
31368
31369
31371
31374
31376
31377
31379
31386
31388
31389
31391
31392
31393
31397
31403
31404
31405
31407
31409
31410
31411
31413
31414
31417
31418
31420
31425
31428
31430
31431
31435
31436
31437
31439
31440
31442
31443
31445
31446
31450
31451
31453
31454
31456
31461
31462
31464
31466
31467
31470
31471
31478
31479
31481
31483
31484
31485
31487
31488
31489
31490
31491
31493
31494
31498
31502
31503
31505
31507
31508
31509
31510
31512
31515
31516
31517
31519
31520
31521
31524
31525
31526
31529
31530
31534
31536
31538
31540
31541
31542
31543
31544
31546
31547
31548
31550
31551
31552
31555
31556
31557
31558
31559
31561
31562
31564
31565
31566
31567
31571
31572
31574
31575
31579
31580
31584
31588
31589
31590
31591
31593
31598
31600
31602
31606
31608
31610
31611
31616
31617
31619
31621
31622
31623
31624
31625
31626
31627
31629
31631
31634
31636
31637
31640
31642
31644
31646
31647
31649
31650
31652
31654
31656
31659
31660
31661
31662
31663
31664
31665
31666
31668
31670
31671
31672
31677
31685
31686
31688
31689
31690
31692
31693
31695
31696
31697
31698
31699
31705
31706
31708
31709
31711
31712
31713
31714
31716
31718
31720
31721
31722
31723
31724
31725
31727
31728
31733
31734
31735
31736
31737
31738
31740
31741
31744
31748
31749
31750
31751
31752
31753
31754
31755
31759
31760
31762
31764
31765
31766
31769
31770
31773
31776
31777
31778
31780
31781
31788
31789
31790
31791
31792
31793
31794
31797
31799
31800
31802
31809
31810
31812
31813
31815
31816
31820
31821
31822
31823
31824
31826
31829
31830
31833
31835
31838
31841
31842
31846
31847
31849
31850
31854
31855
31859
31860
31861
31862
31869
31871
31872
31874
31875
31878
31879
31881
31882
31884
31886
31887
31888
31889
31891
31896
31899
31900
31901
31902
31904
31906
31911
31913
31914
31918
31919
31920
31921
31923
31925
31928
31930
31931
31932
31933
31935
31936
31937
31941
31942
31943
31945
31949
31950
31951
31953
31954
31957
31959
31961
31964
31965
31966
31968
31969
31970
31971
31972
31973
31975
31978
31979
31980
31983
31984
31985
31986
31987
31988
31989
31990
31991
31992
31994
31995
31996
31997
31998
32000
32001
32002
32003
32005
32006
32007
32008
32009
32010
32011
32013
32015
32016
32017
32019
32029
32031
32032
32039
32042
32043
32044
32045
32049
32052
32055
32058
32061
32062
32064
32071
32074
32075
32076
32080
32083
32084
32086
32087
32088
32093
32096
32097
32098
32099
32100
32102
32104
32105
32107
32108
32114
32115
32116
32117
32118
32124
32125
32127
32128
32129
32130
32133
32135
32137
32138
32140
32143
32144
32145
32147
32148
32149
32153
32154
32156
32157
32159
32160
32162
32163
32164
32166
32168
32170
32171
32174
32175
32176
32177
32178
32179
32184
32188
32189
32190
32191
32193
32194
32195
32198
32199
32201
32202
32205
32208
32209
32210
32212
32218
32220
32222
32224
32225
32226
32227
32228
32229
32230
32231
32235
32236
32237
32239
32241
32245
32246
32247
32248
32250
32251
32252
32254
32255
32256
32257
32258
32259
32260
32261
32264
32269
32277
32280
32282
32283
32284
32285
32286
32288
32289
32290
32291
32292
32293
32294
32296
32300
32301
32303
32304
32306
32308
32310
32312
32313
32314
32315
32318
32320
32321
32323
32325
32327
32328
32330
32331
32332
32333
32334
32335
32341
32342
32343
32344
32345
32346
32348
32349
32352
32354
32360
32362
32364
32365
32367
32368
32369
32370
32373
32375
32376
32378
32379
32380
32381
32382
32384
32386
32387
32388
32390
32391
32392
32396
32401
32410
32412
32416
32418
32421
32422
32423
32424
32425
32427
32428
32429
32430
32431
32432
32433
32434
32439
32440
32443
32445
32447
32449
32450
32451
32452
32453
32454
32456
32457
32462
32463
32465
32467
32468
32469
32471
32472
32475
32476
32477
32479
32480
32481
32482
32483
32484
32488
32490
32492
32493
32494
32495
32496
32497
32499
32501
32503
32504
32505
32506
32507
32508
32509
32511
32515
32516
32521
32522
32523
32524
32525
32526
32528
32530
32532
32534
32541
32544
32545
32546
32548
32549
32550
32551
32554
32555
32558
32561
32562
32563
32564
32566
32567
32568
32570
32571
32572
32579
32580
32581
32582
32589
32590
32591
32594
32595
32596
32597
32601
32602
32603
32607
32608
32611
32612
32613
32614
32615
32616
32617
32619
32623
32624
32625
32626
32627
32629
32631
32633
32634
32635
32636
32637
32638
32639
32640
32641
32645
32647
32650
32651
32653
32655
32656
32657
32658
32659
32663
32664
32665
32666
32667
32671
32672
32673
32674
32675
32676
32677
32680
32683
32684
32685
32686
32688
32689
32690
32691
32692
32693
32694
32696
32698
32699
32702
32710
32712
32713
32715
32717
32719
32720
32723
32724
32725
32726
32728
32730
32734
32735
32740
32741
32742
32743
32744
32745
32746
32748
32749
32751
32752
32753
32755
32759
32760
32763
32765
32767
32768
32769
32770
32772
32773
32777
32778
32780
32781
32783
32784
32785
32786
32787
32788
32790
32792
32793
32797
32798
32799
32800
32801
32802
32804
32809
32811
32812
32814
32815
32817
32819
32820
32821
32822
32823
32828
32830
32832
32834
32835
32837
32838
32842
32844
32848
32850
32852
32853
32854
32856
32857
32858
32859
32861
32862
32866
32868
32872
32873
32875
32878
32879
32880
32881
32882
32883
32884
32885
32887
32889
32892
32893
32894
32895
32897
32898
32899
32903
32905
32907
32909
32912
32915
32916
32917
32921
32923
32924
32925
32928
32929
32930
32931
32933
32935
32936
32939
32940
32942
32943
32944
32945
32947
32949
32953
32954
32955
32956
32958
32961
32963
32964
32967
32968
32969
32971
32974
32975
32977
32979
32980
32982
32983
32985
32988
32990
32994
32995
32998
33001
33003
33004
33005
33006
33009
33010
33011
33017
33018
33020
33021
33023
33024
33025
33027
33030
33031
33033
33034
33039
33041
33045
33050
33052
33053
33056
33057
33058
33060
33064
33065
33066
33067
33068
33069
33070
33074
33075
33083
33085
33088
33089
33091
33092
33093
33094
33095
33096
33098
33100
33101
33105
33108
33109
33110
33111
33112
33113
33115
33118
33119
33120
33122
33125
33126
33129
33130
33131
33134
33135
33139
33142
33143
33146
33147
33149
33151
33152
33153
33154
33158
33159
33160
33161
33165
33167
33170
33171
33177
33178
33179
33181
33182
33184
33185
33187
33188
33191
33192
33193
33196
33198
33203
33204
33207
33208
33210
33211
33214
33217
33218
33220
33222
33224
33226
33229
33230
33233
33234
33235
33237
33238
33239
33240
33241
33242
33244
33251
33254
33256
33259
33260
33261
33262
33263
33264
33265
33267
33268
33269
33270
33271
33272
33273
33274
33277
33278
33283
33284
33286
33287
33289
33290
33291
33292
33293
33294
33295
33296
33298
33299
33301
33302
33303
33305
33306
33310
33311
33312
33313
33314
33318
33319
33320
33324
33326
33331
33332
33333
33335
33336
33337
33340
33341
33342
33343
33344
33345
33346
33347
33348
33349
33350
33351
33352
33354
33355
33356
33357
33358
33360
33361
33362
33363
33365
33367
33371
33373
33376
33377
33378
33379
33380
33381
33382
33385
33387
33388
33389
33390
33392
33393
33395
33398
33400
33401
33402
33403
33406
33407
33408
33410
33411
33413
33414
33420
33421
33422
33424
33425
33426
33427
33430
33431
33432
33435
33436
33437
33439
33440
33441
33444
33445
33447
33449
33451
33452
33453
33455
33457
33458
33459
33462
33464
33467
33468
33469
33472
33473
33475
33476
33477
33478
33479
33483
33486
33488
33489
33490
33495
33498
33501
33504
33505
33507
33508
33509
33510
33513
33515
33516
33517
33519
33522
33524
33525
33527
33528
33532
33535
33537
33539
33540
33541
33544
33545
33546
33549
33550
33552
33555
33557
33558
33565
33567
33569
33570
33573
33575
33578
33579
33580
33582
33583
33584
33585
33586
33587
33588
33590
33591
33593
33596
33600
33601
33603
33604
33607
33608
33609
33610
33611
33613
33614
33617
33618
33620
33621
33624
33625
33626
33628
33632
33633
33634
33635
33637
33638
33639
33640
33642
33644
33647
33648
33651
33652
33654
33655
33659
33660
33662
33664
33666
33667
33669
33671
33673
33676
33684
33685
33686
33687
33691
33692
33694
33696
33700
33701
33702
33705
33708
33709
33710
33711
33712
33713
33714
33715
33718
33720
33722
33723
33724
33725
33729
33730
33731
33732
33733
33735
33740
33742
33743
33744
33746
33749
33750
33751
33752
33753
33756
33758
33761
33762
33763
33764
33765
33767
33768
33771
33772
33773
33775
33776
33777
33778
33779
33780
33781
33782
33783
33786
33787
33789
33790
33791
33793
33794
33795
33797
33799
33801
33802
33803
33805
33807
33810
33811
33812
33813
33814
33816
33817
33822
33825
33827
33829
33831
33832
33836
33837
33839
33840
33843
33845
33847
33848
33850
33853
33854
33860
33861
33865
33869
33871
33875
33877
33880
33885
33886
33887
33889
33892
33893
33894
33895
33898
33899
33900
33901
33902
33903
33904
33905
33909
33910
33911
33915
33917
33922
33924
33926
33928
33930
33931
33932
33934
33936
33939
33940
33943
33944
33945
33946
33949
33950
33955
33957
33963
33965
33969
33970
33971
33972
33974
33976
33979
33980
33981
33983
33984
33986
33987
33989
33991
33993
33994
33995
33996
34000
34001
34003
34005
34006
34009
34012
34015
34016
34017
34018
34019
34020
34021
34022
34023
34024
34027
34028
34029
34030
34032
34033
34034
34038
34040
34042
34043
34045
34046
34047
34048
34051
34052
34053
34055
34058
34059
34060
34062
34065
34066
34071
34072
34073
34074
34077
34078
34080
34081
34082
34083
34084
34085
34086
34088
34091
34092
34093
34094
34097
34098
34099
34102
34104
34105
34108
34111
34112
34114
34116
34118
34120
34122
34123
34124
34125
34126
34130
34131
34132
34133
34134
34135
34136
34139
34141
34144
34145
34147
34149
34150
34153
34154
34156
34157
34163
34164
34165
34167
34169
34170
34171
34172
34173
34174
34175
34176
34177
34180
34181
34182
34183
34184
34185
34186
34187
34188
34191
34192
34195
34197
34201
34203
34204
34206
34208
34209
34210
34211
34215
34217
34218
34219
34222
34224
34226
34228
34229
34230
34231
34232
34234
34236
34237
34238
34241
34243
34248
34250
34251
34253
34254
34257
34259
34261
34263
34267
34271
34274
34275
34276
34277
34279
34281
34282
34283
34284
34287
34288
34289
34290
34291
34293
34294
34295
34298
34301
34303
34304
34305
34306
34309
34310
34311
34312
34313
34314
34317
34318
34319
34320
34321
34322
34323
34325
34326
34327
34328
34329
34333
34337
34338
34343
34344
34347
34349
34352
34354
34356
34359
34362
34364
34365
34366
34367
34369
34373
34374
34376
34377
34379
34380
34383
34385
34386
34387
34391
34392
34393
34394
34395
34396
34397
34398
34405
34406
34407
34409
34410
34412
34413
34414
34415
34417
34419
34420
34422
34424
34426
34427
34429
34433
34435
34436
34437
34438
34439
34445
34447
34448
34451
34455
34459
34461
34462
34463
34464
34467
34468
34470
34471
34473
34475
34482
34483
34489
34490
34491
34492
34493
34494
34498
34499
34500
34502
34506
34507
34509
34510
34512
34513
34514
34515
34516
34519
34521
34523
34524
34525
34527
34529
34531
34532
34533
34534
34535
34536
34537
34538
34539
34541
34542
34543
34545
34547
34548
34549
34551
34555
34557
34558
34559
34560
34563
34564
34569
34574
34577
34578
34579
34580
34583
34584
34588
34589
34593
34594
34595
34597
34600
34601
34602
34605
34608
34609
34612
34613
34615
34620
34621
34624
34625
34626
34628
34633
34634
34635
34636
34638
34639
34643
34644
34645
34646
34647
34648
34651
34652
34654
34655
34656
34660
34661
34663
34667
34669
34672
34674
34675
34676
34677
34681
34682
34683
34685
34686
34692
34693
34695
34697
34700
34703
34705
34706
34707
34708
34710
34711
34714
34716
34717
34718
34719
34722
34723
34725
34726
34727
34728
34731
34733
34734
34735
34736
34738
34740
34741
34742
34743
34746
34748
34750
34755
34757
34761
34762
34764
34766
34767
34768
34771
34773
34774
34777
34780
34781
34785
34786
34788
34789
34790
34793
34794
34795
34797
34801
34802
34808
34809
34810
34811
34814
34816
34819
34821
34822
34825
34828
34831
34833
34835
34841
34842
34843
34844
34848
34849
34850
34852
34853
34855
34856
34858
34860
34862
34865
34866
34867
34868
34870
34871
34872
34874
34877
34878
34879
34880
34881
34884
34885
34886
34887
34888
34889
34890
34893
34896
34898
34902
34904
34905
34906
34908
34910
34912
34913
34915
34916
34918
34920
34921
34922
34923
34926
34928
34929
34932
34933
34936
34937
34938
34940
34942
34943
34944
34946
34951
34952
34953
34956
34960
34962
34963
34966
34970
34971
34973
34978
34979
34981
34982
34983
34987
34988
34991
34992
34993
34996
35000
35002
35005
35007
35009
35011
35012
35013
35015
35016
35018
35019
35021
35022
35023
35024
35025
35027
35028
35033
35034
35035
35036
35037
35039
35040
35043
35044
35045
35046
35047
35048
35049
35050
35051
35054
35055
35060
35061
35065
35067
35070
35072
35073
35076
35079
35080
35081
35084
35087
35088
35090
35091
35094
35095
35096
35097
35098
35099
35100
35103
35104
35105
35106
35108
35110
35112
35114
35116
35118
35120
35121
35122
35124
35125
35126
35128
35131
35133
35134
35136
35137
35138
35140
35141
35142
35145
35146
35150
35153
35155
35156
35157
35159
35161
35162
35165
35166
35169
35175
35178
35181
35183
35184
35186
35187
35188
35194
35195
35196
35199
35200
35203
35204
35205
35207
35211
35212
35213
35214
35216
35218
35220
35221
35222
35224
35226
35229
35231
35232
35238
35239
35240
35242
35243
35246
35247
35249
35250
35251
35252
35255
35257
35260
35264
35265
35269
35270
35273
35274
35275
35276
35282
35286
35288
35289
35294
35295
35296
35299
35302
35303
35306
35307
35308
35309
35312
35313
35316
35318
35319
35323
35324
35325
35326
35329
35331
35335
35336
35340
35344
35348
35349
35351
35354
35355
35358
35359
35360
35364
35374
35378
35380
35386
35390
35393
35395
35396
35397
35398
35399
35400
35403
35404
35406
35407
35409
35413
35414
35418
35419
35420
35422
35423
35424
35425
35426
35427
35430
35431
35433
35435
35438
35439
35441
35444
35445
35451
35452
35455
35458
35460
35463
35464
35467
35468
35471
35472
35473
35474
35475
35476
35478
35479
35480
35481
35482
35483
35486
35489
35492
35494
35495
35497
35503
35504
35509
35511
35512
35513
35514
35516
35522
35529
35530
35532
35535
35537
35538
35539
35540
35541
35542
35543
35546
35547
35548
35550
35551
35555
35558
35559
35560
35562
35564
35565
35568
35569
35571
35575
35577
35578
35580
35583
35584
35585
35587
35589
35590
35594
35595
35601
35602
35603
35604
35606
35607
35608
35609
35612
35613
35614
35615
35617
35621
35623
35629
35633
35634
35635
35637
35643
35646
35647
35648
35649
35650
35653
35654
35655
35657
35659
35661
35662
35664
35665
35667
35668
35671
35672
35675
35678
35679
35680
35682
35683
35686
35687
35688
35690
35691
35692
35693
35695
35697
35698
35699
35701
35704
35707
35709
35711
35713
35716
35718
35719
35721
35725
35726
35727
35728
35732
35733
35735
35737
35740
35742
35744
35746
35747
35748
35750
35751
35752
35754
35755
35758
35762
35764
35765
35768
35769
35770
35771
35778
35780
35783
35784
35785
35786
35787
35788
35790
35792
35793
35794
35795
35797
35798
35800
35801
35807
35808
35812
35817
35819
35821
35822
35824
35826
35831
35832
35835
35836
35838
35840
35841
35842
35843
35845
35846
35847
35849
35851
35853
35856
35859
35861
35862
35864
35865
35867
35868
35872
35873
35875
35878
35880
35881
35883
35884
35885
35886
35889
35891
35892
35893
35894
35895
35899
35900
35901
35904
35908
35909
35911
35912
35914
35917
35919
35920
35923
35924
35925
35926
35929
35930
35931
35932
35934
35935
35936
35937
35940
35941
35944
35945
35946
35947
35951
35953
35955
35956
35959
35960
35962
35969
35970
35971
35972
35975
35977
35978
35979
35980
35981
35983
35985
35988
35989
35990
35992
35993
35995
35996
35998
36000
36004
36008
36009
36011
36012
36014
36015
36016
36021
36022
36023
36025
36026
36027
36028
36029
36034
36035
36036
36038
36040
36042
36043
36046
36048
36050
36052
36053
36055
36059
36066
36068
36072
36074
36075
36076
36079
36080
36084
36088
36089
36090
36091
36093
36097
36098
36100
36101
36103
36105
36106
36109
36110
36111
36112
36114
36117
36118
36119
36121
36123
36126
36128
36129
36131
36133
36134
36138
36139
36142
36143
36146
36151
36152
36155
36156
36158
36159
36160
36162
36164
36165
36166
36167
36169
36171
36174
36175
36176
36180
36182
36183
36184
36186
36189
36190
36191
36192
36193
36195
36196
36197
36199
36200
36201
36204
36205
36207
36208
36211
36212
36213
36214
36215
36221
36222
36225
36230
36231
36234
36237
36238
36245
36246
36247
36249
36254
36256
36260
36265
36268
36269
36272
36275
36276
36277
36279
36280
36287
36290
36294
36295
36296
36297
36299
36301
36303
36309
36311
36312
36314
36315
36317
36319
36320
36322
36323
36325
36327
36328
36331
36332
36333
36334
36335
36336
36343
36344
36346
36347
36348
36349
36350
36351
36353
36354
36357
36363
36367
36368
36369
36370
36372
36373
36375
36376
36377
36382
36384
36386
36389
36393
36394
36395
36397
36398
36400
36403
36406
36407
36408
36410
36413
36414
36415
36416
36418
36419
36422
36423
36424
36425
36426
36429
36432
36435
36436
36438
36441
36445
36446
36449
36450
36453
36454
36456
36459
36464
36465
36468
36469
36472
36473
36474
36475
36478
36479
36480
36482
36483
36485
36487
36491
36492
36495
36496
36497
36499
36500
36501
36503
36504
36506
36513
36514
36515
36516
36520
36521
36523
36524
36526
36527
36529
36530
36535
36536
36538
36539
36546
36550
36552
36553
36554
36556
36557
36563
36566
36569
36571
36572
36573
36574
36576
36577
36578
36583
36584
36586
36588
36589
36590
36591
36592
36593
36594
36595
36597
36598
36601
36602
36603
36605
36606
36607
36609
36610
36612
36614
36615
36616
36618
36621
36626
36627
36628
36629
36630
36631
36634
36636
36637
36638
36639
36640
36641
36642
36643
36648
36649
36652
36654
36658
36660
36662
36664
36667
36670
36671
36675
36676
36679
36681
36683
36688
36693
36696
36698
36700
36702
36703
36706
36709
36712
36714
36715
36717
36719
36720
36722
36723
36724
36725
36730
36732
36733
36734
36736
36737
36740
36744
36745
36746
36747
36748
36749
36751
36754
36760
36762
36765
36769
36771
36773
36774
36776
36777
36780
36784
36785
36787
36789
36792
36793
36794
36798
36799
36801
36802
36805
36806
36807
36809
36810
36814
36816
36817
36819
36820
36822
36823
36824
36827
36831
36833
36834
36835
36836
36838
36839
36840
36841
36843
36844
36846
36851
36853
36855
36859
36861
36864
36865
36866
36867
36872
36874
36875
36876
36877
36879
36882
36883
36884
36885
36887
36889
36890
36892
36893
36895
36897
36898
36899
36900
36901
36902
36904
36906
36907
36908
36909
36914
36915
36916
36917
36920
36923
36924
36925
36926
36928
36931
36933
36934
36935
36938
36939
36940
36943
36944
36945
36948
36951
36953
36954
36956
36957
36960
36962
36965
36967
36968
36969
36970
36973
36974
36975
36976
36979
36981
36982
36983
36984
36985
36987
36988
36990
36996
36997
36998
36999
37002
37003
37004
37005
37006
37008
37010
37011
37014
37015
37016
37019
37020
37022
37023
37024
37025
37028
37029
37032
37033
37034
37035
37036
37037
37040
37041
37042
37043
37044
37047
37048
37049
37052
37054
37056
37057
37058
37060
37061
37063
37066
37069
37070
37072
37073
37078
37079
37081
37085
37086
37088
37090
37093
37094
37098
37103
37107
37108
37109
37115
37116
37118
37121
37125
37128
37130
37134
37136
37138
37139
37140
37142
37144
37145
37147
37149
37150
37152
37153
37154
37155
37157
37158
37160
37163
37164
37168
37169
37170
37172
37173
37174
37175
37179
37180
37182
37183
37186
37189
37193
37194
37197
37198
37201
37202
37205
37207
37208
37211
37212
37213
37214
37216
37218
37219
37220
37222
37224
37225
37226
37228
37229
37230
37231
37232
37234
37236
37237
37238
37240
37245
37246
37248
37249
37250
37252
37254
37255
37263
37264
37266
37267
37270
37271
37272
37276
37277
37280
37281
37284
37288
37289
37292
37294
37297
37299
37303
37304
37306
37308
37309
37310
37311
37312
37314
37319
37321
37326
37327
37329
37331
37332
37334
37336
37339
37348
37350
37352
37353
37355
37356
37358
37359
37360
37361
37363
37364
37367
37368
37370
37371
37372
37374
37380
37381
37382
37383
37384
37388
37395
37396
37397
37398
37400
37401
37403
37405
37408
37410
37411
37412
37413
37416
37417
37418
37421
37423
37424
37425
37427
37428
37429
37431
37432
37433
37435
37436
37437
37438
37441
37442
37445
37447
37448
37450
37451
37456
37457
37458
37459
37460
37463
37466
37467
37471
37475
37476
37477
37481
37482
37483
37485
37488
37490
37492
37493
37494
37497
37499
37506
37508
37514
37516
37518
37519
37523
37526
37527
37529
37531
37532
37533
37534
37536
37537
37538
37539
37542
37543
37546
37547
37549
37550
37551
37553
37554
37555
37556
37561
37562
37563
37565
37566
37569
37574
37582
37586
37587
37589
37592
37593
37595
37596
37600
37602
37603
37604
37606
37608
37610
37613
37616
37617
37618
37621
37623
37625
37627
37631
37634
37635
37637
37638
37640
37641
37642
37643
37645
37647
37652
37653
37654
37655
37656
37657
37658
37659
37660
37667
37668
37672
37673
37675
37676
37679
37680
37681
37683
37685
37687
37688
37689
37690
37691
37693
37695
37696
37698
37699
37700
37701
37702
37704
37705
37707
37708
37710
37714
37715
37716
37719
37721
37722
37725
37726
37727
37729
37730
37731
37732
37734
37735
37737
37738
37740
37741
37742
37744
37747
37748
37752
37753
37754
37758
37759
37760
37761
37764
37765
37769
37774
37775
37779
37780
37781
37782
37784
37785
37786
37787
37792
37793
37794
37795
37797
37799
37800
37801
37804
37805
37806
37809
37813
37815
37817
37818
37819
37823
37824
37825
37826
37827
37830
37831
37832
37835
37839
37844
37845
37847
37848
37849
37851
37852
37853
37855
37858
37860
37863
37866
37868
37870
37871
37872
37876
37877
37878
37879
37880
37882
37886
37887
37889
37890
37892
37894
37895
37896
37897
37899
37904
37908
37911
37912
37913
37915
37916
37918
37920
37923
37924
37928
37932
37934
37935
37938
37939
37941
37943
37944
37947
37951
37954
37955
37956
37957
37958
37960
37962
37963
37964
37965
37968
37969
37971
37972
37978
37980
37981
37984
37985
37986
37989
37990
37992
37993
37994
37995
37996
37997
37998
37999
38000
38001
38002
38003
38004
38005
38008
38009
38011
38012
38013
38015
38016
38019
38026
38027
38028
38029
38030
38033
38035
38036
38039
38040
38044
38045
38049
38050
38052
38056
38059
38060
38061
38062
38063
38065
38066
38067
38068
38069
38070
38073
38074
38075
38076
38079
38085
38086
38088
38089
38090
38091
38092
38093
38094
38097
38099
38104
38107
38109
38111
38112
38113
38117
38121
38123
38126
38127
38129
38131
38135
38136
38138
38139
38141
38142
38143
38147
38148
38149
38152
38154
38155
38156
38157
38158
38163
38164
38166
38168
38169
38170
38171
38172
38175
38176
38177
38178
38180
38182
38183
38186
38187
38188
38190
38191
38192
38193
38194
38196
38197
38200
38203
38204
38205
38207
38208
38209
38211
38213
38214
38216
38217
38220
38222
38223
38225
38226
38227
38228
38233
38236
38237
38238
38241
38243
38245
38247
38248
38249
38251
38253
38255
38256
38258
38260
38261
38266
38269
38270
38273
38274
38278
38279
38281
38283
38285
38289
38294
38296
38297
38298
38303
38304
38306
38308
38311
38314
38315
38316
38318
38321
38323
38324
38325
38327
38329
38331
38333
38334
38339
38341
38343
38344
38346
38347
38348
38351
38352
38354
38357
38361
38362
38363
38364
38365
38368
38369
38372
38375
38377
38378
38380
38383
38387
38390
38391
38393
38394
38397
38399
38400
38402
38403
38406
38408
38410
38416
38417
38418
38420
38424
38425
38429
38430
38433
38442
38443
38445
38447
38449
38450
38451
38453
38454
38459
38460
38461
38465
38469
38473
38474
38476
38477
38478
38479
38481
38482
38484
38488
38489
38490
38491
38493
38494
38495
38499
38501
38502
38503
38505
38506
38507
38508
38510
38511
38512
38516
38517
38518
38519
38523
38528
38531
38532
38533
38535
38537
38538
38540
38545
38549
38551
38553
38555
38556
38559
38562
38563
38565
38566
38569
38570
38572
38574
38575
38576
38577
38580
38581
38584
38585
38589
38591
38592
38593
38594
38595
38598
38601
38603
38606
38607
38610
38611
38612
38613
38615
38618
38619
38622
38623
38624
38625
38626
38627
38628
38629
38631
38633
38636
38637
38638
38639
38641
38642
38643
38645
38647
38648
38649
38652
38653
38655
38656
38658
38660
38661
38663
38667
38668
38669
38673
38675
38676
38678
38680
38681
38688
38689
38690
38691
38693
38694
38695
38696
38698
38699
38701
38703
38706
38707
38708
38710
38712
38715
38718
38723
38724
38725
38726
38727
38729
38733
38734
38738
38739
38740
38742
38743
38745
38754
38755
38756
38760
38762
38763
38764
38766
38769
38771
38773
38774
38775
38778
38779
38780
38783
38784
38786
38788
38789
38793
38795
38797
38798
38799
38800
38802
38804
38806
38807
38810
38812
38814
38816
38817
38819
38821
38823
38824
38828
38829
38830
38831
38832
38834
38835
38836
38837
38838
38841
38843
38845
38848
38855
38859
38860
38862
38864
38867
38870
38872
38877
38879
38882
38883
38886
38888
38889
38890
38891
38892
38894
38898
38899
38901
38903
38904
38906
38913
38915
38916
38920
38921
38922
38925
38926
38928
38930
38931
38932
38935
38937
38939
38942
38943
38944
38945
38946
38947
38953
38958
38959
38960
38963
38964
38965
38968
38971
38972
38976
38978
38980
38981
38982
38983
38986
38989
38990
38994
38997
38999
39001
39002
39008
39009
39010
39013
39017
39018
39021
39023
39028
39031
39032
39034
39035
39037
39038
39039
39041
39042
39044
39046
39047
39048
39049
39050
39051
39052
39054
39061
39062
39063
39064
39065
39066
39067
39071
39072
39073
39074
39075
39076
39078
39080
39082
39084
39085
39087
39088
39089
39090
39094
39095
39096
39099
39100
39102
39103
39105
39108
39109
39110
39111
39113
39117
39119
39121
39125
39127
39129
39130
39131
39135
39136
39140
39141
39143
39147
39148
39149
39150
39153
39157
39161
39163
39165
39167
39168
39173
39174
39178
39179
39180
39181
39182
39183
39184
39186
39187
39188
39189
39190
39191
39194
39198
39200
39202
39205
39209
39210
39211
39213
39214
39215
39219
39222
39223
39226
39228
39232
39234
39235
39237
39238
39239
39240
39242
39243
39244
39245
39246
39248
39249
39250
39252
39255
39258
39261
39262
39264
39267
39268
39270
39271
39272
39273
39275
39277
39278
39280
39281
39282
39284
39285
39286
39287
39289
39291
39293
39294
39295
39297
39299
39300
39302
39303
39304
39308
39309
39311
39314
39318
39325
39328
39329
39330
39331
39334
39335
39339
39342
39343
39344
39345
39346
39347
39349
39352
39355
39356
39358
39360
39361
39364
39365
39367
39369
39375
39378
39380
39381
39382
39383
39386
39387
39388
39389
39390
39393
39394
39395
39397
39399
39401
39403
39405
39409
39411
39412
39416
39417
39420
39422
39424
39426
39427
39428
39432
39436
39437
39440
39441
39442
39444
39446
39452
39456
39460
39464
39466
39468
39470
39472
39476
39478
39480
39487
39490
39492
39496
39497
39498
39499
39500
39506
39507
39512
39513
39516
39518
39519
39520
39524
39527
39532
39534
39539
39540
39543
39545
39547
39551
39552
39554
39556
39557
39558
39559
39562
39563
39565
39566
39567
39569
39570
39571
39572
39575
39581
39582
39585
39587
39588
39589
39592
39596
39599
39601
39602
39603
39604
39605
39610
39618
39619
39621
39622
39623
39625
39627
39629
39630
39634
39635
39637
39640
39641
39643
39644
39647
39649
39651
39652
39654
39655
39656
39659
39661
39663
39664
39665
39668
39671
39672
39673
39674
39675
39676
39678
39681
39686
39688
39689
39691
39692
39693
39694
39696
39698
39699
39700
39701
39702
39703
39707
39708
39710
39711
39714
39716
39717
39718
39721
39722
39725
39726
39728
39730
39732
39736
39737
39741
39744
39745
39746
39748
39751
39752
39754
39755
39756
39757
39759
39760
39761
39765
39770
39771
39773
39774
39775
39776
39777
39778
39779
39781
39782
39785
39786
39788
39792
39793
39797
39799
39800
39801
39805
39809
39811
39812
39813
39814
39816
39818
39820
39821
39823
39826
39833
39834
39835
39836
39840
39842
39844
39845
39846
39847
39849
39850
39852
39853
39856
39866
39867
39868
39869
39870
39871
39874
39875
39876
39879
39881
39882
39885
39886
39891
39895
39899
39901
39903
39904
39907
39909
39912
39914
39916
39918
39919
39920
39922
39923
39924
39925
39927
39928
39929
39930
39931
39938
39940
39941
39943
39949
39950
39951
39952
39960
39961
39962
39963
39965
39968
39972
39973
39974
39975
39982
39983
39985
39988
39991
39992
39994
39996
39997
39998
39999
40001
40002
40003
40007
40008
40009
40011
40012
40013
40014
40016
40019
40022
40024
40025
40027
40028
40034
40038
40039
40040
40041
40043
40048
40049
40050
40052
40053
40056
40057
40059
40061
40062
40064
40066
40068
40071
40072
40073
40074
40077
40079
40082
40084
40085
40086
40087
40088
40089
40092
40093
40094
40095
40097
40098
40099
40102
40103
40104
40106
40107
40111
40112
40115
40116
40117
40118
40119
40121
40122
40124
40125
40127
40128
40129
40130
40132
40136
40138
40139
40145
40148
40153
40155
40156
40161
40162
40163
40164
40165
40167
40170
40171
40173
40174
40176
40179
40182
40183
40186
40188
40190
40197
40198
40199
40201
40203
40207
40208
40210
40212
40214
40215
40225
40229
40230
40231
40234
40238
40239
40240
40245
40249
40252
40253
40255
40256
40257
40259
40261
40263
40267
40268
40270
40271
40272
40274
40275
40276
40277
40278
40284
40287
40290
40292
40293
40294
40295
40301
40302
40305
40307
40309
40310
40314
40323
40328
40329
40330
40335
40336
40337
40338
40340
40341
40342
40343
40344
40345
40348
40350
40351
40352
40355
40358
40359
40362
40365
40367
40368
40370
40372
40374
40378
40381
40386
40387
40390
40392
40393
40394
40396
40397
40398
40399
40400
40401
40403
40405
40406
40413
40414
40415
40416
40419
40420
40422
40424
40426
40427
40428
40429
40432
40436
40438
40440
40441
40443
40444
40446
40447
40449
40450
40451
40452
40453
40457
40458
40459
40461
40464
40467
40468
40469
40473
40474
40476
40478
40479
40480
40481
40485
40486
40490
40492
40493
40495
40496
40497
40498
40499
40503
40504
40505
40506
40507
40509
40510
40512
40513
40514
40516
40518
40522
40523
40525
40526
40527
40529
40530
40534
40535
40539
40541
40545
40548
40549
40551
40554
40555
40556
40557
40559
40563
40565
40568
40569
40570
40571
40573
40574
40575
40576
40578
40579
40580
40581
40582
40583
40587
40588
40592
40593
40598
40601
40604
40608
40609
40610
40611
40612
40618
40619
40621
40622
40624
40628
40629
40633
40635
40637
40638
40645
40647
40650
40655
40657
40661
40662
40664
40665
40666
40669
40671
40677
40679
40681
40682
40683
40684
40687
40691
40692
40693
40696
40697
40698
40699
40701
40708
40709
40710
40711
40712
40715
40716
40717
40718
40719
40722
40723
40724
40726
40727
40729
40730
40733
40734
40735
40737
40739
40741
40742
40745
40746
40748
40751
40755
40757
40758
40759
40760
40763
40767
40768
40769
40770
40773
40775
40776
40781
40782
40783
40784
40785
40786
40787
40789
40790
40791
40792
40794
40795
40797
40798
40799
40802
40804
40805
40813
40817
40818
40819
40821
40822
40823
40825
40827
40828
40830
40832
40833
40834
40835
40837
40838
40839
40841
40843
40846
40848
40849
40852
40854
40857
40860
40864
40874
40876
40878
40884
40885
40886
40887
40889
40890
40891
40893
40894
40895
40896
40899
40900
40901
40904
40905
40906
40907
40909
40910
40911
40912
40915
40921
40922
40923
40924
40927
40928
40929
40931
40933
40934
40937
40941
40945
40950
40953
40956
40958
40959
40961
40964
40966
40967
40969
40970
40973
40976
40977
40978
40979
40980
40981
40982
40983
40984
40986
40987
40988
40990
40994
40996
40998
41003
41008
41009
41010
41012
41014
41015
41017
41019
41020
41022
41024
41025
41027
41028
41031
41034
41040
41041
41042
41046
41047
41048
41050
41052
41054
41055
41058
41059
41062
41067
41071
41075
41076
41080
41082
41086
41088
41089
41095
41096
41100
41101
41102
41103
41105
41108
41111
41114
41120
41122
41124
41125
41126
41128
41130
41131
41132
41133
41134
41135
41139
41140
41143
41145
41146
41147
41150
41151
41152
41153
41155
41157
41159
41162
41163
41164
41165
41166
41171
41172
41173
41176
41178
41179
41182
41183
41184
41187
41188
41190
41191
41195
41196
41197
41199
41204
41208
41211
41212
41213
41220
41221
41222
41224
41227
41228
41229
41231
41235
41238
41239
41244
41246
41247
41252
41255
41257
41258
41259
41261
41262
41263
41264
41266
41267
41270
41275
41278
41279
41280
41281
41282
41286
41287
41288
41289
41290
41292
41293
41294
41295
41298
41303
41304
41305
41306
41310
41314
41315
41316
41317
41320
41322
41323
41325
41326
41327
41330
41332
41333
41337
41339
41341
41343
41345
41347
41352
41354
41355
41359
41365
41367
41368
41369
41371
41372
41375
41376
41378
41379
41380
41381
41382
41383
41384
41385
41389
41391
41393
41395
41397
41398
41401
41402
41403
41405
41408
41409
41411
41412
41413
41414
41415
41418
41419
41424
41426
41429
41434
41435
41436
41437
41438
41439
41440
41442
41443
41445
41451
41452
41453
41454
41457
41458
41459
41462
41464
41468
41472
41473
41476
41477
41479
41480
41484
41487
41488
41489
41490
41491
41492
41493
41496
41497
41498
41499
41502
41504
41506
41509
41510
41512
41513
41515
41520
41521
41522
41523
41529
41532
41534
41535
41538
41540
41541
41544
41545
41546
41547
41548
41553
41554
41559
41560
41561
41563
41568
41569
41571
41575
41578
41579
41580
41586
41587
41590
41591
41592
41603
41604
41606
41609
41614
41615
41616
41618
41619
41621
41625
41627
41630
41632
41635
41636
41638
41639
41641
41642
41643
41647
41648
41650
41651
41652
41654
41657
41659
41661
41662
41663
41664
41666
41667
41668
41669
41671
41679
41681
41683
41684
41685
41687
41689
41695
41697
41698
41700
41702
41704
41705
41706
41708
41710
41711
41717
41718
41720
41722
41726
41728
41731
41738
41740
41742
41743
41744
41745
41747
41748
41750
41751
41753
41755
41758
41760
41761
41763
41764
41766
41768
41769
41774
41776
41777
41778
41779
41781
41784
41787
41791
41793
41794
41795
41796
41799
41800
41805
41807
41808
41813
41814
41815
41816
41821
41824
41827
41829
41830
41832
41833
41834
41836
41839
41843
41846
41848
41849
41853
41857
41860
41861
41862
41864
41866
41867
41868
41869
41870
41871
41874
41877
41878
41881
41882
41884
41888
41890
41891
41894
41895
41898
41900
41901
41902
41903
41904
41906
41911
41912
41915
41916
41918
41920
41923
41924
41925
41926
41929
41930
41931
41932
41933
41936
41937
41940
41943
41944
41946
41948
41951
41954
41955
41956
41959
41960
41963
41966
41968
41969
41971
41972
41973
41975
41979
41980
41982
41984
41985
41986
41992
41994
41997
41999
42000
42001
42003
42005
42006
42008
42012
42013
42015
42016
42017
42019
42020
42022
42023
42024
42029
42030
42032
42033
42035
42037
42045
42049
42051
42052
42055
42056
42061
42062
42065
42068
42069
42073
42074
42075
42076
42077
42078
42079
42080
42082
42085
42088
42092
42096
42099
42100
42101
42102
42103
42105
42106
42107
42108
42109
42112
42116
42117
42119
42120
42123
42124
42127
42132
42133
42136
42140
42141
42143
42146
42147
42151
42154
42155
42161
42162
42165
42166
42167
42168
42169
42170
42171
42173
42174
42177
42179
42181
42185
42187
42188
42191
42193
42196
42199
42200
42203
42204
42205
42208
42209
42212
42214
42215
42216
42225
42227
42228
42229
42232
42236
42237
42238
42239
42240
42241
42242
42246
42247
42249
42253
42256
42264
42266
42267
42268
42272
42275
42279
42281
42284
42288
42290
42295
42299
42300
42301
42302
42303
42305
42306
42307
42308
42309
42310
42313
42314
42317
42318
42324
42325
42326
42328
42329
42330
42331
42332
42333
42334
42336
42338
42339
42341
42343
42346
42347
42349
42350
42354
42355
42359
42360
42363
42364
42365
42366
42367
42368
42369
42370
42371
42376
42377
42380
42381
42382
42385
42387
42389
42391
42393
42395
42396
42398
42400
42402
42404
42407
42410
42412
42414
42416
42417
42418
42419
42423
42424
42427
42428
42429
42431
42436
42438
42439
42441
42445
42446
42447
42449
42450
42451
42452
42453
42458
42459
42461
42463
42465
42466
42467
42469
42470
42471
42472
42473
42474
42475
42476
42480
42481
42487
42490
42491
42492
42495
42497
42498
42499
42500
42501
42503
42506
42510
42513
42514
42517
42520
42524
42527
42529
42530
42531
42532
42534
42535
42537
42540
42544
42547
42557
42559
42560
42561
42565
42571
42574
42579
42580
42583
42585
42587
42589
42590
42592
42595
42597
42598
42601
42602
42604
42606
42608
42611
42613
42614
42615
42616
42617
42618
42625
42626
42629
42634
42635
42638
42642
42643
42644
42646
42648
42651
42653
42654
42658
42661
42662
42663
42664
42665
42667
42668
42669
42673
42674
42676
42678
42679
42683
42684
42685
42688
42689
42694
42695
42701
42705
42707
42709
42711
42712
42714
42715
42716
42720
42721
42722
42723
42726
42727
42728
42732
42733
42736
42737
42738
42739
42741
42742
42743
42744
42750
42753
42756
42757
42758
42759
42760
42763
42764
42765
42768
42771
42773
42779
42780
42781
42782
42788
42789
42790
42792
42793
42795
42796
42797
42798
42800
42802
42808
42809
42812
42815
42816
42818
42821
42823
42824
42826
42827
42833
42836
42837
42843
42845
42849
42850
42852
42855
42857
42859
42860
42862
42864
42866
42870
42872
42874
42876
42878
42879
42880
42881
42884
42885
42886
42889
42890
42896
42897
42898
42901
42902
42903
42905
42907
42909
42911
42913
42914
42916
42918
42926
42929
42930
42931
42932
42933
42935
42937
42938
42939
42944
42948
42950
42951
42954
42955
42957
42959
42960
42962
42963
42964
42967
42968
42969
42971
42973
42974
42977
42979
42983
42984
42988
42989
42993
42994
42996
42997
43000
43001
43004
43006
43007
43009
43010
43013
43015
43016
43018
43023
43030
43031
43032
43036
43038
43039
43043
43047
43048
43049
43050
43051
43055
43058
43061
43063
43065
43070
43071
43072
43074
43075
43077
43078
43079
43080
43082
43083
43088
43090
43092
43093
43095
43098
43100
43101
43105
43111
43114
43116
43117
43120
43121
43123
43124
43128
43129
43130
43132
43133
43137
43138
43139
43140
43141
43143
43146
43147
43148
43150
43153
43155
43156
43157
43161
43164
43166
43168
43169
43173
43176
43179
43181
43182
43187
43188
43189
43190
43191
43193
43195
43196
43197
43202
43204
43206
43207
43208
43209
43210
43215
43217
43218
43219
43220
43224
43226
43227
43230
43233
43240
43242
43243
43244
43245
43250
43251
43252
43254
43257
43260
43265
43266
43267
43268
43269
43270
43272
43274
43278
43279
43280
43281
43285
43291
43294
43295
43296
43298
43299
43301
43303
43305
43306
43309
43311
43313
43314
43318
43320
43323
43326
43327
43328
43329
43333
43334
43335
43337
43339
43342
43345
43346
43347
43348
43353
43354
43355
43357
43364
43365
43366
43367
43374
43375
43377
43380
43381
43385
43387
43388
43389
43390
43393
43394
43400
43402
43407
43408
43409
43412
43413
43414
43417
43418
43423
43424
43426
43427
43429
43430
43433
43437
43441
43443
43445
43449
43450
43451
43454
43456
43459
43460
43462
43465
43466
43468
43469
43471
43472
43473
43476
43478
43479
43480
43481
43483
43486
43487
43488
43492
43494
43495
43497
43499
43502
43505
43508
43509
43510
43511
43518
43522
43523
43524
43525
43527
43528
43540
43543
43545
43546
43548
43551
43552
43555
43558
43561
43564
43565
43566
43568
43571
43572
43576
43577
43579
43580
43581
43582
43583
43585
43586
43588
43589
43592
43594
43595
43596
43610
43612
43613
43614
43615
43617
43618
43619
43625
43626
43628
43630
43632
43635
43638
43639
43640
43643
43644
43645
43647
43649
43650
43652
43655
43656
43660
43663
43664
43668
43670
43673
43674
43675
43677
43679
43680
43687
43692
43693
43697
43699
43700
43701
43702
43706
43709
43712
43715
43716
43717
43719
43722
43724
43726
43727
43730
43731
43732
43733
43735
43736
43738
43741
43742
43743
43745
43746
43750
43756
43757
43761
43762
43764
43765
43766
43770
43771
43774
43780
43781
43782
43789
43792
43795
43796
43797
43800
43801
43804
43806
43809
43813
43814
43816
43818
43823
43827
43828
43830
43831
43832
43835
43838
43843
43844
43847
43850
43853
43854
43859
43861
43862
43864
43865
43866
43867
43870
43871
43874
43876
43882
43884
43889
43892
43893
43896
43897
43900
43902
43906
43908
43910
43911
43913
43914
43915
43917
43919
43920
43921
43922
43923
43924
43925
43927
43928
43929
43931
43934
43936
43938
43939
43940
43941
43943
43944
43946
43947
43949
43956
43957
43958
43959
43960
43967
43969
43971
43977
43979
43982
43983
43984
43991
43992
43996
43997
43998
44002
44005
44006
44007
44008
44009
44012
44014
44017
44018
44020
44023
44025
44026
44028
44029
44030
44031
44035
44036
44037
44041
44042
44045
44047
44049
44050
44052
44053
44056
44061
44066
44071
44072
44074
44078
44080
44083
44086
44091
44093
44094
44095
44098
44099
44101
44102
44103
44109
44110
44111
44114
44115
44116
44118
44119
44121
44122
44123
44125
44127
44133
44135
44136
44137
44139
44140
44142
44143
44144
44145
44147
44148
44149
44152
44154
44155
44157
44158
44160
44165
44166
44169
44171
44173
44174
44175
44182
44183
44184
44192
44193
44196
44197
44199
44201
44202
44204
44205
44207
44208
44211
44212
44213
44218
44219
44220
44222
44227
44228
44229
44231
44232
44233
44236
44237
44239
44240
44242
44243
44244
44246
44247
44248
44250
44255
44258
44268
44272
44274
44275
44276
44282
44283
44287
44289
44290
44292
44293
44295
44296
44297
44298
44300
44301
44305
44312
44318
44321
44327
44329
44330
44334
44336
44337
44338
44340
44341
44344
44345
44346
44349
44354
44361
44363
44369
44370
44373
44374
44375
44378
44386
44390
44394
44396
44397
44399
44401
44408
44411
44412
44414
44415
44417
44418
44421
44424
44431
44432
44433
44435
44436
44439
44442
44443
44444
44446
44447
44449
44456
44457
44459
44462
44463
44465
44467
44469
44472
44473
44474
44475
44476
44480
44482
44483
44484
44485
44486
44487
44491
44492
44497
44498
44501
44504
44506
44507
44509
44510
44511
44515
44517
44521
44523
44524
44525
44526
44527
44529
44530
44532
44533
44543
44544
44546
44548
44549
44550
44551
44552
44555
44556
44557
44559
44564
44568
44572
44573
44575
44576
44577
44578
44583
44585
44586
44587
44588
44590
44593
44595
44598
44600
44601
44602
44606
44608
44610
44614
44615
44616
44618
44619
44623
44625
44626
44627
44628
44629
44631
44633
44635
44638
44639
44640
44644
44646
44647
44652
44654
44656
44657
44659
44662
44665
44667
44669
44670
44671
44672
44673
44674
44675
44678
44679
44681
44683
44684
44686
44690
44697
44698
44699
44702
44711
44712
44713
44716
44717
44718
44719
44722
44725
44730
44732
44733
44734
44739
44744
44746
44748
44749
44752
44754
44756
44757
44760
44764
44768
44771
44772
44776
44777
44778
44780
44782
44783
44787
44788
44789
44791
44794
44796
44799
44800
44805
44808
44810
44811
44812
44813
44816
44819
44820
44823
44824
44826
44827
44829
44839
44843
44844
44845
44846
44847
44849
44850
44852
44856
44858
44859
44863
44867
44868
44872
44876
44878
44880
44883
44884
44885
44887
44889
44891
44896
44897
44898
44899
44900
44903
44904
44907
44909
44911
44916
44921
44922
44923
44924
44925
44929
44932
44933
44934
44935
44937
44940
44942
44944
44946
44947
44948
44950
44952
44957
44958
44959
44963
44967
44968
44972
44975
44976
44978
44984
44986
44988
44991
44996
44999
45002
45003
45005
45006
45007
45011
45013
45015
45019
45021
45022
45024
45026
45030
45031
45032
45035
45036
45037
45038
45039
45042
45044
45045
45047
45048
45049
45050
45051
45056
45058
45059
45061
45066
45067
45069
45072
45076
45077
45079
45082
45083
45084
45085
45086
45087
45090
45091
45092
45096
45097
45099
45100
45101
45106
45109
45111
45112
45115
45119
45123
45124
45126
45128
45129
45130
45132
45134
45135
45136
45137
45138
45140
45142
45144
45151
45153
45154
45156
45157
45161
45163
45164
45165
45167
45168
45171
45173
45174
45175
45181
45182
45183
45184
45188
45189
45191
45193
45196
45197
45202
45203
45205
45207
45208
45209
45210
45211
45212
45214
45217
45218
45221
45223
45224
45227
45229
45230
45231
45232
45233
45235
45236
45237
45238
45239
45240
45241
45243
45244
45246
45247
45250
45251
45252
45254
45256
45259
45260
45261
45262
45263
45266
45268
45271
45275
45276
45277
45279
45283
45285
45286
45287
45289
45292
45294
45299
45300
45301
45304
45305
45307
45308
45309
45310
45319
45324
45326
45328
45329
45332
45334
45336
45338
45343
45344
45345
45347
45349
45350
45351
45353
45355
45356
45361
45362
45366
45368
45369
45371
45372
45373
45374
45376
45379
45382
45388
45391
45392
45393
45395
45397
45398
45401
45403
45404
45405
45406
45407
45409
45414
45415
45416
45417
45418
45422
45424
45425
45426
45427
45429
45430
45437
45438
45440
45444
45445
45446
45447
45448
45452
45453
45458
45460
45462
45465
45467
45469
45472
45477
45479
45480
45481
45482
45483
45487
45490
45492
45495
45497
45498
45499
45500
45503
45507
45509
45510
45511
45514
45522
45526
45527
45528
45530
45531
45537
45538
45542
45543
45544
45547
45551
45553
45555
45557
45559
45560
45562
45566
45567
45569
45573
45577
45583
45584
45587
45591
45592
45594
45597
45599
45600
45601
45604
45605
45606
45607
45608
45609
45610
45613
45615
45616
45617
45620
45621
45623
45624
45625
45627
45628
45629
45632
45633
45636
45637
45638
45639
45640
45642
45643
45648
45649
45651
45657
45660
45664
45668
45669
45670
45672
45674
45676
45677
45678
45679
45680
45684
45686
45687
45689
45690
45691
45695
45696
45697
45701
45704
45705
45707
45712
45714
45715
45717
45719
45720
45722
45724
45726
45729
45730
45731
45732
45734
45735
45736
45737
45738
45744
45747
45748
45750
45754
45757
45759
45762
45763
45765
45768
45769
45771
45775
45776
45778
45783
45784
45785
45787
45793
45794
45796
45802
45804
45806
45807
45808
45810
45811
45814
45816
45817
45822
45823
45826
45827
45829
45830
45831
45832
45838
45839
45842
45843
45845
45847
45848
45850
45851
45852
45853
45855
45862
45863
45866
45867
45871
45875
45876
45877
45881
45883
45884
45885
45886
45887
45888
45891
45896
45899
45900
45901
45902
45904
45905
45912
45918
45919
45920
45924
45926
45928
45930
45932
45933
45935
45936
45937
45938
45941
45942
45943
45944
45945
45947
45948
45949
45950
45951
45956
45957
45964
45965
45966
45972
45975
45978
45979
45986
45991
45993
45994
45998
46000
46001
46004
46006
46008
46009
46011
46012
46015
46019
46025
46026
46028
46029
46030
46031
46032
46034
46038
46040
46041
46043
46048
46050
46053
46055
46056
46057
46059
46065
46066
46068
46069
46070
46071
46072
46073
46075
46076
46080
46083
46088
46089
46094
46095
46096
46100
46103
46105
46107
46108
46110
46113
46116
46117
46120
46124
46125
46126
46128
46129
46130
46131
46132
46133
46134
46135
46137
46138
46139
46142
46145
46146
46150
46156
46161
46168
46169
46170
46172
46174
46176
46177
46181
46182
46183
46184
46185
46186
46187
46188
46192
46196
46201
46203
46204
46205
46206
46208
46210
46211
46212
46216
46227
46230
46235
46238
46239
46242
46243
46247
46250
46252
46255
46259
46261
46262
46263
46267
46270
46271
46272
46275
46277
46278
46279
46283
46284
46286
46287
46288
46290
46291
46292
46293
46296
46298
46299
46303
46306
46307
46309
46310
46311
46316
46318
46324
46326
46329
46332
46333
46335
46336
46337
46338
46341
46344
46345
46347
46348
46349
46351
46352
46361
46365
46366
46369
46371
46373
46374
46376
46377
46378
46379
46380
46383
46384
46389
46391
46394
46395
46397
46398
46399
46400
46401
46402
46403
46405
46407
46408
46413
46414
46416
46417
46418
46420
46421
46422
46423
46424
46426
46427
46429
46431
46433
46437
46438
46439
46440
46441
46443
46446
46451
46452
46453
46455
46459
46462
46463
46464
46465
46466
46467
46469
46471
46472
46474
46478
46479
46480
46481
46482
46484
46485
46490
46491
46492
46493
46494
46495
46500
46501
46505
46508
46517
46518
46519
46520
46521
46522
46525
46526
46528
46529
46531
46532
46534
46537
46541
46543
46544
46549
46554
46556
46557
46560
46567
46568
46570
46571
46574
46575
46576
46577
46579
46581
46586
46590
46591
46595
46596
46598
46602
46607
46608
46609
46610
46611
46614
46616
46617
46619
46621
46622
46625
46629
46630
46631
46633
46634
46636
46649
46651
46654
46655
46656
46657
46659
46660
46663
46668
46670
46671
46676
46680
46687
46689
46691
46692
46693
46695
46696
46699
46702
46703
46705
46707
46714
46720
46721
46723
46726
46727
46728
46729
46730
46731
46732
46734
46736
46737
46738
46742
46744
46749
46751
46755
46756
46757
46758
46759
46761
46762
46765
46767
46768
46772
46773
46774
46776
46779
46780
46781
46782
46783
46789
46790
46792
46793
46796
46797
46798
46800
46804
46806
46807
46808
46813
46819
46824
46825
46826
46833
46834
46838
46839
46841
46842
46847
46848
46849
46850
46853
46854
46855
46863
46865
46867
46868
46870
46871
46877
46878
46880
46881
46884
46889
46890
46892
46894
46899
46902
46904
46907
46910
46913
46914
46916
46922
46923
46924
46925
46927
46928
46929
46930
46931
46933
46936
46937
46940
46941
46943
46945
46946
46950
46952
46954
46956
46957
46958
46962
46965
46966
46972
46974
46977
46980
46982
46983
46986
46987
46988
46990
46992
46997
47000
47003
47004
47007
47010
47011
47013
47017
47022
47023
47026
47029
47032
47033
47034
47038
47045
47046
47051
47058
47061
47062
47063
47064
47065
47072
47074
47079
47082
47083
47089
47092
47093
47094
47095
47096
47097
47099
47103
47105
47108
47111
47115
47116
47117
47118
47119
47121
47122
47124
47125
47126
47128
47129
47130
47132
47133
47134
47136
47138
47139
47140
47141
47143
47147
47149
47153
47154
47156
47157
47159
47160
47161
47163
47164
47165
47171
47172
47173
47174
47175
47179
47181
47182
47186
47187
47188
47190
47191
47192
47193
47194
47197
47198
47201
47202
47203
47204
47206
47210
47214
47216
47217
47218
47219
47221
47225
47226
47229
47235
47238
47239
47241
47243
47245
47246
47248
47249
47255
47257
47264
47265
47266
47268
47271
47272
47277
47279
47280
47283
47285
47286
47288
47289
47290
47294
47295
47298
47299
47300
47302
47303
47305
47307
47308
47309
47310
47311
47312
47313
47318
47319
47321
47324
47325
47326
47328
47332
47334
47338
47339
47341
47347
47351
47353
47354
47355
47357
47362
47363
47364
47366
47368
47371
47372
47380
47383
47387
47388
47389
47391
47396
47397
47399
47401
47402
47404
47407
47409
47410
47415
47417
47419
47420
47421
47422
47424
47426
47427
47433
47435
47436
47437
47438
47440
47441
47442
47443
47444
47445
47446
47448
47450
47451
47452
47455
47456
47457
47459
47460
47461
47464
47466
47469
47470
47471
47472
47473
47474
47475
47476
47478
47479
47481
47482
47484
47488
47492
47493
47496
47499
47500
47501
47502
47503
47506
47507
47508
47512
47514
47517
47522
47524
47532
47533
47534
47535
47538
47540
47543
47546
47548
47550
47551
47552
47553
47554
47555
47563
47564
47567
47572
47573
47575
47579
47580
47582
47587
47588
47590
47591
47596
47597
47601
47603
47614
47615
47616
47620
47622
47624
47625
47626
47627
47628
47630
47631
47632
47633
47634
47639
47640
47645
47646
47648
47650
47651
47652
47654
47655
47656
47658
47661
47663
47665
47667
47669
47675
47676
47681
47685
47687
47688
47690
47692
47696
47697
47699
47701
47702
47707
47709
47710
47711
47712
47716
47717
47719
47720
47722
47723
47725
47727
47728
47729
47730
47731
47732
47733
47734
47736
47739
47742
47745
47746
47749
47750
47753
47755
47756
47757
47759
47760
47763
47764
47766
47767
47770
47771
47772
47773
47774
47775
47779
47781
47785
47788
47789
47793
47794
47796
47798
47799
47800
47801
47802
47804
47806
47807
47808
47812
47818
47821
47822
47823
47824
47829
47830
47831
47833
47834
47838
47842
47843
47846
47848
47849
47851
47852
47855
47857
47858
47859
47861
47862
47863
47865
47866
47868
47869
47872
47875
47876
47880
47883
47885
47887
47889
47890
47891
47892
47894
47895
47897
47900
47901
47902
47905
47906
47907
47910
47913
47917
47918
47919
47920
47925
47926
47927
47928
47930
47933
47934
47935
47939
47940
47944
47946
47948
47953
47954
47955
47956
47957
47959
47962
47964
47970
47971
47973
47974
47975
47976
47977
47979
47980
47983
47984
47985
47986
47988
47989
47993
47994
47996
47997
47999
48000
48002
48004
48005
48007
48008
48011
48016
48018
48020
48021
48024
48025
48026
48029
48030
48033
48034
48036
48037
48038
48039
48041
48042
48043
48044
48046
48047
48052
48054
48055
48057
48062
48063
48064
48066
48068
48069
48070
48071
48072
48073
48074
48076
48078
48080
48081
48082
48085
48087
48088
48092
48093
48097
48098
48099
48102
48103
48110
48113
48114
48116
48117
48119
48120
48122
48127
48128
48129
48135
48136
48137
48138
48142
48143
48145
48147
48148
48151
48152
48153
48158
48162
48163
48166
48167
48168
48169
48170
48173
48178
48180
48181
48183
48184
48185
48187
48196
48200
48205
48206
48213
48215
48217
48218
48219
48220
48221
48222
48223
48225
48227
48232
48233
48235
48236
48241
48242
48251
48258
48260
48263
48264
48265
48270
48271
48272
48275
48279
48282
48287
48290
48292
48296
48297
48300
48301
48304
48306
48307
48308
48310
48312
48317
48318
48320
48322
48325
48330
48335
48336
48337
48338
48339
48340
48342
48343
48344
48345
48348
48351
48352
48353
48354
48356
48357
48359
48360
48361
48363
48366
48370
48371
48372
48373
48375
48376
48377
48379
48382
48387
48389
48390
48393
48394
48395
48396
48397
48399
48401
48403
48404
48407
48408
48409
48410
48412
48416
48417
48419
48421
48422
48424
48427
48428
48430
48434
48437
48440
48441
48445
48452
48453
48455
48458
48459
48461
48462
48465
48468
48470
48473
48475
48478
48481
48482
48483
48485
48489
48496
48497
48501
48505
48507
48508
48509
48510
48512
48515
48518
48524
48528
48529
48533
48539
48542
48547
48549
48550
48551
48553
48554
48560
48562
48563
48564
48567
48568
48569
48570
48571
48572
48575
48576
48577
48580
48583
48585
48588
48592
48593
48594
48600
48601
48604
48606
48608
48611
48612
48621
48622
48623
48624
48625
48628
48629
48631
48632
48633
48636
48637
48639
48641
48645
48647
48650
48652
48656
48657
48658
48659
48660
48665
48667
48668
48669
48671
48672
48673
48675
48677
48680
48683
48685
48689
48693
48694
48698
48699
48700
48704
48706
48707
48713
48717
48718
48725
48727
48728
48730
48734
48736
48738
48739
48740
48743
48744
48749
48753
48754
48757
48758
48761
48763
48768
48770
48771
48773
48775
48778
48779
48781
48782
48784
48786
48790
48791
48794
48795
48796
48798
48804
48805
48806
48808
48809
48810
48811
48812
48818
48819
48820
48824
48825
48832
48833
48839
48843
48851
48855
48856
48857
48860
48864
48865
48866
48868
48870
48872
48876
48877
48879
48881
48886
48887
48889
48890
48891
48892
48893
48894
48895
48898
48905
48906
48908
48909
48911
48913
48917
48918
48919
48920
48922
48926
48927
48928
48929
48930
48932
48933
48935
48937
48939
48941
48942
48945
48947
48948
48950
48952
48955
48956
48957
48959
48962
48963
48964
48965
48967
48970
48971
48973
48975
48976
48979
48980
48982
48983
48986
48989
48992
48994
48997
48998
48999
49001
49002
49004
49006
49007
49008
49011
49012
49014
49015
49016
49017
49019
49020
49021
49022
49023
49024
49026
49028
49029
49031
49032
49035
49039
49040
49042
49044
49047
49051
49054
49055
49061
49062
49063
49064
49065
49066
49068
49069
49070
49077
49079
49082
49087
49088
49096
49097
49101
49107
49110
49112
49113
49114
49117
49120
49121
49124
49125
49126
49128
49129
49131
49133
49134
49135
49136
49139
49141
49142
49143
49146
49147
49148
49153
49157
49158
49161
49162
49164
49165
49168
49169
49170
49172
49174
49175
49183
49184
49186
49187
49188
49189
49191
49197
49198
49203
49204
49205
49208
49211
49213
49215
49216
49219
49222
49223
49224
49227
49228
49231
49236
49237
49238
49241
49243
49245
49246
49247
49248
49251
49252
49256
49257
49259
49261
49262
49264
49265
49266
49267
49268
49273
49274
49276
49279
49282
49284
49287
49288
49289
49290
49291
49292
49297
49298
49300
49302
49305
49309
49310
49313
49314
49315
49318
49320
49322
49323
49324
49325
49329
49330
49332
49333
49334
49337
49339
49340
49343
49345
49347
49348
49349
49350
49351
49352
49353
49354
49364
49365
49368
49369
49376
49377
49378
49380
49382
49386
49387
49388
49390
49393
49394
49395
49398
49403
49405
49406
49407
49409
49414
49415
49416
49418
49422
49423
49424
49428
49430
49432
49434
49438
49439
49442
49445
49449
49450
49455
49456
49457
49458
49459
49461
49462
49463
49464
49465
49470
49471
49472
49477
49484
49485
49487
49492
49493
49495
49496
49497
49501
49502
49509
49512
49513
49514
49516
49517
49520
49522
49527
49529
49531
49534
49536
49539
49540
49545
49547
49550
49552
49553
49554
49555
49556
49558
49560
49562
49563
49564
49568
49571
49572
49573
49575
49578
49579
49581
49582
49584
49587
49591
49593
49595
49596
49597
49600
49603
49605
49606
49608
49617
49618
49620
49621
49622
49623
49624
49625
49627
49629
49632
49634
49639
49644
49647
49648
49649
49651
49654
49657
49662
49663
49664
49668
49669
49671
49672
49675
49676
49677
49681
49682
49684
49689
49690
49692
49694
49695
49697
49699
49701
49702
49703
49705
49707
49708
49709
49710
49711
49712
49713
49714
49715
49716
49717
49718
49719
49720
49721
49722
49723
49724
49725
49728
49729
49731
49733
49735
49741
49743
49748
49752
49753
49754
49756
49760
49761
49763
49764
49765
49766
49769
49773
49774
49776
49785
49787
49788
49795
49796
49798
49801
49802
49809
49810
49819
49820
49823
49825
49826
49830
49832
49835
49837
49839
49840
49841
49845
49848
49850
49852
49858
49861
49863
49868
49869
49873
49874
49875
49876
49877
49878
49879
49882
49883
49884
49887
49889
49890
49891
49895
49897
49898
49901
49903
49904
49907
49908
49913
49914
49917
49918
49922
49924
49926
49927
49928
49930
49931
49936
49940
49941
49942
49945
49948
49953
49959
49960
49961
49962
49966
49970
49971
49972
49976
49980
49982
49986
49989
49990
49991
49996
49999
50003
50004
50005
50006
50009
50011
50019
50022
50026
50029
50030
50033
50038
50042
50049
50053
50054
50055
50056
50057
50062
50063
50066
50067
50068
50073
50074
50076
50077
50078
50080
50081
50082
50083
50086
50087
50089
50093
50094
50098
50101
50103
50107
50110
50113
50114
50115
50118
50120
50121
50123
50124
50125
50128
50129
50131
50132
50137
50139
50143
50145
50147
50151
50154
50155
50157
50161
50163
50167
50169
50170
50174
50175
50176
50178
50183
50184
50186
50187
50188
50192
50194
50195
50196
50199
50201
50206
50207
50213
50215
50216
50222
50223
50224
50226
50229
50232
50233
50244
50245
50246
50247
50249
50251
50252
50255
50258
50259
50263
50266
50274
50277
50278
50284
50285
50288
50289
50291
50292
50294
50296
50297
50298
50304
50310
50311
50317
50318
50319
50321
50322
50324
50329
50330
50331
50332
50333
50336
50337
50339
50340
50342
50345
50346
50348
50349
50350
50352
50354
50358
50359
50360
50361
50362
50367
50368
50370
50371
50372
50374
50376
50381
50382
50383
50384
50385
50387
50390
50396
50397
50398
50402
50405
50409
50410
50412
50413
50415
50422
50423
50425
50426
50427
50436
50437
50445
50446
50447
50450
50451
50453
50457
50458
50460
50461
50463
50465
50467
50468
50469
50472
50477
50480
50485
50486
50490
50492
50495
50496
50500
50503
50507
50508
50509
50510
50511
50515
50517
50520
50521
50522
50523
50524
50525
50526
50529
50530
50531
50534
50537
50539
50543
50545
50546
50550
50557
50561
50562
50563
50564
50569
50570
50572
50573
50574
50579
50580
50581
50584
50585
50586
50588
50589
50591
50599
50606
50610
50611
50613
50615
50616
50617
50622
50624
50629
50634
50635
50636
50638
50640
50641
50642
50646
50651
50652
50654
50656
50657
50661
50664
50667
50669
50671
50675
50679
50680
50681
50686
50688
50689
50693
50695
50697
50698
50700
50701
50702
50703
50705
50706
50707
50708
50712
50713
50714
50715
50716
50717
50718
50719
50724
50725
50726
50730
50731
50732
50733
50734
50735
50738
50743
50746
50747
50750
50751
50752
50753
50754
50757
50758
50760
50763
50767
50776
50781
50782
50785
50786
50788
50789
50791
50792
50793
50794
50795
50797
50799
50800
50802
50803
50804
50806
50808
50810
50811
50812
50813
50816
50817
50820
50823
50826
50831
50832
50837
50838
50839
50841
50842
50844
50845
50846
50847
50849
50852
50853
50855
50857
50861
50866
50867
50870
50871
50873
50876
50877
50879
50881
50882
50885
50891
50893
50897
50900
50901
50902
50903
50904
50905
50907
50908
50912
50913
50921
50923
50925
50927
50932
50933
50935
50938
50944
50947
50949
50951
50953
50956
50957
50958
50959
50960
50962
50965
50966
50967
50970
50971
50974
50977
50982
50986
50989
50991
50993
50996
50998
50999
51000
51001
51005
51009
51010
51011
51012
51013
51018
51021
51024
51026
51027
51028
51030
51031
51033
51035
51038
51039
51041
51042
51043
51044
51046
51047
51053
51055
51058
51061
51062
51065
51067
51068
51070
51071
51072
51073
51074
51076
51077
51078
51079
51081
51083
51085
51086
51087
51088
51089
51090
51091
51092
51093
51095
51099
51101
51102
51103
51104
51105
51108
51112
51113
51116
51117
51118
51119
51133
51136
51138
51139
51140
51145
51148
51151
51152
51154
51155
51157
51162
51165
51168
51177
51178
51179
51180
51183
51187
51188
51190
51191
51192
51193
51197
51198
51200
51201
51202
51203
51204
51205
51211
51212
51214
51215
51216
51217
51220
51221
51224
51227
51230
51231
51234
51236
51241
51245
51248
51249
51256
51262
51263
51266
51268
51269
51272
51273
51274
51275
51277
51278
51280
51284
51285
51286
51287
51288
51290
51292
51296
51300
51301
51302
51303
51305
51308
51310
51311
51315
51316
51317
51319
51323
51326
51333
51334
51335
51338
51339
51342
51343
51344
51347
51349
51353
51355
51362
51365
51368
51369
51370
51372
51374
51376
51380
51382
51384
51387
51390
51392
51394
51401
51403
51404
51406
51407
51412
51415
51416
51422
51424
51425
51426
51427
51431
51433
51435
51442
51443
51448
51449
51451
51453
51454
51460
51461
51462
51465
51468
51469
51470
51471
51473
51476
51480
51483
51487
51488
51491
51492
51493
51494
51496
51497
51498
51499
51501
51503
51507
51508
51509
51512
51514
51515
51516
51517
51520
51525
51526
51527
51529
51532
51535
51536
51539
51541
51544
51545
51546
51556
51566
51567
51571
51572
51574
51576
51577
51578
51579
51581
51583
51586
51587
51588
51590
51591
51595
51596
51598
51601
51603
51605
51611
51619
51621
51622
51623
51624
51626
51630
51635
51636
51637
51638
51640
51642
51644
51648
51655
51657
51663
51664
51666
51669
51671
51672
51673
51674
51675
51680
51682
51689
51694
51695
51696
51699
51702
51703
51712
51714
51719
51720
51721
51723
51729
51730
51733
51735
51741
51742
51744
51746
51748
51756
51758
51762
51763
51765
51770
51772
51774
51775
51779
51783
51785
51786
51788
51790
51792
51796
51797
51800
51803
51804
51812
51814
51815
51819
51831
51833
51834
51836
51839
51842
51844
51850
51851
51852
51855
51859
51860
51861
51862
51864
51866
51867
51870
51874
51875
51877
51878
51880
51881
51883
51884
51885
51887
51888
51889
51890
51891
51893
51895
51896
51899
51900
51902
51905
51906
51908
51913
51915
51916
51918
51922
51923
51924
51929
51932
51934
51937
51940
51944
51947
51948
51950
51952
51953
51958
51960
51964
51967
51969
51975
51976
51979
51980
51983
51985
51988
51989
51990
51993
51994
51997
52000
52001
52004
52006
52007
52013
52014
52015
52016
52017
52021
52025
52028
52031
52032
52033
52036
52039
52041
52042
52047
52048
52049
52053
52057
52058
52059
52060
52061
52062
52065
52066
52067
52068
52070
52071
52072
52078
52081
52089
52091
52097
52100
52105
52106
52109
52111
52112
52115
52117
52119
52120
52123
52124
52126
52127
52129
52131
52133
52135
52138
52140
52141
52145
52146
52150
52152
52160
52166
52167
52170
52172
52175
52178
52182
52187
52189
52191
52192
52194
52195
52197
52200
52201
52202
52204
52207
52208
52211
52213
52214
52215
52217
52218
52220
52222
52223
52226
52227
52230
52232
52234
52238
52240
52242
52244
52248
52250
52254
52256
52257
52262
52264
52270
52275
52276
52277
52278
52281
52285
52287
52288
52290
52292
52293
52294
52295
52297
52298
52300
52302
52303
52304
52305
52309
52311
52314
52319
52321
52322
52326
52327
52329
52332
52336
52337
52338
52339
52340
52341
52342
52343
52345
52346
52347
52349
52351
52352
52353
52354
52357
52363
52367
52368
52369
52371
52372
52373
52376
52379
52386
52390
52391
52393
52396
52397
52401
52404
52405
52406
52411
52412
52415
52417
52422
52426
52434
52436
52439
52441
52444
52446
52448
52450
52451
52453
52455
52456
52457
52458
52459
52462
52464
52465
52467
52468
52469
52473
52475
52476
52477
52483
52486
52487
52488
52492
52494
52496
52499
52502
52507
52511
52513
52514
52515
52516
52517
52518
52519
52524
52525
52535
52537
52538
52540
52543
52549
52554
52557
52560
52561
52562
52565
52571
52573
52576
52581
52584
52586
52589
52591
52594
52598
52599
52604
52608
52609
52610
52611
52613
52615
52616
52617
52618
52620
52622
52623
52624
52629
52634
52636
52640
52641
52642
52643
52645
52648
52652
52653
52654
52655
52657
52659
52662
52665
52667
52671
52679
52680
52682
52684
52685
52687
52688
52691
52694
52696
52707
52709
52711
52712
52714
52721
52722
52723
52725
52726
52729
52730
52731
52733
52734
52735
52736
52738
52741
52742
52745
52748
52749
52751
52752
52754
52758
52759
52760
52761
52764
52765
52770
52771
52773
52775
52778
52779
52781
52782
52783
52784
52788
52789
52791
52794
52796
52801
52805
52807
52810
52817
52819
52822
52823
52825
52828
52830
52835
52838
52840
52841
52845
52847
52848
52850
52851
52853
52855
52857
52859
52865
52866
52870
52871
52873
52876
52877
52878
52883
52887
52889
52891
52893
52896
52897
52901
52903
52904
52907
52910
52915
52916
52919
52920
52922
52924
52927
52929
52931
52932
52933
52934
52936
52938
52939
52940
52942
52945
52947
52949
52951
52953
52954
52955
52956
52960
52961
52965
52966
52967
52969
52970
52973
52975
52977
52979
52984
52991
52992
52993
52994
52998
53004
53007
53010
53012
53013
53014
53015
53017
53019
53020
53021
53022
53023
53024
53030
53031
53032
53033
53037
53038
53040
53042
53044
53045
53046
53049
53050
53057
53060
53062
53063
53064
53065
53069
53070
53071
53073
53074
53075
53077
53078
53079
53080
53082
53084
53085
53087
53090
53092
53094
53095
53096
53100
53101
53102
53104
53105
53107
53109
53111
53112
53113
53114
53115
53116
53117
53121
53125
53126
53127
53130
53132
53133
53140
53142
53146
53147
53152
53156
53159
53160
53163
53164
53166
53167
53170
53172
53174
53176
53177
53182
53184
53187
53193
53196
53199
53201
53205
53206
53207
53208
53211
53213
53215
53217
53221
53225
53228
53230
53235
53236
53237
53238
53239
53241
53244
53245
53246
53251
53258
53259
53260
53261
53264
53265
53266
53268
53269
53270
53271
53274
53276
53277
53281
53284
53287
53290
53293
53294
53296
53303
53304
53306
53309
53310
53312
53315
53318
53320
53321
53322
53324
53326
53327
53330
53332
53337
53339
53343
53344
53345
53353
53354
53358
53359
53361
53365
53366
53368
53369
53374
53376
53377
53379
53380
53384
53385
53387
53388
53390
53394
53395
53399
53400
53405
53412
53414
53415
53420
53423
53424
53427
53432
53434
53435
53436
53437
53439
53440
53441
53442
53452
53453
53456
53457
53458
53459
53463
53466
53470
53474
53475
53479
53482
53489
53490
53499
53503
53509
53510
53512
53513
53517
53518
53520
53523
53526
53527
53532
53533
53535
53536
53537
53549
53555
53557
53559
53562
53566
53569
53571
53572
53573
53574
53577
53579
53580
53582
53583
53595
53596
53597
53598
53601
53602
53608
53609
53611
53612
53613
53615
53617
53618
53621
53624
53625
53630
53631
53634
53635
53636
53637
53639
53640
53642
53643
53644
53645
53646
53650
53654
53661
53663
53665
53668
53669
53670
53672
53675
53676
53677
53678
53679
53683
53688
53699
53700
53701
53702
53703
53704
53707
53708
53709
53710
53711
53714
53720
53722
53730
53731
53733
53739
53740
53746
53747
53749
53750
53752
53754
53757
53759
53761
53765
53772
53773
53776
53779
53780
53782
53784
53792
53793
53794
53800
53803
53809
53810
53811
53812
53815
53818
53822
53823
53824
53825
53826
53829
53832
53833
53836
53840
53842
53843
53844
53846
53851
53852
53854
53856
53857
53858
53859
53861
53863
53865
53866
53867
53868
53870
53873
53877
53878
53879
53880
53882
53884
53886
53887
53888
53890
53893
53895
53897
53898
53899
53901
53902
53903
53904
53905
53906
53908
53913
53915
53916
53919
53921
53924
53925
53927
53928
53931
53933
53937
53946
53950
53951
53953
53955
53959
53960
53961
53962
53963
53968
53969
53971
53974
53975
53977
53980
53983
53985
53987
53989
53990
53991
53992
53993
53995
53998
54001
54003
54004
54006
54008
54013
54018
54022
54024
54025
54026
54027
54029
54030
54031
54032
54033
54038
54040
54044
54047
54048
54051
54052
54055
54056
54057
54058
54065
54066
54067
54068
54069
54072
54073
54079
54082
54084
54087
54088
54089
54091
54092
54093
54094
54095
54096
54097
54099
54100
54102
54106
54109
54111
54113
54114
54115
54116
54117
54118
54119
54120
54130
54131
54132
54133
54135
54138
54139
54140
54148
54150
54152
54154
54155
54157
54159
54167
54170
54172
54173
54174
54177
54178
54181
54184
54185
54186
54189
54190
54195
54197
54200
54201
54202
54205
54209
54210
54215
54217
54218
54220
54222
54223
54226
54227
54229
54233
54236
54239
54241
54243
54245
54246
54247
54250
54251
54253
54254
54255
54256
54260
54261
54262
54263
54264
54265
54266
54267
54268
54275
54277
54278
54279
54281
54285
54288
54293
54294
54296
54301
54302
54304
54305
54306
54307
54308
54310
54312
54313
54314
54315
54318
54324
54327
54328
54329
54330
54331
54333
54335
54338
54350
54359
54360
54362
54363
54367
54369
54370
54372
54374
54376
54377
54378
54379
54381
54382
54383
54384
54385
54386
54388
54390
54391
54392
54393
54394
54395
54396
54397
54399
54400
54407
54409
54412
54419
54422
54425
54428
54429
54430
54431
54433
54435
54437
54439
54440
54441
54444
54446
54447
54449
54450
54452
54453
54454
54455
54457
54458
54467
54468
54473
54474
54476
54478
54484
54485
54488
54489
54493
54497
54498
54503
54504
54507
54508
54509
54518
54522
54527
54528
54529
54531
54532
54533
54536
54539
54545
54551
54553
54554
54556
54557
54559
54562
54563
54564
54565
54568
54569
54572
54574
54577
54582
54587
54588
54589
54590
54591
54592
54597
54600
54603
54605
54607
54608
54613
54616
54617
54621
54622
54624
54625
54627
54628
54630
54633
54638
54641
54644
54649
54653
54656
54659
54661
54664
54667
54668
54675
54677
54680
54681
54686
54687
54691
54692
54693
54695
54697
54698
54699
54703
54706
54707
54708
54712
54713
54714
54719
54723
54724
54731
54733
54738
54740
54741
54743
54744
54750
54751
54752
54754
54757
54759
54760
54763
54768
54769
54771
54775
54778
54782
54789
54791
54794
54796
54797
54802
54805
54806
54808
54809
54811
54817
54818
54820
54829
54830
54833
54834
54835
54839
54840
54842
54845
54851
54852
54853
54854
54855
54858
54859
54866
54867
54869
54874
54875
54877
54878
54879
54881
54883
54890
54891
54894
54902
54903
54907
54909
54911
54917
54929
54931
54934
54935
54938
54952
54953
54958
54962
54964
54965
54966
54968
54974
54978
54979
54980
54986
54987
54991
54996
54998
55000
55006
55007
55008
55010
55015
55018
55020
55021
55024
55025
55026
55031
55032
55033
55036
55038
55045
55046
55047
55048
55049
55053
55055
55067
55072
55073
55074
55076
55079
55080
55089
55091
55092
55099
55100
55101
55106
55108
55110
55111
55112
55113
55114
55116
55120
55121
55124
55127
55129
55130
55135
55139
55141
55142
55143
55144
55148
55150
55152
55153
55154
55156
55158
55161
55163
55167
55169
55170
55171
55173
55175
55186
55189
55190
55194
55201
55209
55213
55214
55216
55217
55219
55221
55223
55226
55227
55233
55241
55243
55244
55247
55249
55251
55256
55267
55268
55269
55273
55274
55275
55276
55278
55279
55281
55288
55289
55290
55293
55297
55298
55299
55302
55305
55306
55307
55308
55312
55316
55320
55322
55323
55327
55333
55334
55335
55340
55342
55343
55344
55347
55348
55352
55359
55360
55362
55363
55365
55370
55371
55373
55374
55375
55379
55380
55383
55384
55387
55389
55394
55396
55399
55402
55403
55404
55406
55408
55409
55410
55411
55413
55415
55423
55426
55427
55431
55432
55434
55435
55436
55438
55439
55440
55441
55442
55444
55450
55451
55456
55457
55462
55463
55465
55468
55469
55471
55482
55483
55487
55489
55491
55492
55496
55501
55502
55503
55504
55507
55508
55512
55513
55516
55523
55525
55528
55529
55530
55531
55543
55544
55547
55549
55551
55552
55553
55556
55557
55558
55559
55564
55569
55573
55574
55577
55579
55581
55588
55589
55592
55594
55601
55606
55609
55613
55616
55619
55623
55626
55627
55630
55635
55636
55638
55639
55640
55643
55646
55647
55649
55653
55655
55656
55657
55658
55661
55665
55669
55670
55671
55674
55677
55680
55682
55684
55685
55686
55687
55688
55689
55692
55694
55697
55703
55705
55706
55707
55709
55711
55712
55713
55718
55719
55721
55722
55723
55727
55728
55730
55731
55734
55737
55739
55742
55743
55744
55755
55763
55769
55771
55773
55774
55775
55778
55781
55783
55784
55786
55788
55790
55791
55792
55798
55802
55803
55804
55807
55808
55810
55811
55812
55814
55816
55818
55820
55821
55823
55824
55825
55827
55831
55832
55834
55839
55842
55848
55849
55851
55852
55853
55856
55857
55860
55864
55868
55869
55874
55875
55877
55878
55879
55882
55883
55884
55889
55897
55899
55900
55906
55910
55911
55914
55915
55917
55918
55919
55921
55922
55925
55926
55927
55931
55933
55941
55943
55944
55945
55947
55949
55950
55951
55953
55955
55956
55959
55961
55965
55968
55971
55976
55979
55980
55981
55984
55985
55986
55992
55993
55994
56002
56004
56006
56009
56010
56014
56017
56024
56028
56029
56031
56037
56039
56040
56041
56045
56056
56059
56060
56061
56066
56067
56068
56072
56073
56074
56075
56077
56080
56084
56090
56092
56095
56098
56099
56105
56108
56111
56113
56114
56115
56120
56121
56122
56123
56125
56127
56128
56129
56130
56132
56133
56134
56138
56139
56141
56142
56144
56145
56147
56148
56150
56161
56163
56165
56166
56168
56170
56172
56173
56180
56183
56184
56190
56193
56199
56202
56205
56206
56207
56212
56214
56215
56216
56225
56227
56228
56232
56234
56236
56240
56242
56243
56246
56248
56250
56253
56255
56256
56257
56260
56262
56265
56266
56267
56268
56270
56271
56276
56279
56280
56285
56287
56289
56291
56292
56293
56304
56306
56307
56308
56317
56320
56325
56326
56327
56328
56330
56332
56339
56341
56343
56346
56349
56352
56355
56356
56358
56360
56363
56364
56366
56368
56371
56373
56374
56376
56378
56380
56383
56385
56392
56394
56395
56397
56400
56405
56407
56410
56415
56416
56421
56424
56427
56430
56434
56435
56438
56439
56440
56442
56443
56445
56446
56451
56452
56453
56455
56459
56460
56461
56462
56464
56465
56466
56467
56470
56478
56482
56483
56484
56485
56486
56489
56490
56491
56492
56495
56496
56497
56498
56502
56506
56507
56511
56512
56518
56521
56525
56534
56535
56536
56538
56539
56542
56545
56546
56547
56550
56552
56553
56554
56558
56559
56561
56562
56564
56570
56571
56577
56578
56579
56583
56590
56593
56594
56597
56598
56603
56604
56605
56606
56611
56612
56613
56620
56621
56623
56626
56627
56630
56631
56645
56647
56649
56650
56652
56654
56656
56665
56670
56671
56672
56678
56679
56684
56686
56689
56690
56691
56695
56696
56697
56700
56702
56707
56713
56714
56718
56721
56723
56725
56727
56728
56735
56736
56741
56743
56745
56748
56749
56755
56756
56759
56761
56764
56768
56771
56774
56778
56779
56780
56788
56791
56793
56794
56795
56796
56801
56805
56808
56809
56810
56818
56819
56820
56821
56822
56823
56829
56832
56833
56835
56837
56840
56853
56855
56856
56857
56858
56860
56866
56867
56870
56871
56874
56877
56879
56881
56882
56885
56888
56896
56898
56899
56900
56903
56905
56907
56909
56911
56912
56916
56917
56919
56920
56922
56924
56925
56928
56930
56932
56933
56934
56940
56941
56943
56944
56946
56948
56949
56950
56952
56953
56954
56964
56967
56970
56972
56974
56977
56983
56984
56986
56988
56991
56992
56993
56997
56999
57000
57003
57004
57009
57010
57011
57013
57014
57019
57020
57024
57027
57028
57029
57035
57036
57038
57041
57042
57043
57044
57045
57048
57049
57054
57057
57060
57061
57063
57064
57068
57070
57071
57077
57078
57079
57081
57084
57085
57086
57088
57093
57095
57102
57106
57110
57112
57116
57123
57126
57127
57129
57130
57139
57146
57147
57148
57150
57151
57152
57153
57154
57156
57160
57164
57166
57167
57171
57172
57173
57175
57178
57181
57183
57190
57191
57195
57199
57200
57201
57205
57207
57208
57210
57212
57214
57215
57216
57218
57220
57221
57223
57227
57231
57233
57235
57236
57238
57241
57242
57246
57247
57248
57250
57254
57255
57260
57261
57262
57263
57265
57267
57268
57269
57271
57272
57273
57285
57287
57289
57292
57296
57297
57298
57304
57308
57311
57312
57315
57316
57317
57320
57324
57326
57328
57331
57334
57336
57338
57339
57341
57347
57348
57350
57353
57354
57355
57357
57359
57360
57369
57373
57375
57383
57388
57389
57393
57394
57396
57398
57402
57405
57409
57410
57411
57413
57415
57416
57417
57418
57419
57424
57431
57434
57436
57440
57441
57442
57448
57449
57450
57454
57455
57456
57458
57460
57463
57464
57465
57468
57469
57471
57475
57478
57479
57482
57487
57488
57489
57491
57492
57496
57503
57504
57508
57509
57512
57513
57516
57517
57520
57530
57532
57533
57534
57535
57536
57538
57542
57545
57548
57550
57551
57552
57554
57555
57556
57559
57569
57570
57571
57572
57573
57574
57575
57576
57582
57589
57590
57592
57593
57596
57598
57599
57603
57605
57607
57609
57610
57615
57617
57619
57620
57621
57623
57625
57628
57632
57634
57636
57639
57644
57645
57650
57653
57658
57666
57667
57668
57670
57675
57677
57679
57683
57684
57688
57689
57690
57691
57696
57703
57704
57707
57708
57711
57712
57714
57715
57716
57717
57724
57728
57731
57735
57736
57739
57740
57742
57745
57756
57759
57761
57762
57764
57767
57768
57772
57774
57776
57778
57779
57784
57785
57787
57788
57790
57791
57797
57806
57807
57810
57813
57814
57815
57818
57821
57822
57825
57832
57833
57834
57835
57836
57838
57840
57844
57845
57854
57856
57857
57858
57860
57865
57866
57867
57868
57870
57872
57875
57878
57879
57881
57889
57890
57893
57895
57898
57901
57904
57907
57909
57913
57914
57918
57925
57927
57933
57939
57943
57945
57949
57951
57954
57956
57957
57964
57965
57972
57975
57980
57985
57986
57990
57991
57993
57994
57997
57998
58003
58005
58010
58017
58021
58024
58025
58028
58033
58036
58040
58042
58044
58045
58046
58050
58053
58057
58058
58060
58066
58071
58073
58075
58077
58082
58084
58085
58093
58095
58112
58115
58118
58120
58123
58124
58126
58127
58130
58133
58134
58135
58136
58140
58141
58142
58144
58146
58152
58153
58156
58157
58158
58161
58162
58163
58168
58169
58172
58173
58176
58179
58181
58182
58183
58191
58193
58195
58196
58201
58203
58205
58214
58215
58222
58223
58231
58233
58234
58235
58236
58237
58239
58240
58245
58247
58249
58250
58251
58252
58253
58255
58256
58257
58259
58267
58273
58276
58277
58278
58280
58282
58284
58286
58289
58291
58295
58297
58300
58301
58302
58304
58305
58306
58308
58309
58315
58317
58319
58320
58322
58324
58327
58333
58334
58335
58336
58339
58340
58341
58345
58347
58350
58351
58354
58360
58361
58364
58366
58369
58371
58377
58383
58384
58387
58389
58391
58393
58396
58397
58400
58401
58405
58409
58410
58411
58412
58413
58414
58417
58419
58420
58423
58424
58426
58427
58432
58433
58434
58435
58437
58439
58446
58449
58451
58452
58454
58456
58460
58462
58467
58469
58473
58475
58476
58477
58478
58482
58483
58485
58487
58493
58494
58496
58498
58499
58500
58502
58503
58507
58511
58514
58515
58518
58523
58532
58533
58540
58542
58544
58549
58554
58556
58558
58559
58564
58567
58571
58574
58575
58576
58578
58581
58583
58584
58587
58589
58593
58594
58599
58602
58603
58606
58607
58609
58612
58616
58617
58621
58622
58623
58626
58629
58633
58634
58636
58645
58646
58647
58648
58650
58651
58655
58658
58659
58667
58669
58671
58680
58681
58687
58689
58693
58694
58698
58699
58701
58702
58706
58715
58716
58717
58721
58722
58723
58724
58725
58726
58729
58730
58737
58739
58740
58741
58742
58744
58746
58747
58751
58752
58753
58754
58755
58759
58762
58766
58768
58769
58777
58778
58780
58783
58785
58786
58790
58791
58793
58797
58799
58800
58803
58805
58806
58807
58811
58812
58815
58818
58819
58824
58828
58829
58831
58833
58841
58843
58844
58845
58851
58855
58857
58860
58861
58863
58865
58870
58874
58877
58880
58883
58885
58888
58890
58894
58895
58896
58897
58899
58900
58901
58908
58910
58913
58916
58917
58918
58919
58921
58922
58923
58924
58925
58926
58927
58931
58932
58935
58938
58941
58944
58945
58949
58950
58953
58957
58959
58972
58975
58976
58977
58979
58980
58982
58984
58985
58986
58987
58991
58993
58998
59003
59007
59009
59010
59012
59014
59016
59018
59022
59023
59024
59030
59031
59034
59036
59040
59041
59042
59047
59049
59054
59055
59056
59057
59060
59061
59062
59064
59069
59070
59071
59077
59078
59079
59080
59082
59084
59086
59093
59098
59110
59116
59124
59128
59135
59138
59139
59140
59141
59143
59144
59145
59146
59148
59152
59159
59161
59162
59168
59169
59171
59172
59173
59175
59176
59177
59178
59181
59182
59184
59187
59189
59192
59198
59199
59204
59205
59208
59211
59214
59215
59216
59220
59222
59226
59229
59231
59233
59234
59236
59239
59240
59243
59251
59256
59265
59267
59269
59273
59276
59278
59284
59286
59294
59300
59301
59303
59304
59307
59308
59310
59312
59316
59317
59318
59319
59320
59322
59324
59326
59327
59328
59330
59337
59338
59340
59341
59346
59348
59349
59355
59362
59363
59364
59365
59369
59370
59380
59382
59385
59386
59398
59399
59403
59405
59406
59408
59410
59411
59417
59418
59419
59422
59429
59432
59433
59435
59436
59441
59442
59444
59446
59449
59451
59452
59454
59457
59460
59462
59463
59464
59465
59466
59469
59470
59471
59476
59477
59479
59480
59484
59488
59489
59493
59494
59500
59501
59502
59506
59507
59511
59513
59514
59515
59519
59521
59524
59526
59528
59529
59530
59531
59533
59535
59536
59537
59538
59539
59540
59542
59543
59549
59551
59552
59557
59563
59564
59566
59567
59569
59571
59576
59578
59583
59585
59586
59589
59593
59595
59597
59598
59600
59605
59608
59609
59610
59611
59615
59618
59622
59624
59626
59627
59628
59630
59632
59633
59637
59640
59641
59642
59646
59649
59653
59654
59655
59656
59659
59663
59666
59669
59670
59671
59672
59673
59677
59679
59680
59684
59686
59687
59688
59689
59691
59699
59700
59701
59702
59703
59710
59714
59716
59717
59718
59720
59724
59725
59728
59730
59731
59733
59735
59738
59739
59741
59742
59743
59749
59754
59757
59760
59761
59762
59763
59769
59770
59771
59780
59781
59782
59785
59786
59787
59788
59791
59793
59794
59798
59799
59802
59808
59811
59816
59822
59824
59828
59829
59839
59841
59842
59844
59851
59852
59853
59856
59858
59860
59865
59869
59870
59877
59879
59880
59882
59883
59884
59885
59887
59890
59895
59896
59897
59905
59907
59908
59910
59912
59915
59916
59920
59924
59926
59929
59930
59933
59936
59939
59944
59946
59951
59952
59957
59959
59964
59965
59966
59968
59969
59970
59971
59973
59977
59981
59982
59985
59986
59987
59988
59990
59993
59996
59999
60002
60003
60004
60008
60010
60012
60014
60018
60020
60025
60026
60028
60029
60030
60032
60033
60034
60037
60038
60039
60040
60049
60051
60052
60055
60057
60059
60060
60071
60073
60077
60081
60082
60088
60095
60098
60099
60100
60101
60102
60106
60107
60108
60110
60111
60123
60125
60126
60130
60132
60133
60137
60142
60150
60154
60159
60162
60167
60168
60172
60173
60174
60175
60176
60180
60182
60183
60185
60187
60190
60194
60197
60203
60204
60210
60217
60220
60224
60226
60234
60237
60238
60239
60240
60242
60244
60246
60254
60258
60259
60260
60262
60264
60266
60267
60268
60271
60272
60273
60275
60277
60279
60280
60281
60282
60283
60284
60285
60286
60288
60291
60294
60296
60298
60303
60304
60306
60311
60312
60313
60316
60317
60318
60322
60323
60325
60327
60333
60337
60338
60339
60343
60344
60346
60348
60349
60352
60355
60359
60360
60363
60367
60370
60372
60373
60374
60378
60383
60384
60385
60391
60392
60396
60397
60400
60401
60403
60404
60406
60408
60412
60413
60416
60418
60420
60425
60426
60429
60431
60433
60436
60437
60439
60443
60445
60446
60448
60456
60457
60459
60462
60465
60467
60470
60476
60477
60478
60480
60481
60482
60484
60485
60487
60489
60491
60494
60498
60504
60508
60514
60516
60518
60520
60522
60526
60527
60528
60530
60531
60532
60534
60535
60542
60545
60548
60552
60553
60554
60557
60564
60565
60567
60568
60570
60573
60574
60584
60585
60592
60593
60594
60597
60600
60601
60602
60605
60606
60607
60608
60609
60610
60612
60617
60618
60620
60623
60625
60627
60629
60630
60631
60634
60638
60640
60646
60647
60648
60658
60659
60662
60667
60669
60675
60676
60678
60683
60690
60691
60698
60702
60704
60707
60712
60730
60734
60735
60736
60737
60738
60739
60741
60743
60746
60748
60749
60756
60761
60763
60764
60765
60767
60770
60772
60775
60780
60781
60782
60783
60784
60786
60792
60793
60794
60795
60796
60797
60800
60804
60809
60810
60814
60815
60816
60823
60825
60829
60830
60831
60832
60834
60840
60843
60845
60846
60851
60852
60854
60856
60857
60858
60859
60860
60861
60862
60865
60868
60869
60872
60876
60880
60881
60889
60891
60893
60894
60896
60897
60901
60907
60909
60911
60914
60919
60921
60922
60923
60924
60925
60931
60936
60937
60939
60943
60944
60946
60947
60950
60954
60960
60968
60969
60972
60976
60977
60983
60984
60988
60991
60992
60993
60995
60996
60998
61002
61003
61005
61010
61016
61021
61025
61029
61030
61036
61037
61038
61051
61052
61055
61057
61058
61059
61060
61062
61064
61066
61070
61073
61074
61076
61077
61078
61079
61081
61082
61084
61086
61087
61094
61095
61098
61099
61103
61106
61108
61109
61114
61116
61117
61120
61121
61126
61127
61128
61129
61130
61142
61144
61145
61153
61154
61161
61162
61165
61170
61179
61180
61185
61187
61188
61189
61190
61191
61193
61195
61205
61209
61210
61212
61220
61221
61222
61223
61228
61229
61234
61236
61238
61240
61243
61245
61247
61250
61252
61254
61261
61263
61264
61265
61267
61269
61273
61274
61276
61281
61282
61284
61295
61303
61305
61309
61310
61312
61315
61316
61320
61324
61325
61326
61331
61336
61337
61338
61341
61342
61354
61356
61358
61364
61367
61368
61369
61370
61375
61377
61378
61383
61384
61386
61387
61388
61389
61391
61396
61400
61401
61405
61406
61407
61409
61410
61411
61412
61413
61415
61417
61429
61431
61432
61433
61435
61436
61438
61441
61442
61443
61444
61446
61448
61449
61450
61452
61453
61457
61461
61462
61463
61464
61468
61471
61473
61476
61478
61479
61483
61485
61487
61493
61494
61496
61499
61500
61501
61503
61507
61520
61521
61522
61527
61528
61536
61542
61543
61544
61545
61551
61552
61558
61564
61566
61568
61569
61570
61571
61574
61576
61580
61582
61583
61584
61594
61596
61597
61598
61601
61604
61607
61608
61610
61613
61617
61619
61620
61622
61625
61628
61635
61636
61643
61644
61646
61659
61660
61670
61671
61672
61674
61676
61678
61679
61682
61683
61684
61685
61686
61688
61689
61694
61695
61696
61698
61702
61703
61709
61710
61713
61716
61719
61726
61730
61732
61738
61741
61745
61748
61752
61757
61758
61759
61762
61763
61764
61766
61767
61768
61769
61772
61774
61775
61778
61779
61781
61782
61784
61789
61791
61794
61798
61801
61802
61805
61806
61809
61816
61818
61819
61822
61824
61826
61829
61834
61835
61837
61841
61846
61853
61854
61857
61862
61864
61865
61869
61872
61875
61876
61878
61879
61885
61889
61890
61894
61895
61899
61903
61905
61906
61908
61910
61911
61912
61913
61920
61921
61924
61925
61928
61930
61932
61933
61934
61936
61937
61939
61942
61946
61948
61950
61952
61955
61958
61961
61964
61965
61966
61967
61971
61973
61974
61979
61980
61987
61988
61995
61996
61999
62002
62003
62020
62023
62024
62029
62030
62032
62039
62041
62042
62043
62047
62049
62050
62052
62056
62057
62059
62061
62062
62065
62067
62068
62069
62070
62072
62073
62077
62078
62094
62095
62096
62097
62109
62111
62112
62115
62116
62127
62129
62130
62131
62133
62134
62137
62138
62141
62143
62148
62149
62151
62153
62156
62158
62162
62165
62173
62178
62179
62180
62181
62182
62183
62189
62194
62195
62196
62197
62198
62200
62205
62207
62208
62210
62215
62217
62219
62221
62222
62225
62227
62234
62236
62238
62239
62243
62244
62247
62249
62250
62251
62253
62254
62255
62256
62257
62259
62262
62264
62266
62267
62268
62269
62277
62278
62282
62283
62284
62285
62290
62293
62296
62297
62302
62305
62306
62312
62314
62316
62317
62321
62323
62325
62327
62329
62332
62335
62337
62338
62345
62346
62349
62350
62351
62352
62356
62357
62358
62360
62364
62366
62368
62369
62371
62372
62373
62377
62378
62380
62381
62385
62390
62392
62398
62404
62406
62409
62411
62413
62414
62417
62420
62422
62423
62428
62432
62436
62438
62441
62444
62446
62447
62449
62452
62453
62454
62456
62460
62462
62463
62464
62465
62466
62471
62473
62475
62487
62489
62491
62492
62494
62499
62501
62502
62507
62509
62512
62513
62515
62517
62518
62520
62525
62530
62531
62532
62533
62536
62537
62538
62543
62544
62547
62549
62550
62553
62557
62558
62563
62568
62569
62579
62586
62595
62596
62605
62610
62614
62618
62620
62624
62626
62627
62631
62633
62634
62638
62639
62640
62643
62644
62654
62655
62658
62667
62671
62673
62675
62678
62683
62685
62686
62687
62689
62691
62693
62695
62696
62697
62699
62700
62709
62711
62719
62720
62723
62724
62727
62728
62732
62737
62740
62744
62746
62748
62751
62752
62755
62756
62758
62760
62762
62764
62766
62770
62771
62772
62774
62776
62778
62780
62784
62785
62788
62791
62797
62803
62805
62807
62808
62810
62811
62812
62813
62814
62815
62819
62820
62825
62829
62833
62834
62836
62837
62839
62841
62842
62843
62844
62847
62852
62853
62860
62862
62863
62864
62865
62866
62867
62868
62871
62872
62874
62875
62877
62879
62882
62883
62884
62885
62899
62900
62907
62910
62912
62914
62916
62919
62920
62923
62929
62930
62932
62938
62941
62943
62944
62948
62951
62957
62958
62959
62963
62966
62971
62974
62977
62979
62980
62982
62984
62985
62988
62989
62991
62992
63001
63003
63004
63005
63008
63011
63012
63013
63020
63021
63026
63032
63034
63037
63038
63043
63046
63047
63049
63050
63051
63056
63057
63060
63062
63066
63067
63069
63073
63079
63081
63083
63084
63090
63092
63094
63098
63099
63100
63106
63108
63113
63114
63115
63116
63117
63118
63119
63125
63126
63128
63130
63139
63141
63142
63144
63145
63148
63149
63151
63152
63153
63157
63161
63164
63165
63167
63169
63170
63173
63174
63175
63180
63182
63186
63187
63189
63192
63193
63196
63202
63204
63219
63227
63228
63230
63232
63233
63234
63239
63244
63245
63248
63249
63250
63256
63257
63258
63259
63261
63262
63265
63266
63272
63276
63277
63278
63279
63280
63281
63282
63285
63286
63289
63297
63298
63303
63304
63307
63310
63312
63320
63321
63325
63326
63328
63330
63335
63337
63338
63339
63346
63350
63352
63354
63356
63359
63361
63365
63367
63368
63370
63375
63377
63378
63381
63386
63387
63391
63393
63396
63397
63403
63412
63415
63421
63423
63429
63434
63437
63442
63447
63450
63452
63453
63458
63462
63464
63469
63471
63476
63478
63479
63489
63492
63495
63499
63501
63504
63505
63506
63511
63516
63520
63521
63522
63523
63527
63532
63536
63537
63541
63544
63548
63549
63551
63553
63554
63558
63559
63561
63562
63566
63568
63569
63570
63572
63575
63576
63578
63584
63593
63596
63597
63603
63605
63606
63607
63608
63611
63612
63616
63619
63624
63625
63629
63630
63631
63636
63645
63649
63653
63656
63659
63660
63661
63666
63667
63669
63670
63673
63680
63681
63682
63683
63687
63688
63697
63698
63702
63704
63711
63714
63718
63723
63727
63728
63730
63731
63734
63735
63736
63738
63741
63742
63745
63746
63749
63751
63754
63755
63757
63760
63764
63768
63770
63781
63788
63792
63793
63795
63799
63802
63809
63810
63815
63818
63821
63824
63829
63834
63835
63840
63841
63844
63845
63847
63850
63851
63852
63853
63854
63855
63858
63866
63868
63869
63871
63872
63873
63874
63878
63880
63881
63882
63885
63886
63888
63890
63893
63897
63898
63905
63906
63908
63910
63914
63917
63923
63927
63929
63930
63932
63933
63935
63938
63941
63945
63946
63954
63955
63957
63960
63961
63967
63974
63977
63979
63980
63981
63982
63985
63990
63996
63998
64000
64004
64005
64006
64009
64013
64016
64017
64021
64023
64024
64028
64029
64037
64041
64042
64043
64044
64045
64046
64048
64049
64053
64054
64055
64056
64057
64060
64063
64064
64069
64070
64071
64073
64074
64075
64084
64086
64087
64088
64089
64090
64094
64101
64102
64111
64121
64123
64127
64130
64132
64133
64138
64139
64142
64145
64146
64155
64157
64160
64164
64166
64168
64173
64174
64179
64181
64182
64183
64185
64187
64191
64192
64198
64201
64202
64203
64204
64206
64207
64208
64210
64211
64214
64215
64219
64226
64227
64230
64234
64239
64242
64245
64247
64251
64253
64257
64258
64261
64264
64266
64268
64269
64273
64285
64288
64289
64291
64294
64295
64297
64298
64303
64307
64312
64313
64314
64315
64316
64319
64326
64331
64333
64335
64338
64340
64342
64345
64349
64351
64355
64358
64360
64362
64370
64374
64375
64376
64379
64381
64387
64391
64392
64395
64396
64399
64401
64403
64405
64406
64416
64419
64421
64422
64423
64424
64425
64431
64433
64434
64441
64445
64446
64447
64448
64449
64454
64455
64456
64460
64462
64463
64464
64467
64471
64475
64476
64478
64479
64482
64483
64484
64485
64486
64489
64491
64495
64496
64498
64500
64507
64508
64509
64512
64513
64515
64522
64525
64528
64531
64535
64538
64541
64543
64547
64550
64554
64555
64556
64557
64558
64559
64560
64561
64562
64575
64578
64583
64585
64589
64591
64595
64596
64599
64604
64605
64606
64608
64611
64614
64615
64616
64619
64622
64623
64624
64629
64633
64635
64636
64638
64640
64647
64650
64651
64653
64654
64655
64661
64663
64673
64675
64679
64681
64682
64684
64686
64688
64689
64690
64691
64692
64694
64696
64697
64700
64702
64706
64707
64708
64710
64711
64713
64718
64719
64721
64723
64726
64732
64734
64735
64742
64745
64746
64748
64753
64756
64758
64759
64761
64763
64773
64775
64778
64779
64780
64781
64784
64785
64792
64794
64798
64802
64804
64808
64810
64811
64812
64813
64815
64816
64818
64831
64832
64833
64835
64836
64838
64846
64849
64850
64851
64867
64872
64874
64882
64883
64886
64888
64889
64891
64901
64903
64904
64905
64906
64908
64910
64912
64913
64914
64915
64917
64918
64919
64927
64928
64935
64941
64944
64945
64948
64949
64951
64952
64955
64958
64959
64965
64970
64971
64975
64983
64985
64990
64992
65001
65005
65006
65010
65013
65015
65017
65018
65021
65025
65026
65027
65030
65031
65035
65039
65041
65042
65046
65052
65054
65056
65057
65058
65059
65060
65062
65063
65064
65065
65067
65077
65079
65081
65085
65086
65088
65092
65094
65096
65098
65100
65103
65109
65111
65112
65118
65119
65121
65125
65131
65132
65136
65139
65141
65146
65147
65150
65151
65157
65164
65171
65177
65181
65183
65184
65196
65199
65201
65205
65208
65217
65219
65226
65229
65230
65234
65240
65244
65245
65250
65251
65252
65254
65256
65257
65259
65260
65265
65267
65269
65272
65275
65276
65277
65278
65279
65286
65289
65297
65298
65304
65305
65306
65307
65308
65312
65313
65316
65317
65318
65319
65320
65322
65326
65332
65334
65335
65337
65341
65342
65356
65358
65360
65362
65363
65367
65373
65384
65385
65388
65390
65393
65395
65396
65399
65402
65403
65405
65406
65411
65413
65414
65417
65418
65425
65426
65427
65430
65434
65435
65439
65444
65445
65446
65450
65454
65455
65459
65463
65464
65465
65466
65467
65469
65471
65473
65478
65482
65486
65488
65489
65491
65495
65496
65498
65500
65502
65505
65506
65507
65510
65511
65514
65523
65524
65528
65529
65531
65534
65535
65538
65543
65546
65550
65552
65554
65555
65560
65580
65581
65582
65584
65585
65588
65589
65590
65592
65593
65596
65597
65598
65602
65603
65604
65605
65610
65611
65614
65618
65619
65621
65623
65625
65630
65631
65637
65641
65645
65646
65648
65649
65652
65654
65655
65659
65663
65666
65667
65675
65678
65681
65684
65686
65690
65702
65704
65706
65708
65709
65710
65711
65713
65714
65721
65731
65736
65737
65738
65744
65749
65751
65753
65755
65756
65757
65759
65761
65762
65763
65765
65768
65769
65771
65773
65774
65777
65786
65787
65789
65790
65792
65794
65796
65801
65802
65804
65806
65810
65812
65814
65818
65821
65823
65824
65826
65827
65828
65831
65832
65833
65835
65838
65841
65848
65850
65851
65856
65861
65863
65864
65867
65870
65873
65876
65877
65878
65880
65881
65882
65883
65884
65885
65886
65889
65892
65894
65899
65900
65901
65902
65903
65904
65905
65906
65909
65910
65915
65916
65917
65918
65921
65928
65930
65932
65937
65940
65941
65949
65950
65951
65954
65959
65960
65961
65964
65971
65972
65973
65975
65978
65981
65982
65985
65986
65990
65993
65995
66000
66005
66006
66007
66011
66013
66015
66018
66026
66027
66029
66034
66038
66039
66041
66043
66046
66050
66052
66053
66054
66058
66061
66062
66064
66070
66072
66073
66074
66084
66086
66089
66098
66099
66100
66101
66119
66120
66125
66126
66133
66134
66138
66140
66151
66153
66157
66163
66167
66168
66169
66170
66171
66181
66183
66184
66185
66186
66191
66193
66196
66199
66201
66202
66203
66207
66208
66214
66215
66216
66217
66225
66228
66229
66230
66231
66232
66233
66239
66240
66241
66242
66244
66246
66248
66249
66251
66254
66260
66261
66263
66264
66265
66268
66269
66270
66271
66273
66276
66277
66282
66287
66289
66291
66293
66294
66298
66299
66300
66306
66309
66314
66315
66316
66317
66319
66320
66322
66323
66324
66325
66328
66329
66332
66335
66336
66337
66339
66347
66348
66349
66350
66351
66353
66363
66364
66365
66366
66367
66369
66373
66376
66380
66384
66385
66389
66390
66391
66394
66396
66401
66402
66406
66407
66419
66420
66421
66425
66426
66428
66432
66438
66441
66443
66444
66445
66446
66447
66449
66452
66454
66457
66459
66460
66469
66470
66472
66473
66477
66480
66481
66485
66488
66494
66496
66499
66504
66505
66507
66508
66510
66516
66517
66522
66523
66524
66528
66532
66533
66534
66535
66536
66537
66538
66541
66543
66544
66547
66555
66558
66559
66560
66561
66562
66563
66569
66571
66575
66576
66577
66579
66580
66583
66584
66586
66590
66591
66592
66599
66600
66605
66608
66612
66614
66615
66622
66623
66624
66631
66633
66636
66637
66641
66642
66644
66646
66649
66657
66658
66659
66660
66664
66668
66671
66679
66680
66682
66683
66685
66687
66690
66691
66692
66694
66696
66702
66706
66708
66710
66713
66726
66729
66730
66733
66739
66744
66751
66754
66755
66756
66757
66758
66759
66760
66761
66762
66768
66771
66773
66775
66776
66778
66779
66783
66786
66788
66789
66793
66797
66798
66809
66811
66814
66820
66821
66822
66825
66826
66828
66835
66845
66846
66848
66850
66854
66855
66858
66860
66861
66862
66867
66868
66869
66870
66877
66879
66880
66882
66885
66886
66890
66899
66900
66903
66904
66913
66917
66925
66926
66932
66938
66939
66943
66945
66946
66949
66951
66953
66958
66959
66962
66963
66967
66969
66971
66973
66974
66975
66976
66978
66979
66982
66983
66988
66990
66993
66994
66997
67002
67006
67008
67012
67013
67014
67016
67017
67022
67023
67025
67029
67033
67037
67038
67039
67042
67044
67046
67048
67052
67053
67061
67065
67068
67069
67070
67072
67079
67081
67083
67085
67088
67089
67093
67095
67096
67097
67099
67100
67105
67112
67114
67115
67119
67121
67126
67127
67129
67133
67134
67138
67139
67140
67149
67150
67157
67159
67160
67165
67167
67172
67174
67184
67185
67187
67190
67194
67198
67200
67208
67209
67210
67211
67212
67220
67226
67228
67230
67231
67234
67235
67236
67238
67247
67251
67257
67260
67262
67263
67265
67266
67267
67268
67269
67272
67275
67279
67283
67284
67285
67287
67290
67291
67297
67306
67307
67313
67315
67317
67322
67328
67330
67332
67334
67338
67340
67345
67347
67355
67356
67358
67360
67362
67365
67366
67368
67372
67373
67374
67375
67380
67382
67383
67384
67387
67388
67389
67398
67399
67406
67407
67409
67411
67418
67422
67425
67428
67432
67433
67436
67442
67443
67444
67446
67448
67455
67456
67463
67464
67467
67468
67475
67479
67480
67484
67486
67488
67489
67491
67494
67499
67503
67504
67518
67521
67524
67525
67526
67528
67531
67533
67534
67536
67537
67538
67539
67541
67543
67546
67547
67548
67549
67555
67557
67558
67561
67562
67563
67571
67572
67577
67584
67585
67586
67590
67592
67593
67594
67597
67599
67600
67601
67603
67605
67607
67617
67618
67619
67623
67627
67630
67631
67635
67639
67649
67650
67651
67654
67663
67666
67668
67670
67673
67677
67678
67680
67681
67689
67690
67704
67707
67708
67710
67715
67724
67725
67729
67735
67739
67740
67741
67745
67747
67750
67752
67754
67756
67757
67759
67761
67764
67766
67769
67772
67773
67774
67775
67779
67785
67797
67798
67802
67804
67806
67807
67816
67819
67821
67822
67828
67838
67840
67842
67845
67850
67854
67856
67857
67863
67868
67871
67872
67885
67886
67887
67892
67894
67896
67897
67913
67915
67916
67917
67920
67921
67923
67926
67929
67931
67933
67940
67943
67946
67949
67951
67955
67958
67959
67960
67961
67962
67963
67964
67968
67973
67976
67978
67981
67988
67990
67994
68005
68007
68015
68017
68019
68022
68024
68029
68033
68036
68037
68041
68042
68044
68045
68052
68053
68055
68056
68064
68066
68069
68075
68076
68080
68084
68086
68093
68094
68096
68097
68098
68099
68105
68111
68113
68118
68123
68125
68126
68127
68133
68140
68142
68143
68144
68145
68146
68149
68151
68153
68159
68160
68163
68165
68173
68184
68189
68192
68194
68197
68203
68208
68218
68222
68226
68228
68229
68230
68236
68242
68243
68251
68252
68254
68255
68259
68267
68269
68276
68277
68279
68282
68285
68291
68294
68297
68298
68300
68301
68304
68308
68310
68312
68313
68314
68323
68327
68328
68330
68333
68335
68336
68338
68345
68346
68348
68349
68350
68353
68354
68355
68359
68360
68362
68367
68369
68376
68386
68387
68390
68394
68395
68396
68402
68403
68405
68406
68410
68411
68414
68417
68418
68422
68426
68429
68430
68434
68437
68438
68445
68446
68453
68457
68458
68459
68460
68461
68463
68464
68467
68470
68473
68476
68477
68478
68482
68486
68490
68494
68495
68498
68502
68508
68509
68525
68526
68527
68531
68534
68538
68544
68549
68550
68553
68555
68558
68560
68561
68565
68567
68568
68569
68572
68574
68578
68583
68586
68589
68598
68600
68605
68608
68612
68615
68620
68621
68626
68628
68631
68632
68637
68639
68641
68647
68648
68652
68654
68656
68657
68659
68667
68668
68672
68677
68681
68689
68692
68695
68698
68701
68707
68710
68711
68712
68716
68720
68721
68724
68725
68727
68728
68731
68733
68735
68737
68739
68741
68742
68745
68754
68755
68763
68764
68765
68767
68768
68769
68772
68773
68777
68783
68792
68796
68797
68802
68803
68804
68806
68810
68813
68822
68826
68829
68831
68832
68835
68838
68844
68845
68848
68852
68853
68857
68868
68872
68873
68875
68876
68883
68884
68887
68890
68891
68894
68895
68901
68904
68910
68914
68917
68918
68919
68920
68921
68924
68925
68926
68930
68931
68935
68936
68937
68938
68940
68941
68943
68944
68947
68948
68950
68954
68956
68957
68959
68962
68964
68966
68967
68972
68974
68978
68981
68982
68988
68990
68998
69001
69004
69006
69009
69013
69014
69017
69018
69022
69024
69031
69032
69033
69035
69039
69041
69044
69046
69047
69050
69052
69054
69058
69059
69061
69062
69063
69071
69072
69074
69075
69077
69078
69081
69083
69084
69087
69089
69091
69095
69104
69109
69112
69114
69117
69118
69122
69124
69126
69130
69134
69136
69137
69140
69141
69143
69146
69147
69160
69162
69163
69167
69173
69180
69181
69182
69184
69191
69193
69197
69201
69202
69203
69207
69208
69211
69218
69220
69226
69231
69232
69234
69236
69239
69243
69245
69249
69251
69254
69255
69258
69264
69265
69267
69268
69270
69274
69275
69276
69282
69285
69287
69292
69294
69295
69297
69298
69303
69305
69312
69315
69320
69321
69325
69329
69330
69331
69332
69334
69335
69336
69337
69343
69344
69345
69346
69350
69351
69352
69354
69355
69357
69358
69359
69361
69368
69369
69371
69375
69376
69377
69382
69384
69385
69386
69388
69393
69397
69398
69400
69402
69404
69406
69407
69408
69413
69416
69422
69424
69426
69429
69430
69431
69436
69437
69439
69441
69443
69446
69449
69451
69452
69454
69455
69458
69464
69466
69471
69472
69473
69475
69478
69480
69484
69485
69486
69496
69497
69499
69501
69504
69505
69507
69508
69515
69516
69517
69518
69521
69525
69526
69532
69533
69539
69540
69541
69544
69551
69555
69561
69563
69566
69567
69568
69569
69574
69577
69578
69579
69582
69583
69584
69585
69587
69590
69592
69595
69599
69604
69606
69609
69612
69615
69616
69619
69625
69628
69629
69631
69632
69633
69635
69636
69640
69642
69644
69645
69652
69653
69658
69659
69660
69661
69665
69668
69684
69685
69687
69692
69693
69694
69695
69696
69697
69702
69703
69707
69709
69710
69717
69720
69725
69727
69729
69730
69735
69736
69740
69743
69747
69752
69760
69761
69762
69764
69768
69770
69772
69777
69784
69788
69798
69800
69805
69808
69810
69812
69814
69815
69820
69824
69829
69831
69832
69833
69843
69847
69849
69851
69854
69859
69861
69862
69863
69865
69874
69882
69884
69886
69889
69890
69891
69892
69897
69898
69900
69905
69906
69907
69911
69914
69916
69917
69919
69921
69922
69923
69928
69929
69931
69933
69937
69938
69940
69945
69947
69957
69958
69961
69964
69966
69968
69970
69976
69983
69984
69987
69990
69994
70003
70005
70007
70008
70010
70011
70012
70013
70020
70022
70023
70024
70027
70032
70040
70042
70046
70049
70051
70059
70062
70068
70069
70074
70076
70080
70081
70085
70091
70092
70093
70094
70097
70104
70106
70110
70112
70113
70114
70116
70118
70123
70126
70128
70136
70137
70139
70141
70147
70150
70151
70152
70153
70155
70157
70160
70161
70164
70172
70174
70175
70182
70186
70190
70193
70197
70203
70204
70205
70206
70212
70216
70217
70221
70224
70226
70227
70229
70233
70243
70244
70246
70247
70248
70254
70255
70260
70261
70266
70267
70270
70271
70275
70278
70282
70289
70290
70292
70294
70304
70307
70309
70312
70313
70316
70318
70319
70320
70321
70322
70324
70328
70335
70337
70338
70340
70341
70342
70344
70345
70346
70347
70349
70350
70365
70371
70376
70381
70383
70385
70388
70389
70391
70392
70402
70408
70409
70410
70414
70416
70426
70431
70433
70434
70440
70441
70446
70448
70450
70452
70454
70457
70458
70463
70468
70472
70473
70479
70481
70482
70485
70489
70494
70496
70499
70500
70502
70505
70506
70512
70513
70514
70515
70517
70518
70520
70521
70522
70523
70524
70527
70528
70532
70533
70534
70536
70542
70543
70544
70545
70546
70547
70552
70554
70556
70558
70560
70561
70563
70564
70567
70568
70573
70574
70575
70582
70583
70585
70586
70590
70594
70595
70596
70611
70615
70617
70618
70620
70621
70625
70626
70629
70637
70641
70642
70643
70644
70647
70649
70663
70664
70665
70667
70674
70680
70684
70694
70697
70698
70700
70701
70703
70712
70714
70721
70723
70724
70726
70728
70730
70733
70735
70740
70742
70743
70747
70749
70754
70755
70757
70758
70760
70761
70765
70767
70768
70770
70773
70776
70791
70794
70795
70797
70798
70800
70803
70804
70807
70809
70814
70817
70818
70820
70821
70822
70824
70825
70827
70833
70835
70838
70842
70844
70845
70848
70855
70857
70861
70863
70864
70874
70875
70879
70883
70884
70885
70886
70887
70888
70893
70894
70896
70898
70899
70901
70920
70921
70922
70927
70928
70932
70933
70936
70942
70943
70944
70946
70948
70950
70953
70960
70964
70965
70974
70975
70977
70981
70982
70984
70986
70988
70993
70996
71000
71003
71005
71006
71008
71015
71017
71018
71019
71022
71026
71029
71042
71046
71049
71052
71053
71060
71061
71062
71063
71065
71066
71068
71072
71073
71075
71080
71084
71088
71090
71091
71092
71093
71094
71097
71100
71101
71102
71103
71107
71108
71110
71113
71114
71122
71126
71127
71128
71133
71139
71141
71142
71144
71145
71147
71152
71158
71159
71160
71163
71164
71168
71174
71179
71180
71183
71185
71187
71188
71194
71196
71208
71209
71213
71214
71218
71219
71220
71221
71223
71230
71231
71238
71240
71242
71244
71247
71248
71249
71252
71253
71257
71259
71261
71264
71266
71274
71282
71285
71290
71293
71294
71296
71297
71299
71300
71301
71309
71314
71316
71320
71323
71327
71328
71330
71334
71335
71336
71354
71359
71365
71366
71368
71369
71370
71374
71376
71377
71380
71381
71385
71387
71391
71399
71404
71405
71406
71408
71411
71415
71419
71422
71428
71432
71433
71440
71443
71446
71447
71448
71449
71451
71452
71453
71457
71458
71460
71462
71463
71464
71466
71471
71474
71479
71483
71486
71491
71492
71494
71495
71497
71501
71503
71505
71507
71508
71511
71512
71514
71515
71516
71520
71521
71522
71528
71533
71534
71539
71540
71545
71548
71551
71553
71555
71556
71563
71564
71565
71568
71570
71572
71575
71576
71577
71585
71590
71592
71593
71595
71597
71598
71599
71601
71603
71604
71613
71617
71623
71626
71630
71632
71633
71634
71639
71642
71643
71647
71651
71652
71653
71655
71656
71658
71659
71660
71662
71672
71674
71678
71679
71681
71685
71686
71690
71692
71695
71710
71711
71712
71715
71717
71720
71723
71725
71730
71741
71743
71749
71750
71755
71756
71760
71761
71762
71764
71766
71767
71770
71771
71774
71777
71778
71782
71786
71789
71796
71798
71802
71805
71808
71813
71814
71824
71831
71832
71836
71838
71854
71855
71859
71862
71865
71866
71874
71875
71876
71877
71878
71881
71884
71888
71896
71899
71901
71903
71905
71911
71914
71915
71921
71923
71924
71925
71927
71928
71930
71933
71934
71939
71942
71943
71944
71946
71952
71959
71960
71963
71967
71970
71973
71974
71978
71979
71980
71982
71988
71998
71999
72000
72002
72007
72008
72009
72010
72012
72017
72018
72020
72022
72026
72034
72039
72040
72043
72045
72046
72049
72052
72053
72054
72063
72066
72067
72072
72075
72076
72079
72082
72084
72090
72091
72096
72097
72098
72101
72103
72105
72107
72108
72110
72115
72116
72119
72120
72123
72128
72133
72139
72141
72144
72149
72150
72152
72154
72155
72156
72158
72160
72172
72181
72182
72184
72185
72186
72187
72188
72198
72203
72208
72212
72213
72216
72218
72220
72221
72224
72225
72230
72240
72243
72244
72245
72247
72248
72249
72253
72255
72256
72257
72264
72265
72272
72276
72277
72280
72281
72285
72286
72288
72298
72308
72310
72312
72314
72315
72318
72322
72326
72328
72343
72345
72346
72347
72348
72350
72360
72361
72364
72365
72371
72378
72381
72384
72385
72390
72393
72396
72398
72402
72403
72405
72410
72413
72414
72419
72427
72431
72442
72443
72444
72448
72452
72454
72455
72461
72464
72470
72472
72473
72479
72483
72485
72490
72493
72500
72503
72504
72510
72514
72518
72526
72527
72530
72531
72537
72541
72543
72547
72549
72550
72553
72556
72559
72567
72569
72571
72579
72586
72589
72594
72595
72597
72606
72607
72611
72613
72619
72620
72624
72626
72630
72631
72632
72634
72635
72636
72637
72639
72645
72646
72653
72657
72667
72669
72670
72674
72676
72677
72681
72682
72691
72694
72697
72699
72707
72708
72710
72711
72713
72716
72717
72719
72720
72724
72726
72727
72729
72731
72735
72741
72745
72749
72751
72754
72755
72756
72757
72759
72762
72766
72768
72772
72776
72780
72781
72782
72783
72786
72787
72790
72791
72792
72796
72800
72803
72805
72809
72812
72814
72817
72826
72833
72836
72837
72838
72840
72854
72855
72858
72859
72861
72867
72868
72869
72870
72873
72874
72875
72878
72879
72883
72884
72885
72887
72906
72909
72910
72911
72916
72917
72918
72921
72924
72934
72938
72940
72943
72948
72954
72958
72960
72963
72964
72965
72966
72967
72968
72980
72981
72984
72987
72996
72998
73005
73009
73013
73014
73016
73017
73019
73022
73029
73032
73033
73034
73038
73046
73047
73048
73054
73055
73057
73058
73059
73067
73068
73073
73074
73078
73081
73087
73089
73092
73093
73097
73102
73106
73110
73111
73113
73114
73116
73117
73118
73119
73120
73123
73127
73129
73130
73135
73139
73141
73145
73146
73150
73152
73157
73160
73161
73162
73165
73167
73170
73171
73172
73173
73174
73178
73179
73180
73182
73187
73193
73194
73197
73201
73202
73204
73206
73207
73209
73211
73213
73215
73219
73220
73223
73227
73232
73234
73236
73237
73240
73241
73246
73250
73255
73260
73261
73262
73265
73267
73272
73279
73280
73285
73288
73289
73292
73293
73294
73299
73302
73304
73307
73308
73313
73314
73315
73316
73318
73331
73335
73336
73341
73342
73343
73345
73350
73355
73356
73360
73361
73377
73381
73382
73387
73391
73397
73399
73401
73403
73404
73405
73406
73412
73413
73414
73415
73416
73418
73421
73424
73425
73427
73431
73433
73435
73437
73440
73442
73447
73451
73453
73455
73457
73458
73461
73463
73470
73472
73477
73481
73484
73486
73489
73492
73495
73501
73502
73503
73504
73507
73508
73516
73520
73524
73531
73532
73533
73535
73536
73541
73544
73546
73547
73549
73550
73555
73560
73561
73566
73573
73574
73575
73577
73580
73589
73595
73596
73598
73602
73606
73610
73612
73613
73619
73620
73621
73623
73624
73627
73634
73635
73640
73643
73647
73654
73660
73661
73666
73671
73673
73675
73676
73677
73678
73681
73682
73688
73690
73691
73693
73695
73696
73699
73705
73707
73709
73720
73723
73732
73743
73744
73749
73752
73755
73756
73758
73761
73778
73779
73781
73784
73786
73788
73789
73791
73792
73794
73801
73802
73803
73804
73814
73815
73819
73820
73825
73828
73830
73833
73835
73840
73846
73858
73859
73860
73863
73867
73868
73869
73870
73872
73873
73874
73875
73879
73883
73887
73892
73893
73896
73898
73900
73908
73909
73913
73916
73922
73923
73930
73940
73941
73944
73946
73948
73950
73951
73952
73956
73957
73959
73963
73965
73966
73968
73971
73972
73974
73975
73976
73977
73982
73992
73995
73998
74001
74004
74006
74011
74012
74018
74027
74031
74034
74039
74041
74042
74047
74048
74050
74054
74055
74056
74062
74063
74069
74071
74075
74081
74082
74088
74089
74094
74096
74098
74100
74104
74105
74106
74107
74110
74111
74112
74117
74120
74128
74131
74133
74135
74137
74139
74140
74145
74150
74151
74152
74153
74159
74161
74162
74163
74168
74176
74177
74179
74182
74183
74189
74193
74194
74197
74201
74202
74203
74204
74211
74216
74221
74223
74224
74225
74229
74230
74235
74236
74238
74239
74240
74241
74243
74250
74252
74254
74263
74268
74270
74282
74286
74291
74298
74302
74304
74307
74308
74314
74319
74320
74321
74322
74324
74325
74327
74328
74330
74336
74345
74350
74353
74355
74357
74359
74361
74363
74366
74374
74376
74381
74383
74385
74386
74391
74397
74399
74401
74402
74404
74420
74423
74430
74441
74443
74444
74449
74451
74455
74457
74464
74468
74470
74477
74483
74484
74486
74487
74488
74489
74493
74498
74501
74504
74505
74506
74509
74515
74520
74525
74526
74528
74533
74537
74542
74544
74550
74553
74554
74556
74558
74562
74565
74568
74571
74574
74577
74579
74580
74581
74587
74591
74593
74596
74599
74602
74604
74609
74612
74614
74626
74634
74636
74641
74643
74644
74647
74648
74649
74652
74653
74656
74661
74667
74669
74670
74671
74680
74681
74686
74687
74688
74689
74691
74697
74701
74708
74710
74713
74715
74716
74717
74718
74720
74724
74725
74726
74728
74730
74731
74734
74735
74736
74743
74749
74750
74751
74755
74756
74757
74762
74767
74770
74773
74775
74777
74781
74782
74784
74789
74793
74794
74799
74801
74803
74804
74807
74808
74811
74814
74817
74818
74831
74833
74834
74839
74840
74843
74849
74852
74854
74860
74863
74864
74872
74876
74877
74885
74895
74897
74902
74903
74907
74909
74911
74913
74921
74922
74923
74924
74927
74931
74936
74939
74940
74944
74945
74946
74956
74958
74959
74961
74963
74966
74967
74970
74979
74986
74988
74990
74991
74992
74993
74994
74995
74996
75000
75003
75007
75008
75012
75014
75015
75017
75021
75026
75027
75028
75032
75033
75035
75037
75038
75040
75048
75049
75051
75054
75058
75062
75066
75068
75072
75079
75081
75085
75087
75088
75089
75102
75103
75104
75105
75106
75108
75110
75115
75117
75121
75122
75123
75125
75129
75130
75131
75135
75136
75139
75140
75143
75150
75151
75152
75166
75174
75175
75177
75178
75179
75180
75182
75183
75185
75188
75189
75190
75196
75197
75200
75203
75204
75207
75219
75220
75222
75223
75230
75232
75235
75237
75243
75246
75248
75249
75257
75258
75259
75260
75261
75264
75265
75266
75267
75269
75275
75276
75279
75281
75282
75290
75293
75297
75305
75307
75308
75310
75311
75314
75317
75318
75320
75323
75324
75326
75327
75328
75330
75335
75336
75337
75338
75339
75340
75342
75343
75345
75352
75354
75355
75357
75361
75362
75364
75366
75370
75371
75372
75375
75379
75380
75381
75389
75391
75395
75396
75398
75400
75401
75404
75415
75419
75420
75422
75425
75426
75429
75431
75432
75433
75438
75440
75446
75447
75449
75452
75454
75457
75458
75461
75462
75463
75465
75468
75469
75471
75475
75477
75478
75486
75489
75490
75491
75492
75493
75494
75495
75496
75499
75502
75503
75504
75505
75506
75507
75509
75512
75515
75516
75519
75520
75527
75528
75530
75541
75544
75545
75548
75549
75555
75556
75557
75558
75561
75579
75580
75581
75583
75586
75587
75592
75593
75599
75600
75601
75604
75605
75606
75608
75613
75618
75620
75622
75625
75626
75627
75629
75634
75637
75639
75644
75649
75652
75655
75656
75657
75658
75672
75673
75674
75685
75689
75690
75693
75699
75701
75702
75705
75707
75711
75713
75714
75715
75716
75720
75721
75724
75725
75739
75740
75741
75745
75746
75751
75759
75761
75766
75767
75771
75774
75776
75778
75789
75792
75793
75800
75804
75809
75810
75812
75814
75815
75829
75830
75833
75835
75838
75843
75848
75851
75853
75855
75858
75860
75862
75864
75865
75874
75878
75879
75880
75881
75882
75884
75889
75896
75897
75899
75900
75907
75918
75920
75921
75925
75927
75931
75936
75955
75958
75959
75964
75966
75971
75973
75977
75987
75989
75994
76002
76006
76008
76015
76018
76029
76033
76035
76037
76039
76040
76045
76046
76048
76049
76050
76052
76056
76058
76063
76064
76066
76067
76068
76069
76070
76071
76074
76077
76078
76079
76081
76084
76086
76092
76095
76100
76102
76104
76108
76113
76116
76123
76129
76130
76134
76138
76142
76144
76145
76147
76149
76151
76153
76154
76155
76158
76159
76160
76165
76168
76180
76184
76192
76195
76197
76199
76201
76204
76208
76217
76223
76225
76227
76228
76229
76230
76234
76246
76255
76258
76260
76261
76264
76270
76274
76278
76280
76281
76282
76289
76292
76295
76296
76298
76300
76303
76306
76308
76310
76314
76322
76339
76342
76346
76348
76353
76358
76359
76360
76361
76364
76365
76366
76367
76368
76370
76371
76373
76381
76382
76385
76387
76388
76389
76392
76401
76402
76403
76404
76405
76409
76410
76411
76431
76433
76435
76436
76443
76445
76450
76452
76457
76458
76463
76467
76471
76475
76478
76487
76488
76489
76491
76496
76498
76500
76503
76504
76506
76511
76512
76514
76515
76521
76527
76530
76531
76533
76536
76539
76542
76543
76546
76548
76561
76563
76564
76565
76570
76574
76578
76579
76582
76584
76588
76591
76594
76606
76615
76616
76622
76624
76626
76634
76636
76637
76641
76644
76646
76647
76648
76651
76653
76656
76658
76659
76660
76664
76669
76673
76674
76675
76677
76680
76693
76696
76697
76698
76699
76706
76707
76709
76711
76712
76713
76714
76716
76717
76721
76729
76730
76734
76735
76736
76738
76740
76742
76747
76751
76752
76753
76754
76756
76759
76760
76762
76765
76768
76775
76776
76781
76786
76787
76791
76793
76794
76798
76800
76802
76803
76805
76806
76813
76818
76819
76821
76823
76827
76828
76831
76836
76839
76842
76847
76849
76852
76853
76855
76858
76862
76865
76867
76868
76873
76878
76880
76883
76888
76891
76901
76906
76907
76916
76917
76926
76932
76939
76940
76941
76944
76945
76946
76951
76952
76953
76954
76957
76960
76961
76963
76964
76967
76971
76978
76980
76982
76988
76990
76991
76996
77001
77004
77006
77012
77013
77016
77017
77021
77026
77028
77030
77031
77033
77036
77039
77042
77043
77046
77047
77051
77061
77063
77064
77065
77067
77074
77075
77080
77082
77088
77089
77091
77092
77098
77104
77105
77106
77107
77112
77114
77117
77120
77122
77127
77130
77134
77138
77140
77141
77142
77143
77145
77149
77150
77154
77157
77158
77165
77167
77169
77170
77176
77180
77181
77182
77183
77184
77193
77196
77198
77209
77212
77216
77217
77218
77220
77227
77228
77234
77235
77237
77244
77245
77249
77250
77252
77255
77256
77258
77260
77263
77265
77267
77268
77269
77271
77278
77281
77282
77290
77291
77292
77293
77295
77299
77302
77303
77305
77306
77307
77309
77311
77312
77316
77318
77320
77322
77323
77330
77333
77338
77339
77340
77344
77349
77352
77353
77357
77358
77363
77364
77365
77369
77370
77375
77379
77380
77383
77385
77391
77393
77397
77402
77403
77405
77410
77412
77413
77420
77421
77423
77429
77432
77434
77436
77440
77443
77444
77446
77450
77454
77456
77462
77463
77464
77466
77467
77470
77474
77484
77489
77498
77506
77509
77512
77516
77517
77518
77524
77528
77538
77539
77544
77546
77550
77558
77562
77564
77573
77579
77586
77588
77590
77594
77595
77598
77600
77602
77603
77604
77607
77612
77613
77614
77615
77616
77620
77621
77624
77625
77626
77632
77635
77646
77653
77655
77663
77664
77673
77676
77677
77689
77691
77694
77701
77702
77704
77708
77714
77717
77719
77721
77724
77725
77731
77732
77733
77742
77743
77747
77750
77754
77755
77758
77760
77761
77769
77770
77771
77773
77774
77775
77779
77785
77786
77791
77796
77802
77807
77810
77819
77822
77823
77829
77830
77848
77849
77850
77851
77854
77860
77862
77864
77869
77870
77873
77874
77879
77881
77882
77884
77885
77886
77889
77912
77913
77917
77918
77920
77923
77924
77930
77932
77937
77939
77942
77944
77947
77948
77949
77951
77952
77955
77960
77969
77971
77975
77977
77979
77980
77981
77985
77986
77987
77990
77991
77999
78000
78001
78002
78003
78008
78012
78016
78019
78020
78022
78025
78026
78029
78033
78034
78039
78040
78041
78043
78046
78054
78060
78062
78064
78069
78073
78074
78076
78077
78080
78082
78087
78091
78093
78096
78098
78105
78106
78108
78111
78118
78119
78122
78123
78126
78128
78130
78132
78134
78140
78143
78147
78148
78157
78161
78163
78165
78169
78170
78177
78179
78183
78185
78186
78187
78196
78197
78198
78200
78205
78208
78210
78211
78219
78222
78223
78226
78230
78232
78234
78242
78245
78248
78249
78253
78255
78256
78257
78258
78261
78263
78273
78275
78280
78282
78284
78285
78286
78288
78289
78290
78292
78296
78297
78298
78300
78303
78304
78305
78306
78307
78312
78315
78316
78319
78320
78322
78323
78327
78330
78333
78334
78341
78342
78347
78349
78352
78358
78359
78361
78364
78365
78367
78370
78375
78379
78380
78382
78384
78387
78391
78396
78397
78400
78403
78406
78407
78413
78417
78419
78420
78437
78440
78444
78448
78449
78457
78458
78462
78464
78465
78473
78478
78482
78485
78487
78488
78489
78490
78493
78501
78503
78506
78514
78515
78516
78517
78521
78523
78526
78530
78533
78535
78536
78537
78547
78549
78554
78556
78559
78560
78567
78570
78572
78573
78576
78583
78585
78587
78589
78593
78595
78599
78603
78606
78610
78611
78617
78620
78621
78628
78631
78636
78637
78638
78643
78675
78683
78685
78687
78695
78697
78699
78700
78705
78708
78711
78713
78719
78720
78722
78724
78725
78736
78741
78744
78746
78747
78750
78751
78766
78767
78768
78770
78774
78777
78781
78785
78787
78788
78790
78791
78795
78802
78803
78805
78809
78811
78812
78816
78823
78826
78827
78837
78838
78844
78845
78847
78848
78851
78858
78860
78865
78869
78878
78885
78891
78893
78898
78901
78905
78913
78915
78919
78920
78923
78928
78929
78931
78932
78934
78935
78937
78938
78947
78949
78950
78951
78952
78954
78956
78971
78979
78982
78984
78989
78991
78992
78997
79000
79011
79015
79016
79017
79018
79023
79024
79029
79031
79033
79036
79037
79044
79045
79046
79049
79052
79053
79054
79057
79058
79062
79071
79073
79077
79084
79086
79088
79091
79094
79098
79103
79113
79114
79115
79118
79119
79123
79126
79132
79138
79139
79140
79141
79142
79143
79147
79149
79150
79152
79153
79154
79155
79164
79165
79167
79170
79173
79174
79182
79184
79185
79186
79195
79201
79204
79207
79210
79213
79214
79217
79219
79220
79221
79222
79232
79237
79239
79241
79242
79243
79248
79254
79258
79259
79260
79266
79268
79272
79273
79277
79280
79281
79285
79286
79289
79298
79300
79301
79305
79307
79310
79312
79318
79320
79321
79326
79327
79328
79330
79331
79336
79338
79342
79366
79370
79372
79375
79376
79377
79381
79386
79388
79394
79395
79399
79405
79408
79420
79423
79426
79428
79433
79434
79435
79440
79445
79446
79449
79450
79457
79460
79470
79471
79476
79477
79478
79482
79483
79484
79490
79497
79500
79502
79503
79504
79506
79510
79512
79513
79515
79517
79524
79525
79526
79527
79531
79534
79538
79547
79550
79551
79559
79562
79567
79569
79573
79575
79581
79584
79589
79596
79597
79604
79608
79609
79610
79617
79621
79622
79623
79624
79627
79629
79630
79631
79635
79636
79639
79643
79649
79651
79655
79657
79659
79661
79664
79665
79666
79668
79677
79679
79690
79694
79697
79698
79703
79705
79707
79710
79712
79721
79723
79724
79726
79733
79734
79738
79739
79740
79742
79744
79749
79750
79751
79752
79754
79756
79757
79761
79762
79764
79765
79770
79774
79775
79781
79783
79789
79790
79795
79810
79816
79817
79819
79820
79823
79826
79830
79835
79837
79840
79841
79850
79852
79854
79858
79860
79863
79868
79869
79870
79872
79873
79881
79885
79892
79898
79900
79911
79913
79918
79922
79925
79930
79933
79937
79940
79941
79944
79946
79947
79948
79949
79956
79957
79961
79965
79968
79969
79971
79972
79983
79987
79990
79993
79994
79998
80000
80009
80010
80011
80012
80018
80019
80021
80025
80032
80037
80045
80047
80050
80053
80054
80055
80058
80059
80060
80065
80068
80071
80072
80075
80082
80084
80086
80088
80089
80091
80096
80100
80103
80105
80107
80109
80110
80111
80113
80115
80116
80123
80126
80131
80132
80133
80137
80138
80139
80152
80153
80154
80158
80160
80165
80173
80174
80176
80187
80188
80189
80190
80195
80196
80203
80211
80218
80222
80224
80228
80234
80239
80240
80243
80244
80246
80255
80257
80266
80270
80277
80278
80279
80289
80291
80295
80301
80303
80313
80314
80316
80317
80321
80327
80330
80331
80335
80336
80337
80338
80342
80344
80347
80350
80351
80352
80353
80357
80358
80361
80363
80365
80368
80369
80376
80378
80379
80384
80387
80390
80393
80395
80403
80404
80405
80406
80412
80414
80417
80419
80421
80423
80425
80426
80431
80432
80436
80439
80440
80446
80447
80451
80456
80457
80459
80464
80466
80470
80472
80476
80478
80479
80483
80487
80490
80496
80500
80505
80511
80513
80516
80520
80523
80524
80525
80527
80529
80532
80534
80537
80542
80543
80552
80553
80556
80557
80558
80559
80560
80562
80563
80566
80569
80570
80572
80576
80579
80583
80589
80597
80602
80606
80608
80612
80625
80627
80636
80640
80643
80646
80650
80653
80661
80669
80671
80673
80681
80685
80688
80692
80695
80696
80697
80699
80706
80711
80717
80719
80722
80723
80724
80728
80730
80731
80732
80736
80737
80740
80743
80745
80747
80756
80757
80761
80763
80776
80785
80789
80797
80798
80800
80801
80807
80815
80816
80817
80818
80820
80823
80830
80832
80835
80837
80842
80844
80846
80849
80851
80852
80854
80858
80860
80867
80868
80870
80872
80890
80892
80895
80898
80900
80904
80915
80916
80922
80928
80931
80935
80939
80940
80943
80946
80949
80952
80960
80961
80963
80968
80972
80973
80975
80983
80986
80988
80992
80993
80999
81007
81009
81010
81015
81016
81020
81021
81026
81034
81036
81037
81042
81043
81054
81060
81065
81066
81077
81080
81083
81085
81087
81088
81092
81093
81094
81096
81098
81100
81101
81108
81109
81112
81113
81116
81117
81119
81123
81126
81137
81139
81142
81146
81159
81160
81161
81165
81167
81168
81175
81181
81183
81185
81187
81188
81189
81193
81194
81197
81199
81203
81204
81210
81211
81212
81218
81219
81222
81225
81228
81231
81232
81233
81234
81236
81246
81250
81253
81257
81264
81266
81269
81273
81276
81279
81280
81281
81284
81287
81288
81292
81293
81294
81295
81296
81303
81304
81316
81321
81322
81325
81333
81336
81339
81340
81342
81344
81345
81347
81348
81349
81350
81351
81353
81354
81355
81356
81359
81361
81362
81367
81368
81374
81380
81385
81391
81392
81394
81395
81396
81400
81401
81403
81406
81411
81414
81425
81427
81434
81439
81446
81450
81456
81457
81472
81473
81475
81477
81479
81480
81481
81482
81485
81486
81487
81489
81490
81491
81494
81495
81497
81498
81500
81501
81505
81509
81519
81520
81522
81525
81527
81528
81530
81532
81537
81539
81541
81547
81549
81551
81555
81556
81558
81560
81564
81566
81572
81573
81576
81579
81580
81581
81582
81585
81588
81589
81592
81596
81614
81615
81617
81618
81620
81624
81629
81634
81637
81638
81639
81642
81645
81646
81648
81651
81652
81654
81658
81663
81665
81669
81673
81680
81683
81684
81704
81705
81715
81718
81726
81727
81730
81731
81734
81748
81750
81752
81756
81760
81761
81770
81773
81779
81784
81786
81787
81796
81797
81798
81800
81810
81811
81814
81819
81827
81837
81839
81841
81845
81857
81858
81859
81860
81872
81873
81885
81886
81894
81896
81897
81898
81902
81905
81908
81910
81924
81925
81929
81930
81936
81937
81938
81944
81954
81961
81963
81966
81970
81973
81977
81978
81984
81987
81988
81989
81992
81994
82000
82004
82007
82010
82015
82017
82018
82023
82024
82035
82038
82040
82042
82047
82049
82054
82061
82064
82066
82067
82071
82072
82073
82089
82092
82094
82095
82099
82105
82106
82111
82112
82113
82115
82116
82124
82127
82134
82135
82139
82140
82147
82149
82151
82156
82159
82160
82162
82168
82170
82172
82173
82180
82184
82188
82189
82194
82197
82200
82201
82206
82207
82210
82212
82218
82220
82225
82228
82229
82236
82237
82241
82242
82243
82248
82251
82253
82254
82257
82261
82269
82272
82275
82276
82278
82279
82286
82287
82293
82295
82297
82299
82306
82311
82320
82322
82323
82324
82325
82334
82337
82348
82349
82353
82355
82358
82359
82362
82363
82369
82377
82381
82382
82383
82384
82385
82386
82388
82389
82390
82391
82396
82397
82398
82400
82405
82409
82415
82418
82421
82422
82426
82428
82431
82432
82434
82435
82436
82440
82444
82454
82455
82459
82461
82464
82466
82469
82470
82478
82479
82484
82485
82489
82493
82496
82497
82501
82505
82511
82512
82515
82518
82520
82526
82529
82531
82532
82537
82539
82541
82544
82549
82555
82557
82558
82563
82570
82573
82577
82585
82586
82591
82598
82601
82602
82604
82608
82610
82615
82617
82619
82622
82628
82630
82632
82634
82637
82643
82644
82646
82651
82652
82661
82670
82672
82674
82677
82680
82685
82687
82688
82693
82696
82698
82699
82702
82704
82710
82712
82717
82718
82721
82729
82732
82733
82747
82755
82756
82760
82763
82767
82773
82777
82782
82785
82793
82800
82802
82804
82808
82811
82816
82819
82823
82833
82835
82841
82850
82857
82858
82864
82866
82867
82868
82875
82879
82881
82891
82892
82898
82899
82902
82905
82907
82908
82914
82915
82916
82921
82923
82926
82929
82930
82931
82933
82934
82937
82938
82939
82942
82943
82950
82954
82956
82959
82960
82972
82975
82977
82978
82979
82980
82984
82987
82989
82991
82996
82999
83004
83006
83008
83011
83015
83019
83023
83026
83045
83047
83052
83056
83060
83072
83073
83076
83080
83081
83082
83083
83084
83096
83098
83099
83101
83106
83108
83110
83111
83113
83114
83115
83117
83122
83123
83131
83132
83144
83146
83147
83150
83152
83153
83155
83157
83158
83160
83166
83167
83185
83186
83193
83198
83201
83208
83212
83214
83218
83220
83223
83225
83226
83228
83229
83230
83233
83241
83245
83246
83258
83260
83262
83264
83267
83270
83272
83274
83275
83278
83286
83288
83290
83295
83305
83312
83313
83321
83322
83327
83331
83336
83342
83347
83352
83355
83359
83361
83372
83374
83379
83391
83394
83398
83412
83415
83417
83421
83422
83427
83428
83434
83437
83440
83441
83443
83445
83449
83452
83457
83462
83465
83469
83477
83485
83486
83487
83489
83492
83493
83495
83499
83501
83503
83509
83512
83513
83514
83517
83519
83520
83521
83523
83526
83530
83531
83534
83535
83538
83542
83546
83548
83551
83553
83554
83557
83559
83560
83562
83565
83567
83568
83574
83576
83578
83582
83585
83590
83592
83593
83599
83602
83603
83606
83608
83609
83613
83616
83617
83618
83620
83623
83631
83632
83633
83636
83639
83642
83647
83648
83650
83652
83660
83662
83663
83667
83671
83673
83677
83681
83686
83694
83695
83698
83704
83706
83708
83711
83712
83714
83716
83717
83719
83729
83730
83731
83739
83743
83750
83754
83757
83758
83762
83764
83765
83770
83772
83778
83782
83784
83790
83793
83795
83797
83800
83808
83812
83814
83817
83824
83838
83841
83847
83848
83849
83853
83855
83857
83858
83863
83866
83871
83876
83879
83881
83882
83885
83889
83893
83895
83896
83901
83902
83905
83907
83909
83920
83921
83928
83929
83932
83934
83938
83947
83949
83951
83952
83957
83964
83967
83971
83973
83974
83975
83977
83982
83986
83994
84008
84010
84012
84014
84026
84027
84029
84037
84040
84041
84048
84050
84068
84069
84071
84072
84074
84076
84079
84084
84086
84092
84095
84099
84106
84107
84109
84112
84113
84114
84116
84120
84124
84130
84134
84135
84150
84152
84160
84163
84164
84176
84185
84186
84189
84192
84193
84194
84195
84199
84201
84203
84209
84212
84218
84220
84222
84225
84226
84228
84229
84232
84234
84239
84243
84244
84247
84249
84250
84257
84265
84267
84271
84272
84273
84274
84277
84282
84286
84295
84297
84298
84302
84303
84309
84310
84311
84314
84323
84324
84331
84332
84338
84340
84342
84348
84352
84353
84357
84362
84363
84364
84367
84369
84381
84384
84387
84389
84390
84391
84393
84395
84396
84400
84401
84404
84407
84408
84418
84419
84422
84425
84426
84429
84433
84435
84441
84443
84444
84445
84448
84450
84452
84455
84457
84458
84464
84466
84469
84473
84474
84475
84477
84480
84481
84484
84494
84496
84497
84500
84501
84502
84504
84507
84508
84513
84529
84532
84536
84540
84541
84545
84546
84550
84554
84562
84563
84565
84571
84575
84576
84577
84580
84582
84589
84591
84592
84595
84601
84604
84607
84609
84612
84618
84623
84624
84634
84635
84637
84638
84640
84642
84643
84644
84646
84655
84658
84661
84664
84670
84678
84681
84686
84691
84698
84706
84707
84709
84715
84717
84718
84720
84721
84723
84727
84728
84736
84744
84745
84746
84748
84749
84751
84755
84760
84761
84762
84766
84767
84768
84770
84772
84776
84779
84780
84787
84788
84791
84796
84801
84805
84810
84811
84815
84816
84817
84818
84819
84823
84824
84828
84833
84836
84839
84845
84863
84865
84866
84872
84874
84875
84878
84887
84889
84890
84891
84895
84898
84901
84905
84906
84909
84910
84916
84919
84920
84921
84923
84926
84930
84931
84932
84934
84935
84938
84941
84944
84948
84951
84954
84964
84969
84972
84974
84976
85000
85001
85005
85016
85023
85024
85025
85031
85037
85041
85042
85043
85044
85050
85054
85057
85062
85072
85073
85074
85075
85084
85086
85088
85092
85095
85097
85101
85105
85111
85119
85120
85123
85126
85139
85144
85145
85146
85154
85156
85160
85163
85166
85175
85177
85178
85181
85183
85186
85187
85189
85190
85193
85194
85196
85198
85200
85208
85210
85212
85222
85223
85224
85227
85228
85234
85236
85238
85248
85249
85250
85252
85254
85256
85266
85267
85268
85281
85284
85285
85286
85288
85289
85292
85295
85298
85300
85305
85319
85322
85324
85339
85343
85347
85348
85353
85354
85357
85358
85363
85365
85366
85367
85376
85377
85378
85379
85381
85382
85383
85384
85392
85399
85401
85403
85404
85406
85410
85416
85419
85421
85425
85428
85429
85434
85436
85437
85446
85458
85460
85464
85465
85469
85471
85473
85475
85476
85477
85482
85486
85491
85495
85497
85501
85502
85503
85505
85510
85514
85517
85518
85527
85529
85542
85549
85550
85557
85559
85562
85569
85571
85579
85585
85586
85596
85597
85598
85599
85600
85601
85603
85608
85610
85612
85613
85614
85615
85616
85617
85620
85621
85623
85625
85632
85634
85639
85643
85644
85646
85647
85649
85657
85660
85662
85666
85673
85676
85677
85679
85681
85683
85690
85703
85721
85723
85728
85735
85739
85745
85747
85750
85759
85760
85763
85765
85769
85770
85773
85774
85775
85776
85783
85784
85789
85791
85795
85797
85802
85804
85806
85811
85813
85815
85817
85820
85823
85830
85831
85832
85836
85838
85843
85845
85849
85850
85858
85862
85863
85864
85868
85870
85875
85877
85881
85886
85891
85895
85898
85901
85903
85904
85905
85906
85910
85912
85929
85938
85941
85943
85946
85950
85957
85958
85962
85966
85975
85978
85979
85982
85983
85984
85986
85987
85993
85994
86000
86003
86004
86006
86007
86016
86017
86018
86022
86024
86034
86035
86037
86039
86043
86044
86045
86047
86055
86059
86062
86064
86072
86074
86077
86080
86084
86091
86100
86105
86106
86115
86116
86117
86120
86121
86122
86124
86126
86128
86130
86133
86135
86142
86143
86145
86153
86155
86158
86166
86170
86184
86186
86193
86196
86201
86204
86210
86214
86216
86217
86219
86220
86223
86225
86226
86227
86232
86236
86254
86258
86261
86265
86268
86271
86272
86274
86280
86282
86286
86287
86294
86295
86297
86300
86302
86303
86305
86306
86307
86308
86316
86317
86321
86323
86325
86326
86329
86330
86335
86338
86340
86343
86344
86346
86348
86354
86355
86364
86365
86366
86370
86372
86373
86376
86377
86378
86379
86385
86387
86389
86394
86400
86403
86405
86406
86408
86412
86414
86416
86418
86420
86424
86425
86433
86436
86442
86443
86445
86448
86452
86455
86463
86468
86469
86472
86473
86478
86479
86491
86499
86504
86508
86511
86512
86514
86518
86520
86522
86523
86526
86527
86528
86531
86534
86536
86538
86541
86542
86543
86544
86546
86549
86555
86560
86569
86570
86573
86585
86586
86587
86591
86595
86598
86602
86607
86608
86611
86615
86616
86621
86622
86623
86626
86630
86631
86635
86636
86641
86642
86646
86648
86653
86655
86659
86662
86665
86667
86671
86675
86679
86690
86695
86697
86704
86707
86708
86711
86715
86717
86720
86724
86725
86726
86730
86731
86740
86742
86745
86746
86750
86751
86753
86756
86760
86763
86764
86771
86776
86777
86779
86780
86787
86795
86799
86802
86806
86809
86811
86812
86813
86816
86825
86829
86840
86844
86849
86851
86853
86865
86867
86869
86878
86882
86883
86884
86890
86891
86892
86897
86906
86907
86908
86914
86916
86926
86934
86938
86944
86948
86949
86951
86957
86962
86966
86967
86970
86982
86983
86988
86990
86997
86999
87006
87007
87008
87009
87011
87018
87019
87020
87030
87033
87045
87054
87055
87064
87066
87069
87075
87076
87080
87081
87086
87089
87096
87098
87099
87104
87106
87109
87110
87115
87116
87117
87119
87120
87128
87129
87130
87132
87138
87140
87147
87148
87150
87155
87157
87160
87166
87171
87172
87173
87174
87175
87179
87181
87187
87188
87190
87194
87197
87203
87206
87207
87208
87214
87228
87229
87241
87242
87244
87245
87247
87250
87252
87256
87257
87262
87266
87269
87275
87276
87278
87279
87281
87293
87301
87303
87309
87311
87313
87314
87317
87319
87326
87327
87330
87336
87338
87341
87342
87350
87351
87354
87357
87360
87363
87364
87365
87367
87369
87370
87374
87377
87378
87382
87393
87395
87396
87398
87399
87410
87413
87416
87422
87423
87425
87429
87433
87435
87438
87442
87443
87444
87445
87447
87460
87464
87465
87470
87477
87480
87481
87485
87500
87502
87506
87508
87511
87512
87513
87517
87520
87522
87528
87533
87543
87546
87547
87554
87557
87558
87565
87567
87568
87569
87572
87576
87578
87579
87582
87593
87599
87600
87604
87606
87607
87608
87609
87610
87616
87619
87623
87625
87627
87641
87643
87644
87650
87652
87656
87658
87659
87662
87663
87667
87668
87670
87672
87680
87682
87687
87689
87694
87695
87701
87703
87706
87709
87710
87715
87716
87719
87723
87725
87731
87737
87740
87743
87748
87749
87751
87756
87757
87759
87761
87764
87773
87774
87775
87778
87779
87780
87781
87783
87784
87785
87791
87792
87795
87797
87804
87807
87811
87814
87817
87819
87822
87825
87826
87828
87829
87830
87834
87838
87841
87849
87855
87857
87859
87867
87869
87870
87871
87882
87883
87884
87888
87890
87892
87894
87900
87906
87910
87922
87923
87927
87928
87930
87933
87936
87938
87939
87941
87952
87953
87956
87959
87960
87964
87965
87967
87970
87972
87973
87976
87980
87984
87986
87990
87991
87995
87996
87999
88004
88010
88013
88015
88017
88022
88027
88034
88037
88038
88043
88045
88055
88059
88061
88064
88071
88072
88073
88075
88081
88085
88086
88088
88090
88091
88092
88095
88098
88104
88108
88110
88118
88119
88121
88125
88130
88132
88133
88138
88142
88144
88146
88149
88156
88158
88162
88164
88166
88173
88178
88180
88181
88182
88183
88185
88186
88192
88193
88194
88198
88200
88201
88205
88215
88216
88217
88218
88223
88228
88232
88241
88243
88247
88251
88257
88259
88260
88262
88268
88274
88278
88279
88282
88290
88294
88295
88300
88308
88310
88311
88313
88318
88321
88322
88325
88326
88328
88337
88340
88341
88350
88351
88353
88357
88361
88362
88367
88375
88378
88379
88383
88385
88386
88387
88392
88396
88401
88408
88418
88419
88422
88423
88425
88428
88429
88434
88442
88445
88449
88451
88452
88455
88456
88458
88461
88463
88465
88466
88474
88475
88476
88477
88478
88480
88484
88485
88490
88501
88502
88512
88513
88515
88522
88528
88529
88530
88540
88541
88548
88551
88556
88558
88560
88567
88569
88576
88585
88591
88600
88603
88606
88609
88610
88617
88622
88623
88629
88631
88634
88637
88639
88643
88645
88649
88650
88655
88656
88670
88673
88679
88686
88696
88700
88704
88705
88712
88724
88732
88733
88739
88744
88747
88749
88752
88753
88757
88760
88764
88766
88770
88787
88790
88794
88797
88803
88812
88814
88816
88824
88826
88827
88833
88834
88842
88844
88847
88849
88851
88854
88858
88866
88870
88872
88875
88876
88877
88879
88881
88884
88891
88894
88898
88900
88905
88907
88912
88917
88918
88919
88931
88942
88943
88953
88960
88962
88963
88965
88966
88969
88970
88971
88975
88978
88982
88986
88989
88990
88992
88995
88996
88998
88999
89001
89002
89008
89009
89010
89012
89014
89015
89018
89030
89031
89032
89036
89039
89041
89042
89060
89063
89067
89068
89072
89077
89079
89084
89088
89092
89095
89099
89102
89109
89111
89113
89117
89118
89121
89122
89123
89124
89126
89130
89137
89139
89141
89145
89146
89147
89148
89152
89153
89155
89160
89161
89162
89178
89179
89181
89187
89190
89193
89218
89225
89227
89234
89235
89237
89245
89248
89251
89254
89255
89257
89261
89264
89265
89266
89271
89274
89276
89285
89286
89287
89288
89291
89292
89293
89303
89304
89305
89312
89315
89320
89321
89322
89324
89326
89328
89331
89338
89346
89351
89365
89366
89368
89370
89378
89380
89382
89383
89386
89387
89389
89392
89399
89403
89413
89415
89417
89420
89422
89426
89427
89430
89432
89434
89435
89440
89441
89445
89453
89454
89456
89458
89462
89463
89464
89471
89478
89480
89482
89487
89490
89493
89494
89495
89496
89497
89500
89503
89506
89507
89508
89516
89518
89519
89524
89527
89531
89534
89536
89540
89542
89546
89550
89553
89560
89562
89563
89567
89574
89577
89578
89582
89583
89586
89593
89597
89598
89599
89600
89602
89603
89604
89606
89616
89617
89620
89621
89622
89629
89630
89635
89637
89639
89645
89647
89650
89653
89655
89657
89660
89664
89676
89678
89679
89681
89684
89691
89693
89695
89696
89706
89708
89710
89716
89722
89723
89724
89728
89729
89732
89736
89742
89743
89745
89746
89751
89752
89755
89759
89760
89762
89763
89764
89768
89769
89771
89781
89783
89784
89785
89787
89788
89795
89796
89799
89800
89801
89807
89810
89817
89818
89826
89830
89832
89834
89836
89838
89842
89843
89846
89848
89850
89854
89862
89863
89871
89879
89881
89882
89892
89895
89897
89898
89899
89901
89902
89909
89914
89916
89923
89932
89934
89944
89945
89951
89954
89958
89965
89976
89983
89991
89993
89996
89997
89999
90002
90004
90006
90008
90010
90012
90019
90021
90026
90027
90031
90040
90048
90050
90051
90053
90062
90069
90072
90082
90085
90091
90092
90093
90096
90101
90106
90107
90109
90111
90112
90115
90117
90118
90123
90125
90127
90128
90130
90144
90147
90148
90149
90153
90155
90159
90173
90174
90181
90190
90197
90198
90202
90219
90222
90227
90229
90232
90237
90245
90251
90253
90256
90258
90262
90274
90276
90277
90279
90289
90304
90308
90309
90313
90319
90321
90326
90328
90336
90337
90355
90357
90359
90363
90367
90370
90371
90379
90390
90394
90397
90400
90405
90406
90409
90410
90419
90423
90425
90438
90440
90446
90448
90450
90452
90463
90464
90465
90468
90472
90473
90478
90483
90484
90493
90494
90496
90500
90502
90505
90512
90513
90521
90523
90527
90535
90540
90543
90546
90558
90560
90563
90565
90574
90581
90593
90594
90598
90602
90603
90609
90616
90619
90622
90624
90626
90628
90630
90635
90638
90641
90650
90651
90654
90655
90657
90659
90660
90668
90678
90679
90684
90687
90689
90690
90691
90692
90694
90696
90700
90702
90708
90713
90715
90718
90737
90741
90748
90751
90752
90760
90762
90765
90766
90781
90785
90787
90788
90789
90790
90792
90798
90800
90804
90815
90821
90824
90830
90833
90837
90840
90843
90851
90859
90865
90867
90879
90881
90887
90888
90889
90897
90900
90902
90905
90907
90908
90920
90922
90923
90924
90931
90939
90940
90942
90944
90948
90950
90955
90960
90961
90963
90966
90967
90968
90973
90975
90976
90977
90980
90983
90991
90998
90999
91000
91006
91010
91015
91016
91020
91022
91027
91028
91030
91032
91035
91037
91040
91044
91045
91046
91047
91050
91051
91052
91053
91057
91059
91066
91068
91070
91071
91074
91077
91083
91086
91087
91088
91090
91094
91098
91101
91106
91109
91114
91121
91130
91131
91132
91133
91134
91137
91139
91140
91145
91149
91151
91155
91157
91159
91161
91162
91168
91170
91173
91181
91182
91192
91193
91196
91201
91203
91206
91207
91210
91212
91216
91220
91224
91230
91236
91246
91247
91250
91251
91255
91257
91260
91264
91266
91268
91274
91277
91278
91279
91280
91284
91285
91291
91300
91302
91311
91312
91314
91315
91318
91319
91323
91332
91337
91338
91340
91342
91345
91346
91349
91351
91356
91357
91360
91369
91373
91384
91385
91389
91391
91392
91394
91395
91397
91399
91413
91417
91422
91424
91430
91431
91438
91443
91451
91452
91456
91458
91464
91465
91467
91469
91471
91473
91480
91483
91486
91488
91490
91493
91500
91501
91508
91514
91524
91526
91531
91534
91535
91537
91540
91543
91546
91547
91552
91553
91563
91566
91567
91569
91581
91583
91585
91587
91590
91596
91599
91600
91601
91606
91607
91609
91613
91614
91621
91623
91625
91628
91630
91635
91636
91647
91648
91662
91663
91671
91672
91676
91681
91685
91689
91690
91692
91694
91700
91703
91704
91710
91712
91746
91748
91750
91751
91752
91753
91755
91756
91759
91761
91769
91773
91779
91783
91786
91788
91793
91794
91798
91807
91814
91817
91831
91838
91840
91841
91848
91850
91858
91862
91867
91868
91871
91872
91879
91880
91892
91897
91899
91905
91907
91910
91915
91918
91919
91924
91926
91930
91938
91939
91943
91953
91954
91956
91959
91964
91967
91968
91971
91975
91978
91980
91981
91983
91987
91989
91992
91993
91996
92003
92005
92007
92010
92011
92015
92016
92019
92021
92025
92037
92041
92043
92046
92048
92049
92050
92055
92056
92059
92060
92062
92064
92065
92068
92071
92073
92075
92076
92082
92083
92085
92096
92100
92111
92117
92119
92121
92130
92135
92139
92142
92144
92146
92150
92151
92155
92156
92162
92163
92164
92165
92173
92178
92180
92184
92188
92190
92193
92199
92200
92201
92204
92212
92216
92217
92222
92223
92226
92235
92236
92237
92239
92241
92243
92244
92247
92255
92257
92259
92266
92278
92279
92280
92284
92288
92296
92299
92304
92306
92314
92326
92330
92332
92335
92340
92341
92342
92344
92352
92358
92361
92366
92367
92368
92376
92381
92382
92383
92384
92385
92396
92405
92410
92413
92414
92418
92423
92429
92433
92438
92440
92441
92444
92447
92448
92458
92460
92464
92472
92473
92484
92487
92488
92489
92490
92493
92494
92500
92506
92520
92524
92525
92526
92527
92531
92533
92535
92536
92548
92550
92561
92576
92584
92589
92593
92594
92606
92607
92614
92615
92620
92623
92624
92625
92633
92634
92637
92640
92642
92644
92647
92649
92650
92652
92656
92659
92661
92667
92673
92675
92679
92689
92692
92698
92700
92705
92706
92707
92711
92712
92713
92716
92720
92725
92730
92734
92737
92739
92743
92747
92750
92755
92771
92778
92781
92788
92794
92803
92811
92813
92814
92818
92823
92824
92829
92830
92833
92838
92840
92844
92845
92852
92854
92857
92861
92862
92864
92869
92874
92884
92890
92895
92901
92907
92912
92914
92926
92929
92931
92937
92939
92942
92943
92953
92954
92956
92961
92962
92963
92966
92974
92975
92977
92978
92981
92982
92984
92991
92993
93000
93001
93006
93008
93021
93023
93024
93025
93030
93034
93039
93044
93046
93048
93053
93062
93067
93079
93085
93088
93090
93092
93098
93107
93119
93121
93122
93128
93132
93133
93137
93139
93141
93142
93144
93148
93154
93160
93167
93169
93170
93174
93177
93180
93181
93182
93183
93184
93193
93195
93205
93210
93213
93222
93233
93234
93243
93244
93249
93254
93256
93259
93260
93264
93272
93276
93280
93282
93284
93285
93291
93302
93303
93309
93317
93319
93321
93322
93324
93328
93330
93336
93339
93342
93351
93355
93359
93364
93370
93373
93383
93386
93388
93393
93395
93399
93401
93406
93408
93409
93416
93418
93426
93430
93432
93435
93437
93443
93445
93447
93459
93460
93461
93462
93464
93465
93467
93472
93474
93485
93487
93494
93495
93504
93512
93516
93520
93528
93529
93531
93534
93539
93545
93546
93547
93548
93553
93563
93571
93580
93583
93586
93587
93589
93597
93602
93603
93604
93606
93607
93611
93614
93615
93616
93622
93629
93630
93631
93640
93641
93653
93655
93657
93662
93673
93675
93684
93687
93693
93704
93712
93713
93715
93720
93729
93731
93735
93737
93738
93743
93746
93750
93751
93757
93764
93767
93771
93778
93780
93788
93789
93803
93805
93812
93824
93827
93830
93834
93840
93842
93843
93848
93851
93854
93856
93864
93865
93868
93870
93873
93878
93880
93884
93887
93890
93891
93895
93896
93898
93900
93902
93918
93920
93924
93928
93932
93933
93934
93935
93942
93947
93954
93956
93961
93962
93964
93969
93975
93979
93995
93996
93997
94007
94015
94019
94022
94029
94033
94034
94047
94054
94057
94060
94064
94067
94074
94082
94085
94086
94090
94091
94096
94107
94109
94111
94112
94118
94122
94126
94136
94137
94138
94140
94145
94147
94150
94151
94154
94160
94169
94170
94175
94184
94185
94190
94191
94192
94195
94204
94205
94206
94209
94211
94212
94214
94218
94219
94221
94222
94223
94226
94227
94228
94231
94239
94244
94246
94247
94248
94252
94255
94257
94260
94262
94264
94271
94275
94276
94289
94301
94305
94307
94308
94309
94311
94318
94319
94321
94323
94332
94333
94337
94338
94345
94347
94354
94365
94368
94374
94378
94379
94381
94393
94394
94396
94397
94398
94399
94408
94409
94411
94414
94415
94425
94428
94429
94431
94432
94433
94434
94439
94441
94442
94444
94450
94453
94458
94459
94464
94466
94472
94475
94479
94480
94487
94491
94493
94497
94498
94506
94510
94516
94519
94521
94524
94526
94534
94535
94538
94540
94541
94542
94551
94553
94554
94558
94568
94575
94580
94582
94585
94589
94595
94606
94608
94609
94613
94614
94618
94621
94625
94627
94630
94633
94639
94640
94641
94644
94646
94651
94662
94664
94671
94674
94680
94681
94684
94693
94698
94699
94701
94703
94709
94710
94713
94717
94718
94722
94724
94726
94734
94735
94740
94750
94765
94766
94768
94774
94776
94778
94782
94798
94804
94807
94809
94810
94814
94817
94824
94826
94832
94834
94845
94853
94858
94860
94865
94872
94873
94875
94877
94879
94884
94889
94899
94903
94904
94909
94912
94919
94927
94932
94934
94938
94939
94943
94946
94948
94950
94951
94953
94959
94964
94967
94968
94971
94984
94988
94990
94992
94995
94999
95008
95013
95017
95025
95026
95039
95044
95046
95048
95051
95054
95066
95069
95070
95071
95074
95077
95078
95081
95085
95088
95093
95095
95104
95107
95113
95114
95116
95121
95124
95133
95134
95135
95146
95153
95154
95156
95162
95169
95171
95177
95179
95188
95197
95199
95202
95203
95204
95205
95207
95210
95215
95217
95218
95224
95229
95230
95232
95235
95242
95245
95249
95250
95252
95255
95258
95259
95260
95265
95272
95275
95279
95288
95291
95294
95295
95296
95301
95303
95305
95306
95308
95314
95319
95322
95328
95330
95331
95332
95333
95334
95336
95342
95343
95344
95347
95349
95356
95361
95363
95364
95365
95373
95381
95386
95400
95403
95408
95409
95410
95413
95415
95417
95424
95429
95431
95432
95436
95437
95446
95449
95451
95454
95456
95457
95461
95462
95464
95467
95471
95473
95476
95482
95493
95497
95500
95501
95502
95503
95516
95519
95521
95525
95530
95531
95540
95545
95554
95558
95559
95565
95566
95567
95568
95571
95572
95577
95582
95586
95591
95594
95601
95602
95604
95619
95620
95623
95628
95629
95632
95636
95637
95639
95642
95648
95652
95654
95655
95657
95659
95662
95665
95667
95677
95681
95686
95688
95692
95700
95718
95735
95741
95744
95772
95779
95826
95871
95879
95913
95949
95976
96049
96064
96069
96123
96129
96187
96204
96226
96328
96339
96342
96498
96553
96696
96724
96733
96746
96748
96798
96845
96884
97101
97188
97215
97237
97317
97319
97401
97423
97485
97486
97874
97913
97938
98153
98222
98462
98604
98605
98625
98642
98682
98772
99194
99250
99366
99445
99476
99755
99793
99986
100353
100653
101026
101588
101625
101681
101871
102095
102177
103135
103200
103715
103725
104285
104395
105495
108543
109262
109364
110240
110257
110307
110334
110552
110635
111320
111461
112415
112512
112760
112777
113667
113672
114879
115830
119721
122382
127635
129278
129619
132266
133653
143589
148275
148276
148277
148279
148280
148281
148283
148284
148286
148288
148292
148293
148294
148298
148301
148303
148309
148314
148317
148318
148319
148324
148325
148326
148327
148330
148331
148334
148336
148337
148341
148343
148344
148357
148360
148362
148366
148367
148369
148377
148378
148380
148381
148386
148388
148389
148390
148395
148397
148405
148407
148413
148414
148419
148420
148421
148425
148427
148428
148435
148445
148446
148448
148449
148453
148454
148458
148464
148466
148467
148470
148489
148490
148491
148496
148499
148503
148505
148508
148510
148511
148513
148516
148517
148518
148524
148526
148532
148535
148536
148537
148538
148539
148540
148545
148548
148551
148554
148556
148557
148558
148561
148562
148563
148569
148574
148579
148588
148592
148593
148594
148596
148604
148605
148606
148607
148608
148613
148614
148622
148623
148627
148628
148629
148632
148634
148644
148645
148646
148648
148654
148658
148659
148660
148661
148675
148676
148685
148686
148687
148691
148694
148699
148700
148701
148702
148704
148705
148706
148707
148709
148716
148720
148721
148722
148723
148726
148728
148729
148730
148743
148744
148748
148752
148757
148759
148761
148762
148763
148769
148775
148776
148778
148779
148782
148796
148797
148801
148803
148807
148808
148810
148811
148812
148820
148823
148839
148841
148844
148849
148852
148853
148855
148856
148860
148868
148870
148873
148874
148876
148877
148878
148879
148883
148886
148889
148890
148891
148895
148910
148913
148914
148915
148917
148919
148920
148922
148926
148927
148929
148938
148939
148942
148943
148958
148961
148964
148969
148971
148972
148974
148975
148979
148989
148990
148992
148994
148995
148998
149003
149005
149006
149009
149012
149014
149026
149032
149033
149034
149035
149036
149037
149039
149046
149047
149048
149052
149053
149054
149055
149056
149059
149068
149070
149074
149075
149076
149081
149085
149086
149089
149090
149091
149092
149094
149095
149096
149097
149098
149099
149100
149109
149112
149115
149117
149118
149122
149124
149127
149128
149131
149132
149137
149139
149140
149146
149147
149148
149155
149156
149157
149161
149165
149167
149168
149169
149170
149171
149173
149174
149180
149182
149183
149188
149190
149191
149193
149195
149199
149201
149206
149208
149213
149214
149216
149219
149224
149228
149230
149232
149233
149235
149238
149241
149242
149243
149244
149248
149250
149255
149269
149280
149282
149297
149304
149310
149318
149323
149326
149327
149328
149332
149333
149337
149338
149340
149341
149344
149345
149346
149347
149348
149349
149350
149351
149352
149353
149355
149357
149358
149360
149362
149382
149383
149387
149389
149392
149398
149404
149413
149417
149418
149422
149430
149433
149443
149444
149447
149448
149450
149452
149453
149454
149455
149456
149457
149458
149460
149462
149463
149464
149465
149466
149467
149482
149483
149485
149487
149488
149490
149492
149495
149497
149499
149501
149509
149513
149515
149519
149520
149522
149524
149529
149536
149537
149538
149539
149541
149549
149550
149552
149553
149556
149560
149562
149563
149568
149570
149572
149573
149574
149576
149577
149578
149579
149581
149583
149585
149586
149589
149590
149591
149592
149593
149594
149595
149598
149600
149601
149604
149608
149619
149620
149622
149623
149628
149631
149632
149633
149636
149637
149640
149644
149648
149656
149663
149665
149668
149669
149678
149679
149691
149709
149712
149715
149716
149717
149718
149720
149721
149724
149730
149734
149736
149737
149740
149741
149743
149744
149745
149746
149748
149749
149752
149753
149754
149756
149765
149767
149781
149783
149785
149786
149788
149790
149796
149799
149800
149801
149803
149804
149806
149809
149810
149814
149816
149818
149822
149827
149837
149839
149841
149855
149856
149861
149867
149868
149880
149881
149885
149887
149888
149891
149892
149899
149900
149902
149904
149907
149913
149914
149925
149926
149927
149928
149931
149932
149933
149936
149937
149938
149939
149943
149944
149945
149948
149949
149950
149953
149954
149955
149957
149958
149959
149961
149962
149968
149969
149984
149991
150001
150003
150005
150006
150007
150009
150011
150012
150013
150017
150019
150020
150022
150028
150029
150031
150043
150047
150051
150052
150053
150054
150062
150064
150065
150067
150072
150073
150076
150083
150090
150094
150095
150098
150100
150105
150106
150109
150111
150113
150120
150122
150123
150124
150135
150138
150140
150141
150146
150147
150149
150152
150155
150156
150158
150159
150161
150165
150166
150167
150171
150172
150173
150174
150175
150178
150181
150182
150183
150184
150185
150187
150188
150189
150190
150191
150192
150194
150195
150196
150197
150198
150199
150201
150207
150208
150209
150217
150223
150226
150229
150234
150236
150237
150245
150246
150247
150258
150268
150270
150273
150281
150282
150286
150294
150298
150301
150307
150317
150321
150322
150324
150325
150331
150332
150334
150336
150337
150338
150341
150347
150348
150349
150352
150354
150357
150359
150365
150366
150367
150368
150370
150371
150376
150377
150378
150379
150383
150387
150394
150396
150398
150401
150405
150410
150413
150415
150417
150418
150419
150420
150423
150424
150425
150426
150427
150431
150432
150433
150436
150437
150438
150439
150440
150441
150445
150448
150449
150451
150453
150454
150455
150456
150459
150460
150463
150464
150465
150466
150467
150469
150470
150471
150472
150473
150474
150475
150477
150478
150479
150483
150484
150494
150503
150516
150522
150523
150528
150530
150531
150532
150533
150535
150540
150544
150545
150546
150548
150552
150557
150559
150560
150564
150566
150569
150573
150577
150580
150584
150585
150587
150588
150590
150595
150599
150604
150607
150609
150612
150613
150616
150617
150620
150621
150630
150631
150635
150636
150641
150652
150656
150662
150664
150671
150674
150686
150692
150693
150694
150697
150703
150704
150711
150714
150715
150721
150723
150724
150731
150735
150739
150743
150745
150749
150757
150763
150764
150768
150771
150772
150774
150776
150779
150782
150785
150786
150789
150790
150795
150798
150799
150800
150801
150805
150806
150807
150810
150812
150813
150814
150815
150820
150821
150822
150823
150827
150828
150829
150830
150831
150832
150833
150834
150835
150836
150837
150838
150839
150842
150843
150845
150846
150847
150848
150849
150852
150853
150870
150872
150881
150882
150886
150888
150896
150906
150914
150917
150919
150920
150921
150923
150926
150931
150932
150937
150938
150939
150941
150942
150945
150946
150947
150950
150954
150956
150957
150959
150967
150968
150971
150981
150984
150988
150992
150997
151001
151002
151005
151008
151011
151014
151015
151019
151029
151032
151033
151044
151051
151058
151061
151062
151066
151069
151070
151071
151078
151087
151093
151099
151104
151116
151117
151120
151122
151133
151142
151146
151148
151150
151152
151153
151159
151161
151169
151172
151179
151183
151184
151186
151187
151190
151192
151194
151196
151197
151198
151201
151203
151205
151207
151208
151209
151211
151213
151216
151217
151218
151219
151221
151222
151223
151225
151227
151229
151230
151232
151236
151239
151240
151246
151247
151249
151250
151252
151254
151255
151256
151257
151260
151262
151264
151266
151269
151273
151274
151275
151276
151277
151278
151280
151281
151282
151283
151284
151286
151288
151289
151290
151291
151292
151293
151294
151295
151296
151297
151299
151300
151301
151302
151303
151305
151306
151307
151308
151309
151311
151313
151330
151338
151339
151346
151348
151353
151360
151362
151364
151370
151371
151375
151377
151378
151379
151381
151382
151385
151386
151387
151389
151394
151397
151398
151399
151400
151403
151405
151406
151407
151408
151409
151418
151419
151420
151427
151435
151436
151438
151439
151443
151445
151446
151447
151448
151453
151455
151458
151459
151466
151472
151473
151477
151486
151487
151490
151491
151503
151508
151509
151514
151519
151521
151528
151532
151533
151536
151537
151540
151549
151558
151561
151572
151583
151586
151587
151596
151600
151602
151617
151622
151623
151625
151626
151631
151633
151634
151637
151639
151640
151642
151648
151657
151665
151666
151672
151673
151676
151689
151699
151706
151709
151712
151713
151718
151721
151724
151728
151729
151730
151735
151738
151744
151745
151748
151755
151756
151760
151763
151764
151766
151768
151774
151775
151779
151780
151782
151784
151785
151797
151802
151804
151806
151807
151814
151816
151818
151821
151822
151828
151831
151834
151837
151838
151839
151841
151844
151849
151850
151852
151853
151867
151869
151874
151876
151877
151880
151881
151883
151885
151889
151891
151893
151895
151896
151897
151900
151906
151907
151909
151912
151914
151917
151918
151919
151921
151924
151929
151930
151932
151937
151940
151942
151943
151945
151946
151947
151949
151950
151952
151954
151955
151958
151960
151961
151963
151964
151967
151969
151970
151971
151974
151975
151978
151979
151980
151981
151982
151984
151985
151988
151989
151990
151991
151993
151995
151996
152000
152003
152004
152005
152008
152009
152011
152012
152013
152014
152017
152018
152019
152021
152022
152023
152024
152025
152027
152034
152044
152053
152074
152077
152081
152084
152087
152095
152096
152098
152099
152101
152107
152108
152116
152120
152123
152127
152128
152129
152130
152131
152132
152134
152135
152137
152138
152139
152140
152141
152142
152143
152146
152147
152148
152149
152153
152155
152156
152163
152165
152168
152172
152173
152174
152175
152179
152181
152185
152188
152206
152207
152208
152209
152211
152212
152213
152214
152215
152217
152221
152223
152224
152225
152231
152236
152238
152241
152242
152244
152249
152254
152267
152269
152272
152275
152285
152310
152311
152316
152326
152332
152333
152335
152339
152364
152371
152373
152376
152377
152379
152381
152382
152392
152394
152399
152406
152417
152418
152419
152425
152436
152440
152443
152451
152458
152466
152472
152475
152476
152487
152503
152508
152509
152512
152513
152515
152517
152528
152529
152530
152533
152536
152537
152544
152545
152548
152555
152556
152559
152568
152569
152571
152573
152574
152577
152578
152580
152584
152590
152593
152595
152597
152598
152599
152600
152606
152608
152611
152612
152623
152628
152633
152637
152638
152644
152645
152648
152650
152651
152653
152657
152664
152670
152674
152675
152679
152687
152689
152693
152697
152698
152700
152703
152707
152709
152711
152712
152715
152718
152722
152727
152729
152731
152734
152735
152737
152738
152740
152743
152745
152750
152751
152754
152755
152759
152768
152771
152774
152786
152794
152798
152799
152800
152803
152806
152807
152808
152812
152817
152822
152824
152827
152828
152833
152837
152839
152840
152841
152846
152847
152851
152852
152855
152856
152858
152862
152863
152865
152869
152870
152872
152881
152882
152885
152887
152888
152893
152898
152908
152909
152910
152911
152912
152915
152918
152919
152920
152921
152925
152926
152928
152930
152931
152933
152935
152940
152943
152944
152945
152946
152947
152950
152952
152953
152959
152961
152962
152967
152968
152970
152971
152973
152974
152975
152980
152983
152984
152985
152986
152987
152988
152992
152993
152994
152995
152996
152997
152998
152999
153001
153002
153007
153009
153011
153012
153013
153014
153020
153023
153024
153027
153028
153029
153030
153031
153032
153034
153036
153038
153040
153043
153047
153048
153049
153050
153051
153053
153056
153057
153061
153065
153066
153070
153080
153084
153089
153093
153102
153107
153111
153122
153131
153135
153146
153148
153149
153150
153151
153155
153156
153157
153158
153159
153160
153164
153165
153167
153168
153169
153170
153172
153174
153177
153179
153183
153185
153187
153188
153190
153191
153192
153194
153195
153196
153198
153199
153202
153207
153210
153212
153213
153214
153215
153217
153218
153219
153224
153225
153227
153230
153232
153234
153238
153240
153244
153245
153247
153260
153265
153269
153271
153272
153277
153281
153294
153298
153300
153305
153306
153309
153313
153315
153337
153342
153347
153350
153351
153354
153361
153362
153366
153367
153381
153382
153385
153387
153392
153395
153396
153401
153402
153411
153413
153414
153418
153422
153431
153434
153437
153438
153446
153447
153449
153454
153457
153462
153471
153472
153474
153481
153482
153492
153497
153501
153523
153524
153528
153529
153530
153535
153542
153544
153545
153547
153565
153576
153584
153589
153595
153598
153600
153602
153603
153606
153618
153619
153622
153624
153625
153626
153627
153630
153642
153644
153651
153655
153658
153663
153668
153672
153678
153680
153682
153683
153684
153695
153702
153703
153707
153708
153716
153717
153726
153730
153735
153740
153744
153751
153788
153793
153813
153815
153816
153820
153824
153826
153829
153836
153842
153843
153844
153846
153848
153849
153850
153851
153855
153859
153861
153864
153866
153869
153870
153886
153899
153901
153904
153906
153908
153913
153914
153922
153925
153931
153935
153942
153944
153945
153951
153954
153956
153957
153961
153966
153967
153973
153974
153982
153987
153988
153993
153994
153998
153999
154000
154003
154006
154008
154015
154016
154017
154019
154027
154032
154038
154039
154044
154049
154057
154064
154065
154067
154068
154077
154080
154089
154090
154092
154095
154107
154112
154121
154126
154127
154130
154132
154136
154139
154141
154142
154145
154150
154151
154155
154158
154161
154165
154166
154173
154175
154176
154178
154179
154182
154184
154189
154190
154192
154205
154211
154216
154217
154223
154226
154230
154232
154242
154245
154252
154261
154265
154271
154275
154276
154277
154285
154287
154289
154297
154299
154303
154316
154317
154318
154325
154326
154328
154330
154334
154336
154337
154338
154341
154346
154355
154358
154360
154363
154364
154366
154371
154372
154375
154381
154382
154385
154390
154394
154399
154401
154402
154408
154413
154414
154418
154422
154424
154426
154428
154435
154436
154444
154449
154471
154473
154478
154479
154482
154484
154486
154490
154491
154492
154495
154500
154501
154503
154504
154507
154508
154509
154511
154512
154514
154521
154524
154527
154535
154543
154550
154557
154560
154561
154562
154568
154575
154577
154579
154581
154582
154583
154598
154601
154604
154609
154611
154612
154615
154616
154617
154622
154625
154626
154628
154630
154631
154635
154636
154637
154641
154643
154645
154650
154653
154659
154660
154661
154662
154665
154669
154674
154677
154678
154679
154681
154685
154686
154689
154691
154692
154698
154702
154703
154711
154713
154717
154720
154726
154727
154729
154731
154732
154739
154740
154744
154749
154753
154757
154758
154759
154760
154764
154765
154766
154767
154768
154772
154773
154776
154781
154783
154785
154786
154788
154791
154793
154794
154798
154800
154801
154802
154806
154807
154808
154812
154813
154814
154817
154820
154821
154822
154824
154825
154829
154834
154836
154837
154838
154840
154841
154842
154843
154845
154849
154853
154858
154860
154869
154879
154890
154892
154900
154909
154914
154915
154924
154928
154933
154935
154953
154954
154969
154980
154983
154988
154990
154995
155005
155012
155014
155015
155016
155018
155019
155020
155022
155024
155026
155027
155028
155029
155031
155032
155033
155034
155035
155036
155037
155038
155039
155040
155041
155043
155044
155045
155048
155049
155050
155054
155055
155062
155063
155064
155065
155066
155067
155068
155069
155070
155072
155075
155076
155078
155079
155081
155084
155087
155088
155089
155090
155092
155094
155098
155099
155100
155101
155104
155106
155110
155113
155116
155121
155122
155130
155131
155132
155139
155141
155146
155147
155148
155150
155151
155152
155153
155161
155163
155164
155167
155173
155178
155179
155183
155186
155189
155192
155195
155196
155198
155202
155203
155204
155205
155209
155213
155216
155217
155218
155222
155223
155224
155228
155234
155239
155241
155247
155252
155257
155260
155265
155266
155268
155269
155277
155281
155283
155295
155297
155298
155300
155313
155319
155324
155333
155334
155339
155340
155347
155356
155364
155367
155368
155369
155371
155374
155382
155383
155394
155398
155405
155408
155409
155414
155415
155421
155424
155427
155430
155435
155442
155443
155445
155446
155450
155451
155453
155460
155461
155463
155465
155466
155477
155478
155483
155489
155495
155496
155502
155511
155524
155532
155534
155536
155537
155544
155548
155552
155561
155565
155578
155581
155583
155584
155585
155599
155609
155610
155611
155614
155615
155616
155628
155634
155636
155637
155644
155651
155669
155672
155686
155690
155707
155709
155712
155713
155715
155726
155729
155730
155731
155735
155738
155739
155749
155752
155756
155757
155767
155781
155782
155784
155787
155790
155812
155816
155817
155822
155830
155841
155842
155854
155855
155863
155869
155871
155872
155874
155877
155879
155887
155891
155894
155897
155898
155899
155903
155904
155908
155916
155934
155936
155939
155941
155942
155948
155955
155960
155964
155966
155974
155983
155986
155989
155990
155997
155998
156000
156009
156010
156017
156025
156036
156045
156049
156056
156061
156065
156069
156082
156086
156096
156099
156110
156113
156114
156119
156123
156124
156125
156141
156143
156146
156147
156156
156159
156161
156173
156181
156185
156186
156189
156190
156197
156199
156202
156203
156204
156205
156206
156211
156234
156242
156253
156256
156265
156278
156281
156283
156290
156292
156294
156296
156301
156313
156314
156316
156318
156321
156324
156326
156327
156329
156337
156345
156351
156352
156353
156359
156368
156371
156376
156380
156384
156389
156398
156399
156400
156411
156412
156413
156417
156427
156435
156439
156442
156444
156445
156449
156451
156454
156476
156477
156494
156495
156497
156498
156502
156515
156516
156527
156529
156532
156534
156536
156541
156543
156545
156551
156565
156566
156571
156572
156573
156574
156576
156579
156584
156585
156587
156589
156595
156596
156609
156610
156612
156620
156629
156630
156638
156646
156675
156683
156685
156687
156691
156700
156705
156714
156715
156716
156721
156731
156736
156737
156739
156744
156756
156760
156764
156767
156790
156793
156796
156798
156800
156809
156824
156825
156843
156862
156871
156877
156884
156899
156903
156908
156909
156911
156915
156921
156937
156938
156945
156954
156959
156968
156975
156976
156977
156981
156986
156987
156989
157002
157006
157012
157013
157021
157031
157035
157036
157038
157043
157066
157084
157087
157089
157096
157102
157103
157110
157112
157118
157123
157136
157137
157142
157146
157147
157148
157150
157156
157171
157172
157177
157180
157182
157190
157196
157200
157212
157213
157216
157229
157230
157241
157243
157250
157254
157255
157262
157264
157274
157277
157279
157288
157292
157296
157308
157317
157330
157344
157348
157349
157354
157356
157357
157364
157368
157382
157390
157391
157423
157437
157441
157445
157447
157456
157463
157471
157478
157480
157486
157498
157515
157526
157533
157534
157539
157540
157541
157546
157551
157552
157553
157565
157573
157584
157585
157588
157604
157607
157610
157614
157615
157621
157622
157625
157636
157637
157639
157644
157646
157647
157654
157655
157675
157682
157685
157695
157696
157699
157711
157714
157717
157720
157723
157736
157739
157740
157741
157746
157752
157755
157756
157759
157761
157778
157779
157794
157799
157801
157815
157830
157832
157833
157842
157850
157853
157862
157877
157889
157892
157893
157901
157910
157913
157918
157923
157926
157928
157934
157937
157948
157951
157957
157958
157961
157971
157972
157976
157977
157983
157991
157994
157995
158007
158008
158013
158014
158021
158025
158042
158048
158051
158067
158068
158071
158080
158086
158094
158097
158109
158110
158121
158133
158138
158140
158141
158143
158147
158160
158168
158169
158176
158181
158183
158190
158191
158192
158196
158204
158216
158224
158230
158231
158232
158234
158245
158249
158264
158267
158268
158269
158272
158275
158276
158282
158283
158284
158286
158289
158291
158292
158294
158296
158300
158301
158303
158313
158319
158327
158328
158330
158337
158338
158339
158341
158342
158344
158348
158350
158351
158353
158363
158365
158370
158374
158378
158380
158383
158390
158394
158396
158397
158401
158413
158418
158420
158425
158438
158441
158442
158444
158445
158446
158453
158464
158466
158467
158470
158472
158474
158475
158479
158481
158483
158487
158490
158497
158500
158503
158504
158505
158516
158517
158518
158520
158522
158525
158529
158530
158537
158539
158547
158558
158559
158563
158566
158567
158568
158572
158574
158575
158576
158580
158585
158590
158600
158603
158605
158606
158608
158610
158612
158615
158619
158620
158626
158632
158634
158637
158638
158642
158643
158645
158649
158650
158654
158663
158666
158667
158668
158669
158672
158673
158674
158675
158676
158686
158689
158690
158693
158695
158702
158703
158706
158718
158722
158724
158725
158730
158731
158732
158733
158735
158736
158738
158740
158743
158748
158749
158752
158753
158763
158768
158772
158777
158782
158785
158797
158805
158814
158815
158819
158820
158825
158830
158838
158842
158849
158855
158871
158883
158894
158916
158919
158926
158928
158931
158947
158949
158969
158974
158976
158979
158998
159003
159005
159006
159010
159026
159027
159028
159029
159030
159031
159032
159034
159035
159036
159037
159038
159039
159040
159042
159043
159045
159046
159049
159051
159052
159054
159056
159059
159060
159061
159062
159063
159065
159066
159067
159068
159069
159070
159074
159075
159076
159079
159080
159082
159087
159089
159090
159092
159094
159095
159096
159099
159100
159101
159108
159110
159113
159114
159117
159118
159120
159121
159123
159131
159133
159141
159142
159143
159147
159150
159151
159153
159154
159156
159163
159165
159169
159170
159172
159175
159184
159186
159187
159193
159194
159196
159200
159214
159215
159218
159219
159222
159223
159226
159227
159233
159234
159236
159237
159238
159240
159243
159251
159252
159253
159260
159265
159267
159268
159270
159277
159280
159281
159283
159290
159293
159295
159297
159299
159303
159304
159306
159307
159313
159315
159319
159320
159322
159323
159327
159329
159331
159338
159340
159344
159347
159349
159351
159356
159357
159358
159362
159365
159366
159367
159371
159380
159381
159388
159389
159391
159392
159393
159395
159396
159400
159405
159412
159416
159418
159419
159422
159424
159427
159433
159434
159438
159442
159448
159449
159450
159452
159454
159460
159463
159465
159469
159470
159471
159477
159483
159484
159487
159488
159489
159492
159496
159497
159499
159501
159503
159516
159519
159521
159527
159529
159533
159534
159535
159536
159541
159545
159554
159556
159557
159566
159570
159571
159577
159580
159582
159590
159593
159594
159605
159625
159631
159633
159653
159658
159659
159660
159666
159668
159669
159678
159679
159681
159687
159695
159696
159704
159707
159712
159713
159721
159723
159726
159733
159737
159742
159749
159753
159759
159760
159765
159769
159771
159777
159787
159789
159793
159796
159802
159803
159805
159806
159809
159812
159817
159824
159829
159835
159836
159848
159850
159852
159859
159863
159864
159866
159873
159874
159881
159885
159889
159894
159908
159909
159912
159923
159926
159927
159928
159938
159941
159942
159946
159949
159962
159971
159973
159975
159976
159977
159979
159993
159999
160002
160018
160023
160032
160035
160047
160050
160051
160054
160062
160066
160078
160086
160088
160093
160106
160109
160115
160116
160117
160123
160124
160125
160128
160129
160134
160135
160142
160146
160149
160152
160154
160162
160172
160175
160183
160186
160188
160193
160195
160197
160202
160212
160219
160221
160222
160232
160233
160246
160250
160254
160259
160263
160283
160285
160291
160295
160314
160315
160316
160322
160328
160334
160344
160359
160360
160366
160372
160373
160375
160376
160383
160384
160396
160399
160405
160413
160415
160430
160442
160449
160453
160455
160460
160473
160479
160482
160494
160495
160496
160501
160510
160516
160521
160526
160530
160541
160545
160547
160554
160558
160564
160569
160578
160593
160596
160604
160605
160612
160614
160615
160630
160632
160635
160642
160644
160649
160667
160671
160673
160675
160682
160683
160693
160694
160695
160698
160704
160710
160713
160717
160734
160740
160742
160745
160747
160750
160756
160758
160761
160764
160766
160767
160768
160769
160776
160778
160782
160783
160784
160790
160795
160799
160802
160819
160827
160836
160839
160843
160845
160846
160847
160849
160852
160857
160859
160860
160862
160877
160882
160883
160885
160894
160899
160909
160925
160926
160929
160930
160936
160951
160953
160954
160966
160967
160993
161005
161007
161008
161018
161028
161043
161048
161058
161059
161060
161080
161091
161099
161100
161102
161113
161116
161119
161124
161125
161131
161134
161135
161136
161141
161159
161161
161163
161170
161172
161173
161174
161178
161183
161201
161215
161216
161229
161230
161233
161237
161241
161242
161258
161267
161273
161277
161278
161281
161285
161288
161290
161291
161299
161308
161317
161324
161335
161337
161339
161351
161357
161360
161364
161365
161371
161373
161382
161392
161398
161414
161416
161420
161426
161430
161442
161446
161450
161457
161469
161471
161475
161477
161478
161484
161485
161489
161493
161498
161509
161519
161521
161523
161525
161535
161536
161537
161541
161543
161545
161552
161559
161573
161583
161612
161614
161617
161623
161624
161627
161629
161641
161644
161651
161663
161677
161694
161700
161702
161712
161718
161739
161743
161745
161748
161755
161757
161775
161782
161786
161795
161796
161799
161800
161801
161809
161810
161833
161837
161844
161846
161847
161848
161854
161865
161866
161869
161873
161879
161883
161884
161893
161901
161905
161907
161910
161924
161935
161939
161944
161951
161954
161962
161966
161978
161995
161997
161998
162004
162005
162007
162025
162028
162035
162036
162056
162060
162064
162090
162097
162106
162109
162112
162119
162121
162125
162127
162130
162138
162143
162146
162147
162148
162151
162157
162158
162161
162162
162165
162170
162176
162191
162192
162200
162201
162203
162206
162210
162232
162244
162256
162275
162280
162288
162292
162297
162304
162314
162321
162323
162335
162342
162346
162347
162352
162356
162364
162366
162369
162381
162385
162391
162397
162407
162430
162432
162442
162443
162459
162462
162472
162474
162475
162485
162486
162489
162493
162497
162499
162504
162509
162528
162541
162543
162546
162547
162553
162556
162561
162564
162570
162582
162591
162593
162594
162595
162597
162600
162605
162607
162610
162614
162615
162633
162641
162657
162670
162675
162679
162683
162684
162687
162693
162698
162707
162730
162738
162743
162747
162751
162754
162761
162763
162764
162767
162769
162779
162780
162789
162790
162793
162798
162799
162818
162830
162835
162836
162839
162843
162861
162879
162881
162884
162888
162890
162896
162902
162916
162917
162926
162936
162943
162947
162948
162951
162952
162961
162962
162978
162979
162982
162987
162990
163010
163015
163022
163027
163028
163035
163045
163052
163055
163057
163059
163063
163082
163107
163109
163114
163120
163126
163129
163132
163133
163134
163138
163144
163165
163169
163171
163174
163183
163184
163186
163205
163211
163213
163215
163217
163226
163227
163242
163260
163266
163269
163270
163284
163293
163295
163313
163318
163337
163345
163347
163352
163365
163371
163380
163385
163395
163401
163406
163409
163417
163420
163422
163427
163436
163442
163447
163452
163462
163466
163469
163473
163476
163480
163485
163487
163494
163495
163500
163514
163517
163528
163530
163540
163542
163545
163546
163548
163556
163560
163566
163570
163575
163591
163602
163604
163614
163616
163617
163622
163623
163655
163660
163667
163673
163675
163685
163687
163703
163712
163713
163715
163720
163731
163739
163743
163748
163762
163765
163770
163773
163776
163780
163781
163786
163804
163807
163808
163834
163839
163842
163855
163862
163867
163868
163872
163873
163890
163891
163896
163898
163900
163903
163918
163922
163923
163927
163929
163932
163934
163935
163945
163950
163961
163968
163976
163981
163982
163983
164000
164006
164009
164010
164011
164013
164017
164018
164023
164040
164043
164055
164065
164071
164074
164079
164085
164100
164106
164107
164109
164113
164116
164134
164137
164141
164152
164153
164161
164171
164183
164184
164189
164209
164211
164231
164243
164245
164248
164250
164251
164256
164259
164261
164289
164311
164323
164334
164361
164374
164378
164382
164392
164412
164415
164416
164417
164418
164419
164420
164433
164446
164467
164469
164476
164483
164490
164492
164494
164501
164502
164503
164504
164512
164514
164522
164524
164532
164541
164546
164549
164551
164555
164561
164579
164582
164590
164592
164597
164607
164611
164616
164627
164629
164634
164638
164651
164658
164677
164681
164683
164685
164688
164695
164698
164710
164723
164724
164726
164731
164746
164754
164755
164758
164765
164789
164798
164822
164833
164848
164850
164856
164866
164872
164875
164888
164898
164904
164905
164906
164909
164917
164919
164920
164927
164939
164942
164946
164960
164961
164970
164974
164991
164996
165010
165022
165025
165028
165031
165043
165064
165069
165079
165080
165085
165103
165111
165144
165146
165149
165159
165161
165165
165169
165170
165171
165175
165204
165205
165207
165219
165235
165237
165238
165240
165257
165263
165307
165314
165315
165325
165327
165328
165331
165335
165343
165345
165347
165358
165361
165366
165367
165373
165380
165382
165383
165387
165392
165395
165396
165397
165427
165444
165450
165454
165455
165459
165460
165474
165485
165496
165497
165498
165501
165502
165511
165512
165520
165524
165529
165545
165546
165547
165556
165559
165561
165569
165576
165583
165584
165596
165602
165603
165604
165614
165616
165617
165619
165651
165666
165669
165674
165676
165681
165683
165712
165713
165714
165716
165717
165745
165754
165756
165761
165772
165777
165779
165785
165791
165792
165799
165809
165815
165819
165835
165841
165843
165851
165856
165877
165895
165897
165910
165920
165921
165923
165924
165931
165936
165947
165948
165963
165966
165974
165979
165983
165984
165986
165989
165993
165994
165999
166004
166010
166011
166022
166029
166043
166047
166059
166066
166067
166072
166078
166082
166084
166090
166115
166120
166121
166128
166146
166152
166157
166172
166173
166179
166196
166202
166214
166217
166218
166221
166232
166238
166249
166251
166252
166266
166284
166293
166308
166310
166312
166315
166317
166340
166349
166353
166355
166372
166373
166383
166387
166391
166399
166403
166405
166410
166415
166443
166449
166450
166458
166462
166469
166485
166493
166495
166505
166506
166518
166522
166532
166547
166551
166552
166563
166565
166575
166576
166582
166585
166592
166595
166610
166611
166630
166634
166635
166636
166650
166659
166666
166669
166674
166677
166679
166680
166694
166708
166716
166720
166733
166742
166763
166771
166786
166813
166815
166820
166841
166844
166860
166867
166869
166874
166879
166881
166897
166907
166918
166922
166923
166930
166942
166945
166955
166957
166966
166972
166976
166979
166982
166984
166994
167014
167015
167016
167022
167029
167048
167052
167068
167069
167090
167097
167106
167125
167130
167134
167141
167156
167162
167168
167170
167182
167185
167193
167206
167207
167209
167214
167220
167229
167240
167245
167250
167266
167268
167270
167283
167285
167286
167296
167303
167304
167306
167314
167318
167319
167329
167339
167340
167349
167354
167358
167359
167360
167369
167377
167383
167390
167396
167426
167430
167432
167433
167438
167451
167453
167462
167465
167466
167471
167473
167475
167483
167486
167493
167505
167506
167532
167534
167536
167537
167544
167559
167564
167568
167570
167578
167592
167596
167601
167613
167619
167625
167635
167641
167646
167654
167655
167656
167664
167669
167672
167684
167688
167691
167699
167703
167706
167717
167721
167724
167726
167730
167731
167732
167740
167753
167761
167779
167791
167794
167795
167797
167820
167821
167830
167834
167835
167839
167848
167858
167862
167889
167918
167940
167947
167953
167963
167967
167989
167990
167991
167992
167994
168001
168003
168009
168017
168026
168044
168045
168049
168056
168062
168075
168093
168098
168110
168114
168126
168129
168131
168145
168151
168152
168160
168182
168193
168194
168196
168200
168204
168205
168213
168214
168218
168220
168224
168231
168234
168236
168245
168261
168267
168271
168280
168288
168292
168303
168305
168306
168309
168311
168312
168313
168314
168317
168320
168321
168325
168329
168333
168334
168340
168349
168359
168376
168385
168391
168396
168399
168404
168413
168417
168419
168432
168460
168461
168476
168479
168483
168488
168492
168509
168512
168517
168522
168531
168542
168548
168553
168556
168559
168561
168567
168578
168596
168598
168606
168613
168615
168617
168620
168627
168631
168632
168633
168640
168641
168643
168649
168657
168664
168666
168670
168673
168681
168686
168692
168698
168712
168715
168718
168721
168722
168731
168733
168742
168747
168764
168766
168771
168777
168778
168779
168783
168786
168807
168818
168823
168832
168841
168847
168850
168855
168856
168861
168865
168868
168876
168878
168886
168889
168897
168899
168900
168901
168906
168912
168913
168920
168923
168930
168931
168934
168936
168937
168945
168949
168951
168953
168956
168958
168959
168961
168964
168971
168975
168977
168979
168987
168991
169001
169011
169023
169042
169054
169056
169086
169092
169095
169103
169108
169111
169114
169116
169120
169130
169134
169143
169150
169169
169183
169185
169189
169199
169222
169224
169227
169246
169247
169286
169300
169318
169347
169350
169361
169386
169389
169394
169396
169404
169415
169417
169425
169484
169518
169533
169553
169577
169606
169612
169614
169615
169619
169629
169639
169641
169650
169699
169706
169719
169721
169722
169728
169736
169742
169753
169760
169784
169788
169795
169796
169797
169800
169814
169817
169818
169822
169823
169832
169842
169848
169859
169866
169883
169887
169892
169921
169922
169926
169929
169930
169932
169938
169948
169951
169952
169959
169961
169965
169969
169977
169978
169983
169988
169998
170000
170002
170021
170022
170033
170042
170045
170053
170055
170061
170077
170078
170083
170091
170095
170101
170103
170109
170113
170116
170121
170124
170130
170132
170139
170141
170143
170146
170147
170149
170153
170154
170163
170164
170170
170175
170188
170189
170199
170201
170202
170204
170215
170217
170218
170219
170220
170222
170224
170235
170236
170237
170240
170245
170247
170253
170257
170265
170266
170267
170272
170275
170281
170282
170285
170286
170291
170292
170294
170295
170300
170311
170312
170320
170329
170334
170335
170340
170341
170353
170357
170359
170362
170367
170369
170378
170382
170384
170388
170390
170391
170392
170394
170395
170398
170400
170404
170407
170409
170410
170412
170413
170415
170417
170421
170423
170427
170429
170434
170438
170442
170443
170448
170460
170462
170463
170465
170467
170476
170477
170479
170484
170486
170491
170497
170499
170509
170519
170530
170544
170546
170549
170550
170551
170552
170553
170559
170565
170570
170575
170577
170580
170584
170587
170588
170594
170599
170600
170617
170618
170627
170628
170634
170635
170636
170637
170638
170644
170648
170650
170652
170658
170668
170672
170689
170700
170701
170708
170710
170712
170714
170718
170726
170740
170741
170744
170755
170758
170759
170762
170763
170765
170770
170771
170774
170777
170781
170783
170789
170792
170796
170798
170799
170802
170804
170813
170821
170822
170836
170838
170847
170849
170852
170853
170855
170861
170863
170866
170868
170870
170875
170880
170883
170889
170891
170895
170901
170909
170914
170915
170916
170917
170918
170922
170926
170935
170939
170941
170942
170946
170948
170952
170957
170958
170960
170962
170967
170968
170976
170978
170981
170992
170995
170996
171000
171003
171005
171008
171011
171019
171026
171030
171034
171051
171052
171056
171061
171062
171065
171081
171082
171095
171096
171098
171099
171101
171105
171112
171114
171115
171120
171121
171123
171127
171131
171132
171133
171136
171142
171144
171146
171149
171155
171157
171158
171160
171166
171171
171173
171177
171179
171183
171189
171194
171198
171200
171204
171209
171215
171224
171225
171228
171231
171238
171239
171243
171245
171248
171251
171253
171257
171262
171267
171272
171275
171279
171283
171285
171290
171296
171297
171302
171303
171308
171325
171339
171346
171355
171356
171360
171366
171377
171378
171380
171381
171387
171388
171389
171390
171391
171394
171398
171404
171408
171414
171415
171416
171419
171421
171422
171430
171431
171434
171436
171440
171446
171447
171454
171455
171458
171469
171471
171472
171473
171477
171483
171484
171488
171492
171493
171494
171495
171500
171505
171506
171516
171518
171520
171523
171533
171539
171540
171544
171547
171554
171558
171559
171560
171564
171566
171578
171588
171592
171593
171594
171603
171611
171624
171626
171632
171633
171634
171636
171639
171640
171642
171650
171652
171653
171655
171664
171676
171679
171681
171682
171685
171688
171691
171692
171693
171702
171703
171704
171715
171717
171720
171721
171722
171730
171731
171733
171735
171740
171741
171745
171753
171756
171758
171766
171767
171768
171775
171780
171783
171786
171790
171795
171798
171803
171813
171815
171817
171820
171825
171826
171831
171834
171844
171850
171854
171863
171864
171866
171867
171870
171876
171877
171878
171879
171885
171886
171887
171890
171893
171901
171912
171913
171914
171916
171918
171921
171924
171926
171928
171935
171948
171949
171950
171955
171964
171966
171970
171983
171984
171985
171986
171988
171991
171992
171994
171995
172002
172003
172007
172010
172012
172027
172029
172038
172042
172044
172051
172054
172061
172064
172068
172073
172074
172081
172085
172093
172094
172099
172102
172104
172105
172108
172109
172111
172116
172117
172118
172119
172123
172126
172129
172132
172133
172146
172147
172152
172153
172154
172155
172157
172158
172160
172163
172166
172171
172180
172191
172192
172193
172194
172198
172199
172200
172202
172203
172204
172211
172213
172214
172219
172220
172228
172236
172245
172250
172255
172260
172268
172277
172280
172282
172289
172293
172297
172299
172305
172319
172320
172326
172328
172331
172332
172335
172336
172337
172340
172343
172345
172347
172353
172360
172367
172374
172375
172380
172384
172390
172393
172399
172402
172410
172414
172415
172419
172422
172426
172427
172453
172459
172465
172466
172471
172473
172476
172478
172479
172483
172490
172507
172512
172518
172525
172530
172532
172533
172538
172543
172545
172556
172558
172559
172571
172573
172586
172588
172595
172596
172612
172614
172628
172637
172638
172639
172640
172642
172660
172664
172665
172666
172669
172670
172675
172676
172678
172680
172681
172684
172690
172694
172701
172712
172713
172714
172719
172721
172722
172727
172728
172730
172732
172740
172746
172749
172751
172753
172756
172757
172765
172766
172774
172779
172786
172792
172793
172801
172810
172816
172831
172835
172844
172848
172851
172854
172865
172871
172873
172874
172877
172882
172895
172896
172899
172912
172914
172927
172928
172929
172934
172941
172943
172945
172952
172958
172963
172965
172977
172995
173007
173011
173017
173026
173028
173031
173042
173044
173049
173052
173053
173055
173056
173060
173062
173064
173065
173071
173080
173082
173088
173094
173096
173100
173104
173108
173109
173115
173120
173121
173122
173128
173129
173139
173146
173147
173150
173151
173162
173163
173170
173178
173184
173187
173190
173198
173201
173202
173204
173205
173218
173219
173232
173241
173251
173253
173255
173256
173258
173266
173271
173283
173285
173286
173288
173292
173294
173299
173302
173304
173307
173308
173311
173313
173325
173326
173330
173331
173333
173335
173338
173339
173342
173345
173346
173347
173360
173364
173367
173369
173378
173381
173383
173384
173400
173405
173407
173415
173416
173417
173418
173419
173420
173421
173423
173424
173427
173436
173438
173441
173443
173453
173455
173460
173466
173468
173475
173486
173487
173488
173494
173498
173508
173516
173518
173525
173527
173532
173539
173541
173548
173556
173563
173568
173569
173573
173574
173576
173592
173598
173600
173601
173607
173611
173612
173619
173620
173624
173625
173627
173641
173644
173645
173647
173656
173659
173662
173666
173667
173675
173679
173685
173686
173687
173694
173697
173698
173704
173711
173713
173719
173722
173724
173729
173735
173736
173738
173745
173747
173748
173752
173757
173758
173759
173770
173775
173779
173780
173785
173787
173791
173793
173807
173829
173833
173836
173841
173846
173847
173848
173850
173856
173865
173866
173872
173885
173886
173887
173890
173891
173901
173904
173908
173910
173919
173920
173926
173933
173947
173955
173961
173964
173975
173976
173977
173980
173983
173991
173992
173997
174002
174004
174005
174010
174014
174015
174025
174027
174032
174035
174038
174039
174045
174046
174053
174060
174061
174077
174078
174080
174081
174089
174104
174105
174113
174116
174117
174120
174122
174129
174131
174139
174150
174155
174160
174167
174169
174174
174176
174178
174180
174183
174185
174188
174192
174198
174218
174220
174234
174240
174242
174249
174252
174253
174257
174268
174272
174273
174275
174293
174295
174301
174306
174307
174315
174318
174320
174322
174325
174326
174335
174340
174343
174354
174359
174383
174389
174396
174412
174413
174426
174437
174443
174452
174457
174461
174465
174477
174480
174486
174488
174490
174494
174497
174507
174508
174509
174512
174515
174526
174530
174531
174532
174533
174541
174545
174548
174553
174558
174561
174571
174583
174584
174585
174590
174592
174594
174595
174597
174598
174602
174603
174607
174610
174618
174621
174623
174626
174643
174645
174651
174655
174662
174665
174669
174683
174684
174689
174691
174693
174704
174713
174719
174722
174732
174736
174737
174738
174740
174744
174745
174751
174755
174771
174774
174778
174780
174781
174784
174785
174788
174798
174800
174819
174825
174828
174835
174836
174841
174842
174845
174853
174855
174856
174858
174859
174891
174892
174894
174896
174897
174899
174901
174915
174917
174918
174919
174920
174921
174923
174933
174945
174948
174958
174959
174961
174968
174983
174987
174994
174996
175003
175005
175006
175009
175012
175019
175022
175028
175029
175034
175036
175049
175051
175054
175056
175062
175066
175072
175074
175083
175093
175101
175103
175109
175118
175120
175123
175129
175139
175144
175147
175155
175167
175176
175178
175188
175205
175216
175217
175220
175224
175226
175231
175236
175240
175245
175246
175247
175263
175267
175269
175271
175296
175297
175301
175311
175317
175319
175320
175322
175329
175331
175332
175338
175342
175344
175351
175352
175360
175361
175368
175370
175375
175385
175390
175391
175393
175400
175402
175409
175412
175420
175423
175426
175435
175440
175444
175447
175455
175456
175463
175468
175469
175474
175475
175478
175479
175500
175501
175524
175527
175528
175534
175535
175537
175543
175546
175551
175552
175559
175560
175562
175563
175564
175567
175570
175574
175575
175584
175593
175598
175601
175606
175609
175620
175621
175629
175639
175640
175641
175648
175653
175655
175657
175658
175664
175670
175677
175687
175688
175690
175701
175710
175716
175717
175720
175729
175740
175742
175746
175751
175756
175762
175768
175774
175788
175805
175809
175814
175821
175822
175823
175829
175839
175841
175844
175851
175855
175856
175859
175861
175865
175868
175870
175875
175881
175887
175889
175894
175904
175907
175908
175912
175922
175932
175938
175941
175947
175949
175954
175964
175967
175972
175976
175982
175983
176000
176009
176017
176023
176029
176032
176036
176041
176046
176047
176049
176052
176057
176066
176067
176068
176071
176084
176085
176095
176096
176097
176107
176108
176116
176117
176123
176124
176125
176129
176136
176138
176141
176142
176143
176148
176151
176156
176160
176162
176166
176168
176184
176188
176190
176200
176201
176203
176204
176207
176213
176214
176215
176217
176220
176236
176244
176249
176250
176253
176260
176264
176266
176273
176274
176291
176296
176300
176304
176305
176306
176308
176311
176317
176321
176331
176333
176349
176353
176357
176358
176362
176363
176371
176374
176376
176385
176388
176389
176402
176414
176420
176427
176430
176433
176439
176446
176462
176478
176479
176481
176482
176485
176487
176492
176494
176509
176519
176529
176534
176541
176542
176544
176546
176549
176566
176579
176581
176583
176587
176593
176595
176596
176599
176602
176603
176607
176613
176617
176619
176624
176625
176637
176646
176661
176665
176670
176689
176696
176706
176708
176713
176716
176719
176725
176726
176728
176731
176737
176744
176756
176764
176771
176784
176789
176791
176802
176803
176809
176811
176812
176819
176823
176825
176834
176838
176849
176853
176855
176863
176865
176870
176873
176874
176875
176881
176882
176886
176888
176891
176894
176898
176903
176906
176907
176911
176921
176922
176924
176937
176952
176955
176958
176972
176976
176981
176992
177007
177017
177024
177025
177034
177037
177044
177050
177051
177059
177061
177067
177073
177078
177084
177097
177100
177103
177109
177116
177118
177120
177128
177131
177133
177147
177153
177157
177163
177167
177175
177192
177194
177200
177206
177209
177215
177216
177220
177221
177231
177239
177246
177250
177252
177256
177261
177269
177270
177274
177292
177299
177302
177311
177317
177318
177332
177335
177341
177345
177349
177350
177351
177360
177361
177369
177371
177374
177377
177397
177403
177411
177412
177419
177423
177434
177438
177447
177449
177450
177454
177459
177471
177472
177484
177485
177487
177488
177489
177495
177497
177501
177503
177518
177523
177538
177539
177542
177564
177565
177566
177567
177575
177582
177587
177592
177601
177608
177613
177620
177633
177644
177659
177662
177663
177673
177678
177680
177691
177696
177702
177708
177709
177717
177720
177722
177725
177733
177734
177741
177742
177744
177747
177749
177753
177755
177759
177764
177765
177771
177772
177774
177777
177782
177784
177788
177790
177797
177798
177802
177822
177832
177833
177838
177845
177847
177850
177862
177867
177883
177894
177916
177917
177919
177929
177932
177933
177936
177938
177939
177941
177948
177953
177954
177959
177964
177965
177970
178007
178008
178011
178023
178027
178028
178047
178048
178049
178053
178056
178063
178082
178087
178108
178110
178122
178123
178125
178133
178137
178147
178148
178149
178151
178153
178169
178172
178176
178181
178182
178184
178193
178204
178216
178217
178218
178225
178229
178230
178233
178234
178236
178247
178259
178260
178261
178262
178267
178276
178290
178296
178306
178309
178322
178325
178343
178363
178378
178396
178397
178400
178408
178409
178416
178418
178437
178438
178442
178443
178459
178475
178477
178478
178480
178481
178485
178486
178503
178504
178515
178518
178534
178537
178543
178549
178559
178570
178571
178581
178588
178590
178595
178597
178598
178600
178627
178636
178637
178642
178660
178668
178671
178673
178674
178686
178688
178689
178694
178695
178702
178703
178709
178710
178711
178712
178715
178717
178720
178727
178733
178738
178740
178747
178753
178756
178759
178768
178780
178798
178804
178807
178817
178828
178832
178839
178841
178844
178848
178871
178872
178874
178880
178883
178884
178892
178894
178895
178898
178899
178906
178915
178921
178923
178925
178926
178953
178962
178967
178983
178988
178990
178992
178993
179007
179009
179024
179036
179044
179045
179055
179060
179064
179065
179067
179068
179079
179080
179084
179092
179094
179099
179120
179131
179132
179143
179162
179174
179178
179179
179194
179203
179205
179215
179216
179224
179225
179233
179249
179275
179277
179279
179284
179291
179298
179302
179306
179308
179315
179317
179319
179321
179336
179340
179344
179352
179357
179372
179374
179375
179384
179386
179387
179390
179396
179397
179403
179409
179411
179422
179427
179428
179429
179431
179432
179439
179441
179445
179446
179458
179479
179480
179481
179485
179491
179498
179511
179513
179524
179525
179527
179549
179555
179559
179563
179565
179566
179568
179580
179586
179589
179592
179602
179603
179608
179609
179619
179622
179643
179648
179650
179652
179659
179666
179669
179686
179699
179706
179707
179713
179714
179715
179716
179723
179732
179736
179739
179743
179744
179753
179755
179769
179780
179796
179797
179806
179808
179821
179823
179834
179837
179845
179846
179851
179853
179854
179864
179870
179873
179874
179876
179887
179888
179902
179905
179937
179942
179944
179951
179955
179957
179963
179965
179979
179989
179991
179993
179997
180003
180009
180027
180031
180043
180050
180064
180075
180082
180084
180085
180088
180093
180095
180112
180116
180124
180127
180134
180143
180153
180155
180167
180178
180187
180191
180198
180203
180217
180225
180233
180236
180238
180246
180247
180250
180269
180274
180276
180278
180287
180290
180294
180298
180313
180318
180326
180348
180349
180351
180353
180359
180368
180371
180378
180382
180385
180391
180397
180399
180400
180406
180408
180409
180411
180419
180424
180431
180439
180444
180445
180451
180454
180460
180463
180469
180474
180475
180480
180482
180483
180485
180488
180490
180506
180518
180534
180543
180548
180559
180561
180562
180568
180575
180577
180581
180585
180587
180594
180598
180605
180610
180625
180627
180636
180643
180645
180648
180661
180662
180663
180666
180670
180671
180672
180674
180684
180691
180692
180700
180702
180721
180723
180724
180746
180753
180757
180765
180772
180775
180780
180782
180808
180809
180811
180820
180827
180828
180837
180838
180839
180849
180853
180857
180860
180877
180880
180890
180894
180912
180939
180941
180946
180957
180961
180962
180966
180970
180976
180978
180979
180981
180982
180987
180989
180990
180991
180995
180996
181000
181008
181021
181032
181034
181044
181045
181048
181051
181079
181083
181084
181085
181095
181098
181107
181118
181120
181124
181127
181133
181134
181136
181144
181156
181161
181164
181168
181176
181185
181194
181203
181205
181208
181213
181216
181220
181222
181226
181241
181245
181250
181259
181260
181265
181270
181273
181274
181291
181293
181302
181303
181308
181313
181317
181318
181324
181326
181327
181330
181345
181356
181363
181364
181365
181368
181374
181378
181391
181397
181402
181406
181408
181415
181418
181425
181429
181431
181433
181445
181453
181457
181460
181474
181482
181489
181491
181494
181496
181497
181498
181503
181509
181510
181517
181522
181524
181541
181542
181543
181544
181569
181584
181592
181593
181595
181602
181605
181607
181610
181611
181613
181617
181618
181622
181629
181639
181653
181663
181671
181683
181691
181692
181703
181706
181709
181721
181725
181728
181734
181748
181757
181758
181763
181764
181767
181778
181779
181786
181788
181794
181801
181807
181810
181814
181820
181829
181834
181841
181842
181846
181847
181853
181856
181861
181864
181873
181874
181877
181881
181897
181900
181911
181917
181919
181920
181923
181928
181931
181932
181934
181943
181945
181947
181957
181960
181964
181965
181972
181979
181996
181997
181999
182000
182004
182007
182015
182023
182024
182030
182032
182033
182043
182045
182049
182051
182060
182062
182066
182069
182074
182084
182097
182108
182114
182120
182128
182130
182132
182136
182138
182150
182153
182155
182168
182172
182182
182183
182185
182186
182187
182197
182219
182221
182224
182225
182234
182237
182242
182262
182267
182270
182279
182288
182314
182318
182328
182330
182362
182364
182366
182368
182375
182387
182391
182395
182406
182412
182423
182426
182427
182428
182433
182437
182438
182445
182450
182453
182456
182459
182461
182465
182468
182475
182478
182484
182494
182503
182512
182520
182528
182532
182534
182539
182545
182546
182574
182575
182576
182579
182580
182581
182582
182585
182595
182596
182598
182599
182621
182629
182631
182633
182636
182640
182641
182643
182646
182656
182657
182658
182667
182669
182670
182678
182682
182685
182688
182689
182690
182698
182705
182718
182729
182731
182732
182733
182736
182751
182752
182771
182772
182773
182774
182779
182790
182791
182792
182793
182811
182818
182822
182823
182835
182836
182838
182840
182852
182859
182860
182861
182862
182865
182867
182885
182886
182889
182890
182892
182894
182898
182899
182904
182911
182917
182924
182926
182930
182931
182938
182939
182940
182944
182948
182956
182962
182981
182987
182992
182995
183003
183008
183015
183026
183029
183032
183039
183041
183056
183059
183062
183067
183073
183081
183086
183087
183089
183091
183113
183132
183134
183137
183145
183148
183157
183181
183187
183192
183194
183201
183202
183214
183219
183224
183238
183248
183250
183258
183273
183275
183277
183278
183279
183280
183288
183289
183296
183302
183305
183311
183314
183319
183320
183324
183325
183326
183329
183330
183332
183334
183348
183374
183379
183380
183393
183398
183406
183407
183409
183421
183424
183439
183440
183443
183445
183454
183463
183464
183477
183479
183480
183483
183492
183500
183503
183506
183507
183511
183519
183521
183542
183543
183546
183552
183557
183582
183595
183598
183613
183615
183620
183622
183626
183630
183635
183639
183640
183641
183645
183658
183672
183682
183712
183721
183729
183742
183751
183756
183777
183778
183780
183785
183789
183790
183797
183798
183802
183808
183814
183815
183817
183819
183823
183836
183838
183841
183845
183849
183851
183858
183859
183873
183874
183875
183876
183891
183893
183900
183902
183906
183910
183912
183917
183932
183944
183976
183977
183984
183996
183997
183998
184006
184011
184020
184034
184040
184048
184055
184056
184069
184088
184094
184099
184105
184115
184119
184121
184125
184127
184134
184140
184145
184147
184149
184152
184156
184157
184158
184166
184176
184180
184183
184191
184196
184201
184206
184225
184227
184255
184261
184263
184265
184272
184281
184285
184310
184312
184328
184331
184334
184336
184341
184344
184354
184355
184369
184373
184375
184377
184382
184384
184392
184400
184401
184412
184423
184425
184432
184436
184442
184449
184457
184470
184494
184514
184536
184538
184544
184552
184563
184571
184572
184579
184581
184587
184591
184595
184596
184618
184626
184628
184632
184633
184636
184637
184638
184643
184646
184650
184675
184694
184702
184712
184729
184735
184738
184763
184765
184766
184769
184776
184778
184780
184781
184783
184787
184789
184793
184797
184810
184812
184817
184819
184821
184822
184829
184830
184833
184843
184850
184858
184866
184867
184870
184873
184874
184882
184883
184884
184887
184892
184897
184902
184906
184924
184926
184930
184934
184938
184946
184950
184954
184956
184958
184966
184971
184984
184990
184993
184996
185012
185028
185038
185039
185042
185061
185063
185065
185067
185068
185077
185091
185111
185112
185120
185123
185139
185158
185169
185174
185176
185184
185187
185189
185196
185197
185202
185207
185209
185216
185250
185251
185252
185254
185255
185267
185276
185283
185293
185295
185296
185309
185317
185332
185348
185363
185375
185381
185383
185386
185387
185396
185397
185411
185415
185418
185424
185427
185433
185435
185438
185440
185444
185448
185453
185454
185455
185460
185464
185467
185468
185473
185481
185482
185486
185490
185493
185497
185504
185505
185510
185513
185522
185525
185531
185539
185546
185551
185554
185557
185566
185599
185613
185617
185620
185626
185644
185648
185655
185667
185671
185673
185677
185682
185693
185698
185701
185702
185707
185709
185715
185727
185733
185738
185740
185754
185755
185762
185764
185777
185787
185790
185796
185803
185804
185805
185809
185815
185823
185837
185841
185842
185843
185852
185862
185866
185868
185869
185880
185884
185908
185913
185915
185920
185925
185930
185935
185942
185948
185949
185952
185954
185971
185982
185989
185990
185991
185993
186005
186017
186018
186019
186030
186031
186036
186040
186041
186043
186048
186053
186056
186058
186065
186068
186079
186082
186111
186122
186124
186140
186142
186156
186172
186173
186180
186184
186189
186191
186199
186204
186215
186218
186228
186229
186234
186237
186238
186240
186244
186246
186255
186261
186270
186280
186287
186297
186312
186320
186337
186345
186348
186355
186357
186361
186374
186377
186380
186393
186399
186408
186411
186430
186440
186458
186462
186469
186472
186475
186478
186497
186506
186511
186513
186526
186527
186528
186541
186553
186554
186557
186570
186577
186582
186583
186585
186588
186591
186600
186633
186639
186643
186646
186650
186651
186658
186660
186669
186671
186679
186680
186688
186716
186725
186732
186734
186746
186747
186757
186762
186772
186773
186776
186787
186793
186794
186803
186806
186807
186808
186811
186815
186839
186840
186841
186846
186849
186851
186854
186855
186869
186875
186877
186878
186879
186889
186893
186894
186898
186899
186902
186904
186909
186921
186922
186939
186959
186964
186969
186976
186983
186990
186992
187002
187004
187008
187010
187018
187019
187023
187042
187050
187053
187055
187056
187062
187063
187065
187070
187075
187084
187087
187088
187098
187099
187103
187112
187117
187125
187128
187129
187133
187134
187135
187142
187155
187164
187165
187170
187176
187181
187189
187191
187196
187197
187201
187204
187211
187212
187215
187229
187238
187246
187251
187256
187258
187267
187277
187282
187291
187293
187299
187309
187317
187324
187337
187341
187345
187351
187353
187364
187366
187375
187384
187392
187403
187408
187413
187431
187434
187437
187443
187449
187454
187457
187459
187476
187478
187489
187495
187498
187500
187502
187510
187517
187525
187535
187549
187560
187566
187572
187573
187583
187589
187590
187594
187603
187604
187608
187609
187616
187617
187618
187624
187628
187637
187646
187648
187652
187654
187658
187660
187662
187677
187701
187709
187710
187715
187716
187722
187726
187728
187731
187742
187743
187755
187758
187761
187764
187768
187779
187784
187790
187794
187799
187804
187807
187808
187811
187838
187844
187849
187858
187869
187872
187873
187875
187893
187894
187898
187899
187904
187920
187922
187925
187935
187936
187938
187942
187946
187951
187952
187970
187973
187985
187990
188000
188001
188010
188011
188015
188034
188041
188051
188055
188056
188064
188065
188071
188072
188081
188082
188094
188100
188103
188112
188113
188117
188120
188124
188138
188146
188150
188186
188192
188206
188222
188248
188254
188259
188266
188269
188275
188283
188284
188289
188292
188305
188307
188310
188319
188325
188326
188330
188331
188332
188345
188346
188376
188381
188388
188390
188393
188394
188397
188398
188404
188405
188411
188412
188413
188422
188425
188427
188433
188452
188454
188460
188479
188484
188501
188506
188511
188514
188524
188525
188526
188536
188541
188542
188566
188571
188572
188575
188583
188585
188592
188601
188604
188610
188613
188625
188627
188638
188640
188648
188665
188677
188679
188680
188684
188689
188696
188698
188704
188726
188727
188729
188735
188739
188747
188767
188768
188772
188776
188786
188793
188807
188835
188836
188849
188853
188879
188897
188901
188908
188912
188915
188925
188927
188932
188952
188954
188955
188959
188960
188967
188970
188973
188985
188991
188997
189008
189011
189012
189013
189014
189016
189019
189023
189026
189035
189043
189046
189048
189053
189064
189065
189072
189073
189081
189082
189133
189138
189140
189142
189143
189148
189160
189171
189173
189181
189183
189188
189196
189208
189213
189217
189218
189219
189221
189224
189232
189242
189253
189258
189261
189263
189267
189268
189277
189278
189298
189301
189346
189353
189378
189381
189382
189393
189397
189400
189402
189412
189416
189425
189426
189427
189430
189431
189451
189468
189479
189481
189484
189497
189499
189500
189508
189510
189514
189528
189530
189533
189551
189564
189585
189590
189598
189601
189605
189614
189615
189618
189622
189631
189638
189640
189649
189653
189656
189658
189661
189671
189672
189675
189689
189706
189707
189712
189715
189719
189726
189738
189742
189753
189756
189759
189764
189767
189771
189774
189789
189793
189795
189800
189805
189816
189844
189845
189846
189854
189860
189865
189867
189869
189870
189881
189886
189890
189893
189898
189905
189907
189921
189931
189932
189936
189957
189961
189962
189971
189987
189994
189996
189998
190001
190006
190019
190020
190021
190025
190026
190027
190035
190043
190044
190045
190052
190061
190078
190079
190095
190115
190118
190123
190124
190125
190130
190151
190154
190163
190168
190175
190178
190182
190197
190201
190203
190218
190220
190225
190228
190232
190233
190234
190250
190251
190261
190262
190264
190271
190277
190285
190301
190312
190313
190315
190326
190329
190334
190351
190352
190357
190364
190367
190375
190376
190385
190402
190403
190410
190412
190414
190416
190433
190437
190443
190449
190455
190467
190477
190478
190479
190482
190483
190499
190506
190514
190515
190517
190524
190533
190560
190567
190573
190575
190576
190599
190604
190608
190610
190632
190642
190648
190658
190662
190680
190693
190697
190710
190723
190730
190759
190766
190786
190790
190792
190793
190806
190807
190811
190812
190815
190827
190834
190835
190842
190847
190851
190861
190863
190864
190865
190872
190875
190878
190900
190902
190907
190912
190946
190948
190952
190964
190970
190974
190978
190980
190983
190984
190993
191007
191008
191014
191020
191024
191029
191032
191036
191038
191052
191062
191074
191079
191082
191083
191084
191092
191097
191101
191103
191107
191108
191112
191123
191130
191131
191138
191150
191152
191153
191154
191155
191159
191181
191182
191183
191194
191208
191212
191214
191227
191230
191237
191242
191245
191250
191263
191268
191271
191273
191280
191283
191285
191297
191305
191307
191310
191318
191323
191325
191331
191333
191338
191340
191343
191362
191372
191382
191387
191389
191390
191400
191401
191410
191412
191428
191431
191438
191440
191447
191451
191455
191462
191463
191465
191473
191483
191487
191491
191495
191500
191505
191507
191510
191514
191524
191526
191527
191528
191535
191537
191543
191544
191547
191553
191557
191568
191570
191588
191599
191618
191619
191621
191624
191630
191631
191645
191652
191656
191657
191663
191675
191701
191704
191712
191713
191724
191727
191732
191736
191737
191757
191764
191770
191778
191781
191784
191790
191805
191813
191818
191830
191835
191838
191847
191853
191859
191875
191879
191881
191886
191899
191907
191910
191911
191943
191950
191958
191965
191976
191978
191982
191997
192002
192005
192018
192024
192026
192037
192038
192040
192043
192044
192050
192058
192059
192062
192077
192082
192083
192086
192087
192088
192089
192099
192106
192109
192112
192114
192117
192127
192130
192148
192155
192156
192168
192173
192179
192180
192191
192196
192215
192221
192223
192227
192237
192245
192246
192254
192264
192268
192271
192278
192291
192309
192310
192318
192339
192340
192352
192353
192360
192362
192379
192381
192382
192391
192392
192395
192416
192420
192421
192422
192423
192434
192444
192448
192452
192462
192467
192468
192471
192473
192481
192482
192494
192501
192509
192510
192518
192523
192524
192528
192529
192539
192540
192544
192548
192553
192555
192589
192595
192598
192604
192605
192611
192612
192613
192627
192629
192631
192634
192635
192636
192648
192655
192685
192686
192692
192699
192712
192717
192735
192737
192750
192754
192757
192758
192769
192772
192776
192783
192786
192793
192799
192805
192808
192809
192814
192817
192820
192821
192823
192824
192828
192829
192837
192839
192846
192850
192866
192879
192885
192889
192907
192912
192913
192921
192925
192942
192943
192944
192945
192952
192955
192965
192973
192976
192983
192989
192997
192998
193016
193019
193022
193026
193064
193067
193077
193081
193082
193096
193103
193107
193111
193117
193127
193134
193144
193150
193161
193163
193176
193177
193186
193187
193192
193195
193200
193216
193218
193219
193223
193225
193228
193239
193257
193261
193270
193284
193297
193311
193316
193320
193328
193329
193330
193331
193332
193338
193342
193346
193349
193351
193353
193359
193376
193381
193390
193393
193410
193411
193412
193414
193418
193420
193429
193432
193437
193440
193458
193464
193465
193483
193485
193487
193488
193490
193515
193519
193530
193538
193539
193542
193548
193557
193559
193565
193570
193571
193577
193602
193605
193612
193615
193623
193627
193636
193644
193649
193655
193658
193669
193673
193677
193684
193687
193698
193708
193715
193757
193760
193761
193763
193768
193780
193783
193784
193789
193790
193818
193830
193831
193835
193845
193863
193876
193882
193897
193898
193905
193913
193919
193929
193931
193937
193940
193947
193957
193964
193977
193989
193990
193991
194006
194021
194031
194041
194045
194056
194059
194071
194078
194081
194086
194092
194098
194116
194120
194122
194124
194130
194134
194135
194137
194140
194143
194153
194154
194163
194166
194169
194170
194190
194198
194200
194201
194202
194210
194211
194213
194227
194230
194237
194245
194246
194260
194263
194267
194272
194276
194279
194280
194297
194302
194311
194312
194321
194323
194337
194342
194347
194358
194372
194376
194386
194392
194393
194397
194407
194414
194415
194424
194431
194439
194441
194449
194477
194487
194488
194490
194492
194496
194501
194507
194509
194510
194529
194534
194549
194557
194558
194569
194575
194588
194596
194601
194608
194630
194631
194639
194661
194662
194666
194670
194686
194689
194691
194692
194700
194711
194712
194713
194714
194731
194732
194733
194736
194743
194750
194751
194752
194757
194769
194771
194772
194778
194788
194807
194813
194816
194831
194845
194853
194854
194860
194862
194868
194870
194874
194898
194901
194902
194908
194917
194924
194939
194972
194980
194989
195003
195018
195020
195022
195033
195034
195035
195038
195043
195047
195061
195063
195065
195067
195078
195087
195096
195097
195110
195118
195123
195136
195139
195141
195148
195149
195151
195159
195169
195184
195187
195191
195197
195205
195216
195217
195218
195238
195245
195271
195277
195279
195283
195285
195287
195288
195289
195299
195329
195332
195333
195343
195347
195363
195374
195387
195396
195398
195399
195406
195419
195425
195429
195434
195435
195440
195443
195452
195454
195459
195469
195471
195474
195480
195489
195498
195499
195508
195512
195527
195548
195552
195568
195573
195577
195592
195598
195611
195614
195621
195627
195629
195638
195644
195648
195663
195669
195671
195681
195682
195698
195702
195705
195710
195733
195738
195749
195752
195753
195757
195763
195825
195830
195836
195840
195852
195860
195863
195878
195893
195901
195906
195914
195924
195932
195936
195945
195951
195953
195955
195967
195970
195971
195979
195986
195987
195992
196000
196014
196016
196017
196020
196031
196037
196058
196060
196061
196066
196067
196073
196074
196088
196099
196100
196108
196109
196110
196114
196116
196138
196141
196144
196148
196158
196161
196165
196174
196179
196180
196183
196184
196185
196186
196190
196199
196202
196209
196212
196219
196223
196226
196241
196245
196253
196254
196257
196273
196274
196276
196278
196282
196286
196289
196290
196300
196309
196311
196330
196338
196342
196348
196354
196359
196366
196369
196373
196397
196401
196402
196405
196409
196410
196415
196419
196424
196429
196443
196447
196449
196453
196458
196459
196463
196474
196483
196489
196492
196497
196500
196503
196506
196519
196535
196548
196551
196557
196562
196563
196574
196576
196591
196593
196606
196610
196618
196624
196625
196628
196631
196638
196643
196644
196654
196661
196672
196673
196675
196676
196680
196699
196709
196718
196719
196724
196725
196731
196742
196744
196749
196750
196754
196760
196763
196769
196770
196777
196782
196787
196801
196814
196818
196819
196827
196828
196829
196832
196835
196838
196839
196841
196847
196851
196865
196866
196870
196876
196881
196894
196905
196924
196929
196932
196933
196934
196936
196943
196949
196951
196962
196964
196976
196977
196981
196987
196991
197014
197017
197025
197027
197037
197048
197051
197052
197053
197056
197065
197073
197078
197084
197111
197113
197122
197124
197128
197135
197139
197146
197151
197189
197190
197195
197198
197201
197217
197218
197238
197242
197243
197245
197246
197250
197252
197253
197262
197263
197268
197272
197276
197293
197299
197300
197302
197303
197306
197321
197322
197324
197327
197328
197331
197334
197341
197347
197349
197359
197362
197368
197371
197375
197376
197377
197381
197388
197389
197390
197394
197398
197400
197404
197412
197413
197419
197425
197426
197457
197458
197463
197467
197469
197472
197478
197487
197494
197495
197501
197505
197506
197514
197541
197545
197548
197556
197567
197569
197571
197573
197576
197581
197588
197590
197601
197607
197608
197628
197634
197641
197649
197656
197664
197667
197675
197688
197703
197714
197716
197718
197742
197746
197752
197753
197772
197778
197792
197795
197800
197815
197817
197818
197830
197861
197867
197885
197906
197907
197911
197917
197919
197920
197921
197933
197943
197945
197952
197954
197956
197969
197970
197971
197973
197974
197978
197987
197989
197996
198006
198007
198012
198018
198019
198022
198030
198032
198041
198047
198052
198059
198063
198065
198068
198071
198077
198079
198080
198081
198082
198083
198087
198106
198120
198125
198142
198147
198150
198154
198157
198160
198161
198162
198164
198168
198171
198174
198176
198181
198187
198188
198202
198215
198221
198222
198230
198232
198234
198236
198237
198249
198260
198272
198273
198276
198289
198295
198297
198299
198320
198321
198323
198325
198326
198329
198334
198337
198340
198349
198367
198370
198371
198375
198376
198380
198387
198399
198421
198442
198443
198445
198458
198477
198479
198480
198481
198490
198502
198518
198519
198528
198529
198533
198534
198544
198545
198549
198557
198558
198566
198573
198576
198586
198592
198593
198596
198597
198602
198606
198607
198609
198614
198616
198620
198632
198645
198650
198652
198654
198657
198671
198675
198694
198696
198709
198715
198730
198731
198733
198749
198758
198762
198768
198769
198772
198775
198779
198781
198782
198785
198794
198802
198803
198806
198810
198814
198815
198817
198827
198840
198844
198847
198854
198872
198879
198880
198884
198899
198901
198907
198921
198930
198947
198950
198955
198980
198988
198993
199000
199005
199006
199008
199019
199021
199026
199027
199036
199043
199069
199073
199076
199097
199108
199109
199120
199121
199123
199124
199128
199132
199134
199137
199145
199160
199164
199168
199170
199174
199175
199183
199185
199189
199198
199210
199225
199232
199239
199242
199243
199244
199252
199259
199268
199290
199291
199292
199303
199309
199310
199312
199316
199330
199347
199348
199352
199366
199373
199375
199380
199382
199385
199393
199397
199408
199412
199418
199421
199423
199426
199431
199451
199458
199459
199463
199468
199471
199480
199502
199508
199531
199541
199573
199581
199587
199592
199593
199596
199601
199604
199617
199622
199623
199677
199678
199680
199684
199686
199688
199690
199694
199709
199711
199716
199720
199726
199738
199753
199755
199758
199765
199778
199786
199796
199816
199819
199820
199841
199849
199850
199852
199863
199865
199867
199881
199893
199898
199907
199911
199922
199924
199932
199937
199943
199948
199951
199956
199959
199970
199971
199979
199995
199999
200008
200014
200023
200024
200048
200053
200058
200062
200070
200073
200085
200088
200095
200098
200103
200114
200119
200121
200131
200135
200136
200140
200145
200146
200149
200153
200154
200164
200174
200180
200181
200183
200184
200187
200196
200205
200217
200222
200239
200254
200271
200281
200290
200291
200296
200297
200298
200302
200303
200306
200320
200326
200329
200348
200351
200356
200359
200364
200365
200377
200379
200382
200385
200388
200397
200417
200421
200427
200430
200434
200435
200438
200439
200447
200463
200476
200478
200491
200496
200500
200501
200506
200514
200523
200527
200530
200533
200541
200542
200555
200568
200583
200596
200598
200603
200605
200615
200623
200624
200625
200628
200629
200634
200637
200640
200641
200646
200653
200654
200656
200668
200672
200689
200700
200702
200705
200716
200719
200722
200755
200760
200763
200773
200776
200781
200789
200798
200799
200800
200810
200814
200827
200829
200830
200833
200845
200849
200864
200870
200887
200888
200891
200894
200895
200897
200900
200905
200907
200913
200921
200935
200946
200950
200951
200963
200972
200980
200982
200985
200987
200998
201007
201010
201013
201015
201025
201035
201036
201037
201038
201041
201042
201050
201063
201066
201085
201086
201088
201089
201090
201092
201095
201099
201104
201106
201135
201138
201142
201158
201167
201179
201180
201195
201199
201203
201209
201213
201220
201225
201229
201239
201250
201255
201256
201258
201260
201261
201277
201279
201281
201285
201286
201314
201317
201329
201331
201334
201346
201351
201352
201364
201370
201371
201372
201374
201377
201378
201381
201389
201390
201399
201404
201406
201417
201428
201435
201437
201439
201445
201461
201466
201470
201472
201474
201489
201492
201513
201528
201530
201531
201532
201541
201547
201553
201554
201565
201567
201583
201584
201598
201619
201620
201623
201624
201626
201632
201642
201643
201645
201647
201656
201657
201661
201664
201681
201698
201699
201706
201719
201731
201734
201747
201748
201750
201770
201776
201783
201784
201787
201792
201800
201805
201808
201809
201817
201821
201826
201836
201844
201865
201866
201881
201893
201909
201915
201922
201937
201943
201950
201960
201975
201985
201991
202000
202014
202020
202022
202031
202035
202044
202057
202058
202070
202073
202074
202084
202085
202089
202095
202111
202114
202120
202121
202133
202134
202142
202172
202178
202183
202198
202201
202246
202254
202256
202283
202292
202301
202316
202317
202320
202324
202325
202327
202340
202357
202373
202389
202403
202435
202437
202442
202444
202446
202449
202454
202459
202467
202470
202477
202479
202486
202491
202497
202507
202512
202516
202528
202534
202554
202555
202556
202559
202561
202584
202589
202595
202598
202599
202612
202613
202616
202624
202629
202630
202637
202642
202646
202647
202650
202658
202659
202670
202677
202689
202695
202703
202715
202716
202721
202722
202725
202726
202743
202748
202749
202758
202767
202769
202786
202788
202792
202793
202799
202806
202808
202810
202815
202826
202829
202832
202833
202835
202848
202854
202856
202899
202900
202908
202914
202915
202918
202919
202929
202937
202945
202952
202954
202956
202972
202973
202981
202982
202991
202993
202995
203000
203001
203005
203009
203011
203017
203022
203027
203028
203030
203031
203039
203048
203064
203068
203074
203095
203098
203108
203114
203122
203134
203135
203140
203141
203156
203166
203169
203177
203183
203184
203206
203207
203209
203217
203218
203219
203223
203229
203230
203236
203237
203238
203244
203251
203252
203280
203292
203295
203305
203308
203311
203312
203334
203337
203345
203360
203365
203368
203373
203375
203376
203389
203391
203394
203410
203435
203436
203446
203451
203457
203459
203467
203468
203475
203481
203492
203493
203501
203502
203503
203507
203510
203513
203531
203535
203550
203551
203556
203558
203559
203574
203575
203577
203581
203586
203587
203589
203590
203596
203613
203614
203616
203632
203634
203637
203652
203653
203656
203657
203662
203664
203687
203699
203701
203702
203708
203711
203712
203717
203719
203720
203732
203742
203774
203778
203784
203808
203809
203810
203814
203816
203818
203840
203843
203844
203846
203859
203860
203861
203873
203878
203884
203885
203886
203888
203898
203902
203903
203905
203913
203926
203935
203938
203939
203943
203950
203964
203965
203976
203977
203993
203999
204001
204002
204005
204008
204017
204021
204028
204051
204056
204062
204063
204067
204069
204073
204074
204075
204078
204086
204095
204098
204107
204109
204112
204118
204126
204138
204139
204146
204153
204155
204162
204166
204170
204171
204222
204223
204228
204229
204234
204238
204264
204269
204275
204281
204283
204286
204294
204300
204303
204321
204328
204337
204340
204347
204360
204366
204367
204391
204412
204414
204418
204424
204429
204433
204453
204454
204474
204475
204487
204494
204515
204516
204528
204531
204532
204541
204546
204550
204551
204552
204554
204562
204573
204579
204580
204596
204598
204600
204604
204615
204620
204625
204626
204629
204635
204643
204644
204649
204658
204666
204673
204682
204690
204697
204698
204717
204721
204723
204727
204741
204753
204769
204774
204790
204807
204808
204815
204824
204829
204830
204851
204853
204854
204856
204866
204881
204884
204886
204893
204897
204906
204910
204911
204918
204925
204926
204932
204944
204955
204956
204964
204965
204971
204974
204975
204990
205007
205008
205025
205026
205030
205033
205039
205054
205057
205058
205061
205067
205068
205076
205078
205081
205087
205088
205101
205103
205109
205112
205136
205146
205158
205160
205161
205162
205164
205166
205167
205172
205175
205177
205178
205180
205186
205189
205198
205199
205208
205209
205211
205213
205226
205228
205229
205238
205240
205255
205258
205261
205265
205267
205271
205274
205282
205283
205287
205291
205297
205305
205316
205321
205331
205332
205336
205339
205345
205346
205353
205354
205357
205360
205367
205370
205373
205378
205383
205390
205395
205402
205403
205406
205421
205423
205427
205431
205438
205444
205445
205450
205464
205471
205482
205483
205490
205511
205526
205536
205538
205558
205568
205571
205577
205583
205594
205597
205601
205602
205606
205613
205617
205621
205632
205635
205643
205649
205657
205661
205662
205668
205676
205683
205687
205688
205694
205697
205702
205703
205704
205710
205719
205724
205728
205740
205741
205742
205747
205749
205759
205765
205774
205776
205777
205786
205790
205793
205800
205803
205808
205815
205834
205835
205838
205844
205849
205851
205858
205859
205860
205864
205867
205874
205878
205881
205883
205886
205894
205902
205910
205911
205912
205914
205931
205935
205990
205998
205999
206006
206016
206018
206021
206027
206031
206034
206038
206058
206070
206074
206086
206095
206099
206109
206119
206123
206124
206125
206128
206139
206145
206154
206159
206176
206178
206191
206193
206225
206242
206245
206269
206294
206300
206317
206320
206323
206333
206336
206357
206366
206367
206375
206376
206388
206391
206393
206411
206418
206428
206442
206451
206452
206463
206466
206488
206506
206507
206508
206513
206517
206529
206530
206551
206554
206574
206575
206582
206586
206599
206603
206619
206630
206633
206648
206649
206650
206656
206661
206668
206672
206680
206685
206686
206694
206698
206699
206701
206703
206712
206723
206727
206732
206739
206742
206743
206746
206748
206762
206773
206777
206780
206787
206799
206800
206802
206812
206818
206820
206821
206823
206824
206833
206838
206842
206857
206868
206888
206894
206897
206909
206949
206950
206977
206990
206998
206999
207003
207017
207022
207052
207058
207074
207076
207077
207080
207089
207091
207098
207101
207102
207103
207113
207123
207152
207156
207159
207164
207169
207176
207180
207186
207189
207192
207196
207199
207220
207223
207227
207234
207235
207236
207237
207242
207257
207260
207262
207268
207278
207281
207286
207292
207293
207313
207325
207330
207331
207337
207338
207344
207347
207360
207381
207384
207386
207390
207391
207394
207397
207398
207404
207409
207421
207423
207424
207440
207461
207462
207469
207502
207507
207528
207530
207544
207545
207551
207554
207563
207565
207585
207586
207588
207597
207606
207613
207614
207629
207630
207631
207632
207635
207642
207644
207649
207657
207659
207660
207661
207662
207665
207669
207670
207675
207677
207681
207686
207693
207699
207707
207732
207733
207734
207735
207741
207746
207752
207753
207756
207757
207791
207797
207802
207805
207835
207848
207850
207863
207873
207874
207879
207885
207898
207904
207905
207909
207910
207912
207933
207987
207997
208002
208003
208007
208009
208021
208024
208025
208029
208042
208046
208066
208070
208071
208086
208103
208118
208119
208120
208121
208122
208131
208139
208144
208154
208158
208173
208180
208186
208187
208190
208197
208205
208207
208214
208215
208220
208221
208231
208237
208239
208246
208249
208252
208265
208267
208268
208276
208282
208283
208286
208299
208317
208340
208341
208342
208346
208347
208358
208364
208371
208372
208377
208379
208380
208397
208404
208429
208443
208445
208454
208458
208460
208465
208467
208475
208481
208488
208489
208494
208495
208502
208506
208517
208519
208527
208544
208545
208552
208564
208568
208571
208600
208604
208605
208625
208632
208634
208645
208649
208671
208693
208702
208705
208711
208712
208713
208721
208727
208734
208764
208765
208767
208773
208787
208788
208792
208797
208800
208805
208807
208808
208819
208820
208822
208824
208829
208839
208843
208851
208861
208863
208864
208867
208870
208871
208873
208877
208893
208894
208899
208906
208909
208912
208920
208924
208930
208941
208951
208956
208960
208969
208970
208972
208978
208984
209004
209007
209008
209010
209020
209022
209023
209029
209030
209033
209034
209038
209047
209048
209054
209064
209071
209078
209080
209081
209089
209104
209106
209140
209142
209150
209154
209159
209174
209177
209186
209188
209189
209192
209196
209197
209199
209202
209203
209207
209208
209213
209214
209215
209221
209223
209224
209238
209246
209256
209273
209275
209285
209294
209300
209301
209303
209304
209306
209309
209320
209324
209332
209348
209360
209369
209370
209374
209375
209388
209403
209409
209428
209429
209430
209433
209434
209446
209461
209473
209474
209476
209481
209485
209499
209500
209503
209515
209520
209521
209528
209541
209562
209582
209584
209591
209595
209598
209600
209612
209616
209621
209632
209633
209644
209652
209653
209659
209660
209662
209668
209696
209707
209728
209736
209747
209750
209763
209775
209776
209782
209783
209785
209802
209815
209816
209825
209832
209835
209843
209848
209866
209868
209873
209874
209875
209888
209896
209912
209918
209925
209930
209931
209938
209948
209949
209952
209965
209969
209970
209980
209983
209988
209989
209991
210004
210005
210014
210027
210029
210034
210038
210062
210063
210083
210096
210106
210107
210122
210126
210128
210129
210133
210136
210138
210145
210150
210157
210158
210162
210167
210172
210173
210174
210175
210200
210201
210215
210216
210234
210252
210258
210260
210270
210279
210290
210291
210303
210306
210315
210329
210330
210331
210353
210354
210355
210363
210366
210369
210370
210375
210383
210384
210385
210386
210398
210404
210408
210409
210415
210416
210435
210439
210449
210460
210463
210472
210473
210480
210500
210510
210516
210537
210541
210544
210548
210549
210550
210554
210571
210575
210587
210588
210589
210590
210595
210602
210609
210618
210636
210649
210650
210660
210664
210695
210696
210697
210700
210720
210736
210738
210740
210750
210756
210767
210782
210786
210789
210793
210799
210811
210813
210814
210824
210826
210827
210830
210834
210840
210844
210845
210847
210848
210852
210866
210868
210876
210881
210887
210910
210911
210918
210931
210946
210950
210959
210962
210963
210977
210988
210995
211006
211015
211027
211038
211039
211055
211065
211067
211075
211080
211081
211083
211084
211090
211091
211093
211101
211105
211109
211110
211111
211117
211131
211132
211136
211140
211159
211162
211178
211181
211211
211214
211219
211222
211232
211233
211240
211242
211249
211267
211270
211272
211275
211280
211296
211307
211315
211318
211342
211346
211365
211366
211367
211372
211383
211387
211397
211398
211401
211405
211411
211429
211430
211432
211453
211462
211484
211485
211486
211487
211497
211501
211516
211517
211525
211539
211543
211549
211564
211565
211569
211572
211573
211574
211592
211593
211596
211603
211605
211606
211607
211612
211614
211623
211634
211642
211645
211646
211650
211664
211670
211680
211696
211700
211721
211722
211727
211728
211732
211736
211753
211756
211759
211763
211778
211779
211792
211795
211808
211822
211838
211843
211849
211851
211852
211861
211862
211868
211872
211889
211893
211897
211898
211903
211905
211913
211921
211925
211940
211946
211950
211953
211965
211967
211969
211979
211980
211989
211996
212010
212014
212015
212023
212025
212047
212053
212063
212081
212090
212095
212096
212099
212105
212113
212121
212125
212129
212133
212142
212143
212145
212155
212161
212164
212197
212206
212211
212216
212220
212224
212229
212230
212231
212232
212240
212244
212245
212254
212265
212267
212268
212271
212272
212309
212341
212350
212355
212369
212373
212389
212393
212396
212400
212404
212405
212409
212412
212417
212427
212430
212441
212442
212447
212448
212459
212464
212465
212469
212474
212479
212481
212500
212501
212502
212511
212513
212527
212531
212538
212557
212570
212579
212580
212582
212585
212587
212588
212589
212590
212601
212607
212616
212624
212644
212645
212654
212658
212659
212668
212673
212674
212686
212692
212693
212694
212698
212699
212703
212705
212706
212707
212708
212709
212710
212718
212732
212733
212734
212738
212739
212751
212759
212764
212772
212787
212792
212796
212797
212814
212821
212831
212845
212852
212864
212870
212872
212888
212889
212899
212911
212912
212920
212927
212935
212948
212953
212955
212959
212972
212979
212994
213000
213001
213011
213012
213027
213030
213031
213034
213040
213049
213060
213072
213073
213083
213091
213098
213121
213130
213134
213140
213181
213182
213183
213185
213188
213191
213206
213207
213214
213217
213218
213230
213238
213248
213259
213280
213282
213287
213302
213322
213329
213331
213334
213335
213339
213345
213349
213351
213355
213356
213367
213370
213383
213384
213385
213396
213397
213399
213400
213404
213407
213408
213414
213415
213427
213433
213434
213438
213442
213446
213459
213462
213466
213483
213484
213488
213489
213498
213500
213501
213511
213512
213532
213534
213536
213541
213548
213550
213559
213561
213570
213571
213573
213574
213577
213588
213596
213601
213612
213616
213625
213628
213629
213637
213645
213646
213656
213687
213690
213693
213694
213695
213696
213700
213710
213725
213726
213727
213743
213762
213769
213770
213775
213776
213787
213791
213804
213822
213826
213830
213831
213853
213857
213858
213877
213878
213884
213888
213893
213897
213913
213924
213928
213942
213972
213973
213979
213984
213989
213994
213995
214000
214005
214010
214020
214024
214031
214034
214038
214055
214062
214068
214069
214087
214088
214095
214106
214121
214149
214159
214162
214164
214166
214170
214191
214199
214204
214208
214214
214218
214225
214236
214248
214255
214256
214264
214278
214279
214285
214314
214316
214317
214318
214319
214320
214323
214325
214328
214337
214338
214343
214352
214353
214359
214366
214384
214388
214403
214405
214421
214426
214431
214432
214442
214450
214454
214456
214457
214479
214487
214502
214503
214504
214513
214514
214517
214529
214538
214543
214545
214546
214547
214552
214582
214587
214595
214600
214602
214608
214609
214618
214621
214623
214629
214630
214631
214635
214639
214640
214651
214660
214661
214667
214671
214672
214676
214677
214678
214679
214685
214688
214689
214694
214695
214733
214735
214745
214757
214758
214762
214764
214767
214768
214779
214783
214784
214787
214788
214801
214811
214814
214839
214841
214845
214853
214860
214861
214872
214873
214879
214880
214881
214890
214894
214903
214912
214914
214915
214917
214920
214921
214950
214951
214952
214953
214968
215007
215009
215011
215040
215044
215065
215077
215079
215080
215090
215101
215116
215118
215119
215121
215129
215142
215151
215152
215161
215167
215174
215178
215193
215194
215209
215210
215213
215219
215225
215226
215238
215246
215250
215252
215260
215314
215317
215332
215344
215352
215366
215376
215380
215384
215387
215388
215407
215416
215419
215429
215435
215438
215443
215444
215446
215458
215466
215471
215477
215487
215488
215490
215495
215498
215507
215530
215536
215546
215563
215566
215568
215581
215590
215592
215605
215611
215612
215625
215630
215641
215655
215659
215660
215665
215668
215674
215684
215705
215708
215723
215726
215727
215735
215740
215753
215764
215765
215766
215771
215774
215785
215798
215799
215808
215809
215815
215816
215824
215827
215829
215831
215837
215838
215854
215863
215868
215896
215903
215905
215906
215908
215915
215923
215924
215931
215937
215947
215948
215958
215971
215972
215975
215988
216005
216017
216020
216024
216038
216042
216054
216070
216071
216075
216078
216079
216083
216085
216086
216099
216100
216106
216109
216110
216132
216138
216155
216167
216171
216173
216178
216179
216181
216192
216195
216196
216205
216212
216231
216234
216235
216249
216251
216254
216257
216270
216277
216295
216300
216302
216303
216308
216309
216333
216343
216345
216354
216357
216360
216387
216392
216401
216407
216417
216421
216423
216424
216429
216436
216441
216452
216459
216468
216478
216485
216487
216488
216489
216490
216494
216500
216504
216507
216514
216515
216516
216537
216543
216544
216563
216568
216588
216605
216634
216644
216649
216652
216661
216663
216665
216667
216668
216673
216682
216685
216687
216706
216723
216736
216740
216742
216743
216748
216757
216764
216766
216775
216781
216787
216801
216828
216832
216833
216850
216856
216859
216861
216876
216896
216914
216919
216943
216944
216953
216964
216977
216983
216985
216987
216988
216998
217002
217038
217043
217044
217055
217056
217057
217058
217088
217098
217108
217112
217127
217128
217129
217130
217134
217136
217151
217155
217158
217160
217169
217181
217186
217210
217211
217214
217215
217218
217219
217225
217238
217241
217249
217250
217252
217258
217272
217275
217279
217280
217282
217286
217289
217299
217305
217312
217313
217314
217317
217318
217326
217331
217337
217357
217360
217362
217363
217370
217371
217379
217382
217385
217388
217414
217434
217435
217436
217437
217438
217443
217445
217459
217464
217475
217509
217512
217536
217540
217541
217543
217560
217575
217578
217581
217603
217609
217610
217618
217620
217622
217628
217632
217636
217650
217652
217687
217699
217701
217709
217710
217717
217720
217729
217731
217735
217738
217739
217741
217750
217755
217760
217769
217770
217781
217782
217790
217797
217817
217818
217819
217823
217826
217842
217847
217848
217849
217856
217858
217866
217880
217881
217882
217883
217898
217915
217927
217928
217934
217940
217942
217943
217944
217945
217960
217970
217973
217974
217983
217996
218008
218010
218025
218026
218028
218043
218055
218084
218085
218092
218101
218106
218121
218127
218136
218137
218138
218146
218148
218161
218171
218172
218174
218175
218176
218185
218192
218195
218203
218204
218210
218211
218215
218225
218237
218241
218250
218257
218263
218277
218284
218293
218296
218307
218320
218321
218332
218336
218341
218344
218348
218359
218368
218371
218384
218385
218386
218392
218394
218404
218408
218417
218418
218419
218420
218421
218422
218428
218430
218431
218438
218448
218452
218462
218463
218469
218472
218473
218474
218488
218498
218523
218531
218535
218539
218541
218542
218566
218571
218574
218579
218582
218583
218588
218589
218596
218597
218599
218606
218613
218614
218619
218625
218626
218629
218637
218639
218640
218644
218660
218662
218666
218684
218686
218687
218694
218697
218701
218711
218712
218718
218719
218724
218725
218727
218734
218746
218753
218756
218761
218777
218780
218784
218794
218795
218805
218808
218814
218815
218816
218823
218833
218834
218841
218842
218845
218846
218851
218852
218859
218872
218873
218877
218881
218882
218896
218897
218904
218913
218916
218921
218930
218937
218938
218940
218941
218942
218943
218959
218960
218966
218969
219026
219032
219035
219040
219051
219055
219060
219078
219081
219085
219090
219095
219100
219104
219105
219106
219118
219119
219122
219123
219124
219129
219140
219144
219154
219159
219163
219167
219168
219175
219182
219183
219187
219188
219196
219197
219198
219220
219225
219226
219235
219250
219251
219269
219273
219276
219280
219283
219287
219290
219301
219302
219315
219316
219317
219320
219323
219329
219330
219343
219353
219356
219357
219363
219365
219366
219371
219373
219379
219384
219409
219414
219415
219417
219419
219422
219456
219469
219473
219481
219489
219493
219494
219495
219498
219507
219510
219511
219516
219522
219523
219546
219552
219589
219592
219593
219594
219595
219612
219613
219635
219644
219656
219667
219668
219671
219674
219689
219690
219692
219696
219701
219704
219725
219726
219743
219744
219751
219762
219764
219771
219776
219777
219782
219806
219815
219829
219843
219845
219846
219847
219861
219867
219874
219875
219877
219880
219881
219890
219909
219910
219920
219921
219922
219923
219927
219932
219947
219955
219961
219967
219975
219977
219986
219998
220001
220002
220017
220029
220037
220048
220049
220050
220058
220071
220075
220076
220079
220080
220081
220082
220083
220084
220098
220104
220108
220117
220136
220143
220147
220149
220155
220164
220165
220169
220170
220171
220174
220175
220183
220186
220203
220204
220205
220217
220218
220222
220223
220225
220231
220232
220260
220265
220268
220278
220296
220304
220326
220331
220340
220342
220343
220353
220356
220357
220358
220362
220363
220368
220375
220385
220397
220398
220404
220409
220410
220434
220435
220443
220449
220452
220461
220472
220486
220489
220495
220497
220506
220514
220521
220523
220526
220528
220533
220549
220561
220565
220577
220582
220585
220596
220602
220603
220605
220627
220628
220630
220631
220632
220646
220647
220655
220659
220671
220675
220681
220684
220691
220692
220701
220709
220711
220715
220726
220733
220734
220745
220747
220748
220766
220777
220781
220798
220809
220810
220819
220829
220837
220838
220857
220858
220872
220874
220875
220884
220899
220901
220910
220913
220915
220928
220933
220938
220942
220944
220955
220963
220985
220990
220995
221002
221003
221020
221021
221040
221066
221067
221073
221084
221092
221093
221097
221111
221127
221142
221147
221151
221162
221164
221172
221173
221186
221189
221190
221193
221194
221196
221207
221208
221238
221239
221264
221265
221281
221284
221285
221300
221304
221306
221314
221321
221323
221326
221329
221341
221358
221373
221382
221391
221398
221399
221403
221414
221421
221435
221436
221439
221446
221455
221462
221466
221468
221469
221475
221476
221481
221492
221503
221507
221515
221519
221520
221543
221566
221567
221574
221585
221587
221593
221600
221607
221620
221626
221633
221634
221635
221638
221647
221649
221652
221653
221661
221664
221672
221676
221677
221678
221679
221684
221695
221696
221701
221702
221703
221704
221708
221716
221719
221723
221729
221731
221736
221741
221743
221747
221750
221751
221752
221753
221755
221788
221789
221815
221823
221826
221834
221841
221843
221846
221856
221861
221865
221877
221892
221893
221899
221900
221901
221916
221917
221921
221924
221930
221936
221937
221952
221961
221962
221975
221979
221980
221983
221984
221987
221999
222004
222017
222027
222032
222051
222052
222054
222057
222062
222071
222098
222099
222100
222102
222108
222127
222130
222131
222134
222135
222151
222156
222157
222163
222164
222173
222179
222180
222182
222183
222204
222207
222209
222217
222225
222229
222236
222246
222266
222267
222277
222286
222287
222293
222299
222307
222308
222313
222315
222316
222320
222329
222331
222344
222348
222349
222351
222353
222354
222357
222364
222368
222382
222392
222400
222407
222411
222417
222418
222433
222436
222444
222448
222449
222461
222463
222464
222471
222472
222473
222476
222478
222495
222502
222505
222512
222525
222529
222542
222552
222553
222554
222556
222570
222585
222591
222592
222593
222594
222600
222626
222638
222643
222661
222662
222663
222670
222674
222689
222691
222692
222694
222700
222710
222716
222718
222739
222744
222776
222779
222786
222787
222799
222811
222813
222814
222817
222819
222821
222837
222838
222844
222878
222886
222887
222891
222896
222906
222925
222928
222938
222942
222944
222951
222952
222954
222957
222958
222986
222991
223000
223006
223008
223009
223010
223021
223022
223026
223027
223028
223029
223036
223038
223039
223050
223054
223064
223070
223087
223090
223101
223104
223105
223108
223115
223116
223125
223126
223134
223145
223162
223163
223164
223167
223189
223194
223196
223197
223207
223209
223214
223215
223231
223232
223233
223234
223235
223249
223250
223255
223263
223270
223286
223290
223292
223296
223297
223298
223310
223314
223317
223320
223325
223330
223348
223350
223351
223352
223366
223369
223370
223375
223381
223382
223383
223413
223422
223432
223435
223439
223446
223450
223457
223458
223459
223473
223484
223490
223491
223499
223500
223511
223513
223514
223522
223524
223533
223544
223569
223588
223591
223596
223598
223601
223618
223638
223645
223650
223656
223679
223680
223690
223696
223698
223700
223707
223708
223713
223715
223732
223736
223738
223746
223754
223764
223765
223770
223771
223781
223782
223796
223797
223804
223806
223821
223830
223833
223834
223847
223848
223854
223860
223861
223862
223873
223876
223884
223891
223894
223895
223900
223910
223911
223919
223924
223937
223967
223999
224004
224012
224016
224024
224025
224026
224036
224063
224064
224067
224072
224082
224086
224089
224096
224108
224117
224128
224132
224149
224153
224156
224160
224166
224180
224185
224199
224221
224237
224253
224267
224268
224282
224297
224298
224303
224304
224307
224308
224327
224332
224335
224340
224341
224346
224348
224380
224381
224382
224386
224387
224400
224404
224413
224414
224416
224430
224441
224442
224446
224457
224465
224482
224490
224493
224496
224503
224511
224515
224535
224536
224537
224541
224542
224578
224581
224582
224583
224587
224591
224604
224606
224629
224635
224638
224657
224663
224664
224670
224685
224686
224695
224700
224719
224721
224722
224730
224742
224748
224751
224756
224767
224771
224775
224777
224778
224780
224783
224793
224807
224808
224809
224820
224828
224831
224833
224856
224859
224871
224887
224893
224894
224895
224896
224901
224904
224914
224916
224921
224928
224934
224938
224940
224944
224970
224978
224982
224994
225006
225015
225019
225023
225024
225032
225033
225036
225040
225050
225051
225072
225073
225074
225089
225094
225095
225099
225100
225103
225104
225124
225148
225161
225162
225168
225174
225190
225191
225192
225201
225219
225220
225234
225237
225240
225266
225267
225270
225284
225286
225307
225308
225310
225315
225332
225343
225352
225353
225354
225356
225363
225366
225376
225378
225379
225381
225407
225416
225417
225419
225435
225439
225443
225454
225481
225494
225507
225509
225516
225524
225528
225529
225530
225531
225532
225537
225542
225562
225574
225578
225588
225590
225606
225616
225622
225623
225624
225625
225629
225632
225633
225635
225639
225640
225662
225663
225677
225678
225679
225680
225684
225701
225706
225707
225714
225717
225718
225724
225728
225734
225736
225741
225762
225770
225790
225800
225802
225815
225816
225817
225831
225832
225833
225838
225854
225857
225863
225868
225869
225870
225875
225877
225878
225880
225883
225884
225887
225892
225927
225948
225964
225966
225969
225973
225978
225986
225992
225993
225998
226005
226006
226013
226014
226015
226016
226021
226023
226033
226045
226049
226050
226055
226059
226060
226061
226063
226064
226070
226081
226093
226101
226107
226108
226118
226137
226146
226147
226165
226167
226169
226170
226172
226173
226177
226181
226187
226191
226195
226198
226206
226208
226222
226239
226240
226241
226244
226245
226246
226253
226287
226295
226317
226319
226346
226351
226356
226357
226360
226361
226362
226363
226367
226376
226378
226385
226387
226397
226402
226417
226425
226439
226456
226457
226473
226474
226486
226487
226509
226510
226521
226536
226549
226550
226554
226558
226564
226565
226568
226580
226598
226601
226604
226605
226607
226620
226641
226643
226644
226645
226668
226673
226674
226675
226676
226680
226681
226682
226683
226686
226687
226699
226700
226707
226714
226722
226736
226749
226756
226757
226771
226781
226786
226793
226796
226797
226798
226816
226821
226822
226826
226831
226835
226839
226868
226882
226895
226897
226898
226902
226915
226924
226926
226932
226933
226937
226942
226943
226947
226952
226958
226960
226976
226979
226991
226992
226993
226994
226998
226999
227003
227012
227015
227027
227028
227035
227040
227041
227042
227049
227050
227058
227086
227091
227092
227132
227138
227141
227146
227154
227169
227175
227176
227177
227178
227194
227224
227225
227230
227231
227232
227255
227264
227278
227285
227298
227306
227307
227333
227334
227337
227346
227347
227354
227355
227358
227364
227368
227373
227374
227379
227407
227411
227414
227415
227416
227419
227428
227445
227460
227461
227462
227464
227500
227506
227508
227512
227513
227529
227533
227566
227573
227585
227588
227591
227594
227597
227616
227617
227623
227626
227627
227637
227638
227645
227647
227659
227665
227670
227674
227690
227691
227700
227704
227708
227718
227724
227731
227732
227745
227771
227772
227773
227777
227778
227782
227795
227796
227799
227821
227829
227840
227845
227852
227863
227872
227876
227881
227895
227899
227906
227910
227920
227933
227940
227943
227944
227945
227956
227957
227958
227967
227989
227995
228000
228014
228015
228030
228031
228043
228045
228046
228051
228057
228058
228061
228075
228076
228086
228094
228110
228111
228136
228144
228150
228151
228162
228164
228165
228174
228191
228194
228203
228207
228209
228213
228216
228223
228232
228233
228234
228240
228241
228243
228248
228252
228257
228270
228287
228288
228296
228297
228309
228344
228359
228360
228361
228365
228392
228393
228405
228418
228429
228441
228446
228456
228463
228472
228474
228484
228485
228497
228498
228511
228512
228513
228515
228520
228532
228543
228544
228545
228546
228555
228557
228558
228568
228574
228583
228597
228601
228619
228635
228636
228637
228640
228642
228647
228651
228652
228656
228657
228670
228678
228685
228698
228699
228701
228709
228719
228720
228724
228725
228739
228744
228753
228754
228755
228756
228763
228764
228784
228785
228797
228826
228831
228836
228840
228844
228851
228859
228879
228903
228906
228914
228918
228923
228925
228927
228930
228933
228948
228960
228967
228968
228988
228995
229027
229029
229042
229048
229065
229066
229084
229085
229086
229087
229088
229094
229095
229103
229106
229142
229150
229157
229161
229169
229183
229189
229197
229216
229228
229234
229236
229238
229239
229248
229250
229255
229259
229276
229283
229286
229292
229294
229299
229303
229311
229312
229313
229327
229337
229342
229349
229356
229357
229371
229372
229373
229392
229393
229404
229414
229418
229429
229432
229434
229438
229439
229444
229448
229461
229467
229469
229476
229489
229499
229507
229510
229517
229525
229540
229541
229543
229552
229561
229566
229581
229591
229593
229598
229599
229603
229605
229612
229616
229621
229629
229642
229648
229649
229659
229660
229663
229664
229677
229678
229686
229687
229689
229690
229691
229702
229708
229714
229734
229736
229742
229749
229751
229767
229781
229784
229787
229793
229794
229809
229814
229815
229816
229818
229820
229821
229823
229836
229837
229844
229847
229857
229886
229888
229896
229903
229915
229920
229924
229946
229952
229953
229958
229961
229976
229995
230010
230011
230014
230015
230020
230022
230028
230040
230045
230048
230074
230080
230087
230088
230102
230103
230104
230117
230120
230122
230127
230141
230145
230156
230165
230166
230168
230169
230182
230192
230193
230203
230204
230217
230219
230225
230240
230246
230247
230253
230268
230287
230300
230304
230305
230306
230309
230310
230317
230323
230338
230340
230354
230355
230364
230365
230369
230370
230402
230403
230404
230410
230411
230427
230440
230449
230450
230461
230475
230485
230487
230488
230501
230507
230514
230529
230530
230531
230538
230554
230555
230556
230581
230592
230604
230607
230627
230638
230663
230672
230675
230690
230705
230706
230707
230714
230717
230727
230737
230738
230739
230754
230760
230761
230767
230768
230776
230777
230778
230782
230790
230810
230813
230816
230828
230830
230842
230859
230872
230873
230888
230895
230899
230904
230908
230914
230927
230934
230942
230947
230965
230966
230976
230977
230979
230988
230994
231018
231029
231030
231031
231039
231047
231055
231056
231081
231082
231083
231084
231087
231088
231089
231090
231118
231119
231127
231128
231138
231141
231143
231144
231145
231153
231176
231178
231180
231191
231193
231194
231216
231227
231231
231238
231263
231275
231276
231277
231282
231296
231299
231300
231312
231327
231330
231348
231349
231362
231364
231367
231371
231372
231373
231378
231380
231386
231387
231402
231406
231407
231413
231414
231415
231427
231432
231448
231458
231469
231472
231473
231474
231475
231476
231499
231507
231519
231535
231536
231560
231561
231562
231565
231573
231598
231614
231615
231616
231617
231623
231624
231626
231628
231633
231635
231638
231644
231653
231654
231655
231662
231663
231664
231670
231672
231679
231699
231720
231721
231723
231736
231737
231739
231740
231745
231746
231754
231763
231774
231784
231792
231793
231799
231809
231819
231820
231821
231845
231848
231862
231867
231888
231889
231909
231910
231911
231914
231915
231932
231942
231944
231945
231946
231955
231960
231961
231982
231988
231993
232009
232018
232021
232024
232027
232031
232038
232039
232052
232054
232055
232060
232067
232068
232069
232091
232103
232104
232114
232115
232116
232138
232140
232146
232147
232151
232152
232156
232159
232162
232166
232177
232189
232193
232194
232207
232219
232220
232240
232254
232255
232256
232257
232266
232281
232289
232292
232296
232297
232298
232300
232303
232316
232321
232330
232352
232353
232367
232398
232402
232417
232420
232426
232433
232436
232454
232455
232456
232457
232464
232467
232470
232509
232519
232525
232563
232570
232571
232572
232573
232576
232579
232581
232582
232601
232606
232612
232613
232614
232618
232626
232631
232632
232648
232649
232650
232652
232663
232673
232674
232675
232679
232680
232684
232689
232699
232703
232705
232732
232733
232741
232742
232749
232762
232772
232776
232805
232807
232812
232817
232818
232819
232820
232821
232822
232830
232836
232857
232861
232862
232871
232872
232882
232884
232886
232888
232909
232923
232924
232925
232931
232938
232942
232958
232965
232966
232967
232969
232972
232973
232976
232977
232993
233001
233014
233022
233033
233034
233042
233054
233076
233077
233078
233085
233086
233087
233108
233109
233118
233123
233127
233131
233145
233185
233195
233202
233208
233214
233217
233221
233227
233233
233238
233244
233257
233258
233271
233282
233293
233294
233298
233326
233328
233336
233338
233339
233345
233355
233376
233385
233389
233391
233394
233400
233401
233403
233420
233421
233422
233431
233450
233451
233452
233453
233472
233487
233488
233495
233496
233497
233502
233506
233513
233534
233542
233543
233553
233554
233555
233556
233559
233573
233579
233626
233638
233639
233648
233651
233652
233659
233671
233681
233694
233701
233702
233703
233712
233713
233719
233737
233738
233740
233751
233752
233766
233775
233776
233781
233783
233786
233788
233805
233814
233820
233824
233825
233826
233827
233853
233854
233858
233859
233884
233886
233887
233890
233916
233945
233948
233962
233980
233995
233996
233999
234006
234007
234010
234011
234012
234021
234031
234032
234033
234034
234049
234056
234057
234059
234060
234061
234063
234067
234068
234072
234080
234084
234109
234110
234111
234118
234125
234126
234127
234136
234163
234169
234171
234176
234208
234209
234222
234223
234226
234232
234245
234248
234255
234267
234276
234277
234278
234286
234311
234321
234339
234351
234366
234384
234393
234395
234406
234415
234429
234433
234438
234439
234444
234445
234446
234450
234460
234461
234472
234478
234482
234487
234488
234498
234501
234503
234510
234516
234532
234538
234545
234553
234554
234555
234570
234579
234594
234595
234604
234605
234629
234636
234640
234642
234654
234658
234699
234703
234704
234709
234710
234728
234737
234738
234742
234743
234745
234747
234754
234756
234771
234772
234773
234774
234775
234782
234783
234784
234795
234796
234807
234808
234813
234814
234820
234826
234827
234828
234841
234846
234853
234854
234865
234874
234875
234886
234909
234932
234933
234945
234946
234947
234950
234959
234960
234973
234974
234975
234990
234996
235004
235006
235033
235045
235046
235047
235055
235066
235068
235077
235084
235090
235098
235113
235123
235126
235128
235132
235134
235142
235147
235152
235159
235163
235170
235173
235176
235179
235181
235190
235198
235212
235220
235221
235222
235225
235234
235250
235259
235263
235271
235284
235316
235317
235327
235338
235339
235348
235371
235376
235379
235384
235385
235386
235393
235394
235397
235402
235403
235404
235405
235410
235425
235431
235437
235438
235443
235455
235461
235475
235495
235500
235507
235513
235514
235529
235531
235532
235550
235551
235574
235576
235613
235618
235619
235620
235627
235628
235630
235631
235663
235664
235665
235666
235667
235681
235682
235687
235688
235691
235692
235693
235700
235711
235720
235721
235725
235731
235732
235733
235735
235742
235743
235749
235750
235754
235762
235763
235764
235784
235793
235799
235800
235801
235806
235813
235814
235818
235840
235841
235849
235856
235866
235894
235897
235908
235909
235918
235921
235922
235926
235927
235928
235937
235943
235963
235964
235976
235979
235981
235993
236006
236007
236037
236052
236068
236079
236080
236081
236090
236098
236101
236125
236148
236149
236150
236156
236157
236158
236161
236163
236164
236171
236180
236189
236199
236203
236205
236211
236212
236227
236231
236235
236239
236247
236250
236266
236273
236283
236320
236322
236328
236339
236353
236356
236357
236362
236366
236370
236377
236382
236388
236400
236410
236411
236412
236421
236427
236429
236443
236450
236453
236464
236470
236476
236483
236484
236485
236487
236488
236489
236490
236505
236521
236525
236529
236530
236535
236536
236554
236561
236563
236565
236566
236580
236589
236597
236605
236611
236612
236613
236619
236621
236624
236657
236659
236678
236687
236715
236738
236750
236760
236770
236774
236780
236783
236784
236791
236799
236802
236812
236827
236828
236834
236836
236845
236846
236860
236861
236927
236938
236939
236941
236960
236961
236965
236976
236978
236997
237015
237024
237027
237044
237060
237061
237062
237067
237071
237072
237073
237075
237083
237084
237099
237101
237102
237113
237118
237132
237133
237139
237143
237147
237155
237161
237164
237165
237184
237189
237211
237213
237236
237246
237278
237281
237284
237296
237301
237315
237340
237341
237342
237348
237355
237369
237370
237379
237410
237413
237419
237456
237468
237469
237470
237493
237499
237506
237517
237539
237555
237563
237567
237584
237586
237609
237615
237619
237626
237639
237640
237647
237653
237654
237655
237657
237666
237678
237679
237680
237681
237682
237685
237691
237696
237702
237727
237732
237733
237737
237743
237759
237773
237775
237776
237792
237793
237794
237795
237799
237802
237810
237823
237827
237834
237845
237846
237856
237857
237861
237867
237868
237872
237873
237881
237882
237884
237885
237900
237901
237908
237917
237918
237925
237929
237930
237931
237933
237938
237944
237984
237987
237988
237989
237991
237994
237999
238000
238014
238016
238017
238035
238036
238048
238049
238050
238052
238060
238075
238086
238095
238096
238113
238117
238143
238144
238148
238149
238150
238157
238167
238168
238173
238174
238194
238197
238207
238213
238218
238221
238224
238226
238260
238264
238271
238272
238273
238279
238285
238286
238287
238289
238290
238295
238301
238302
238310
238321
238340
238345
238346
238347
238352
238353
238374
238392
238393
238400
238403
238404
238405
238407
238408
238423
238424
238456
238457
238458
238463
238464
238466
238467
238473
238475
238478
238490
238491
238492
238501
238506
238524
238537
238558
238569
238577
238595
238597
238600
238602
238613
238616
238644
238645
238648
238664
238671
238672
238673
238674
238675
238676
238688
238698
238699
238701
238703
238710
238719
238725
238726
238727
238728
238738
238748
238749
238750
238779
238781
238788
238789
238794
238795
238801
238802
238811
238816
238818
238826
238827
238830
238841
238862
238870
238873
238877
238886
238887
238895
238908
238917
238932
238937
238938
238944
238947
238972
238979
238986
238991
238992
239006
239017
239018
239028
239029
239036
239037
239039
239056
239057
239066
239072
239076
239082
239086
239099
239100
239107
239115
239120
239131
239142
239149
239194
239202
239204
239211
239237
239238
239239
239252
239253
239257
239262
239269
239275
239299
239300
239301
239315
239318
239323
239369
239376
239394
239398
239414
239422
239442
239448
239449
239453
239493
239500
239501
239502
239503
239505
239506
239514
239521
239547
239549
239550
239560
239563
239566
239594
239595
239602
239609
239610
239613
239614
239620
239627
239632
239641
239648
239650
239655
239666
239670
239673
239674
239675
239676
239677
239678
239680
239712
239724
239730
239744
239745
239749
239754
239793
239794
239795
239796
239814
239815
239816
239818
239828
239841
239846
239847
239848
239859
239860
239868
239878
239881
239890
239901
239902
239912
239922
239928
239930
239935
239937
239952
239955
239963
239969
239970
239978
239986
239987
239988
239989
239990
239997
240045
240048
240053
240072
240119
240122
240132
240136
240142
240147
240148
240150
240155
240163
240171
240176
240177
240187
240189
240203
240210
240220
240221
240222
240224
240228
240235
240236
240248
240254
240261
240262
240270
240286
240288
240294
240312
240324
240328
240338
240339
240350
240351
240352
240357
240362
240374
240390
240402
240406
240434
240436
240443
240473
240474
240475
240476
240487
240492
240493
240507
240514
240530
240532
240564
240571
240578
240589
240590
240597
240603
240604
240615
240626
240627
240638
240647
240653
240661
240662
240663
240664
240691
240699
240711
240714
240715
240716
240718
240719
240726
240728
240729
240770
240777
240779
240787
240800
240801
240816
240826
240844
240873
240874
240877
240878
240880
240892
240896
240906
240914
240923
240933
240944
240945
240963
240966
240970
240971
240992
241002
241003
241010
241018
241031
241037
241038
241039
241040
241043
241053
241054
241055
241057
241063
241069
241071
241076
241098
241099
241101
241116
241121
241130
241144
241145
241173
241177
241178
241180
241196
241202
241219
241220
241226
241242
241244
241252
241253
241260
241265
241290
241291
241292
241295
241296
241301
241303
241311
241330
241338
241339
241350
241351
241353
241366
241377
241387
241408
241418
241429
241436
241441
241442
241446
241494
241496
241506
241509
241512
241513
241514
241515
241517
241549
241555
241560
241566
241574
241578
241579
241584
241588
241592
241599
241608
241614
241632
241651
241656
241657
241663
241664
241669
241670
241671
241672
241694
241695
241696
241704
241710
241711
241713
241714
241715
241720
241744
241753
241765
241785
241797
241798
241799
241829
241834
241838
241853
241856
241858
241861
241870
241871
241872
241884
241898
241899
241900
241906
241936
241947
241953
241954
241955
241961
241962
241963
241964
241967
241980
241989
241996
242000
242001
242015
242016
242021
242024
242029
242030
242034
242036
242044
242048
242069
242081
242089
242096
242105
242106
242107
242110
242115
242126
242128
242137
242149
242151
242157
242158
242171
242172
242176
242180
242181
242184
242191
242199
242225
242227
242243
242244
242249
242250
242251
242269
242278
242279
242285
242294
242295
242296
242307
242314
242315
242317
242318
242332
242344
242348
242370
242375
242385
242392
242396
242405
242409
242410
242419
242420
242421
242422
242427
242428
242431
242432
242434
242444
242446
242447
242448
242460
242463
242464
242476
242488
242500
242539
242550
242581
242587
242590
242600
242608
242612
242620
242632
242655
242656
242659
242662
242663
242664
242681
242702
242713
242720
242728
242732
242739
242767
242775
242778
242779
242780
242781
242782
242827
242853
242854
242862
242863
242886
242899
242901
242902
242915
242916
242924
242929
242930
242932
242936
242937
242948
242952
242968
242971
242977
242985
242994
242997
243002
243010
243016
243026
243041
243042
243044
243047
243048
243052
243053
243054
243063
243065
243094
243109
243110
243118
243119
243129
243130
243140
243143
243145
243146
243152
243153
243159
243171
243185
243189
243190
243198
243218
243221
243223
243252
243256
243258
243262
243286
243296
243298
243302
243307
243312
243317
243328
243329
243330
243336
243337
243338
243343
243369
243371
243372
243378
243383
243394
243404
243405
243406
243411
243417
243427
243428
243429
243435
243442
243444
243452
243458
243459
243466
243467
243468
243485
243487
243488
243512
243521
243523
243544
243546
243547
243548
243569
243578
243613
243620
243621
243626
243655
243656
243657
243674
243683
243701
243702
243703
243704
243705
243707
243710
243712
243713
243714
243728
243744
243757
243758
243774
243775
243776
243784
243788
243790
243791
243793
243813
243823
243826
243846
243847
243858
243861
243864
243868
243873
243888
243889
243898
243910
243920
243924
243931
243935
243937
243941
243959
243974
243983
243990
243999
244000
244005
244006
244007
244009
244015
244032
244045
244064
244076
244077
244080
244103
244120
244129
244156
244160
244164
244185
244186
244211
244213
244240
244267
244275
244278
244279
244284
244288
244295
244320
244321
244332
244333
244335
244338
244345
244346
244365
244366
244383
244384
244388
244401
244412
244416
244420
244423
244432
244445
244446
244453
244464
244465
244481
244493
244496
244512
244513
244514
244519
244536
244549
244564
244574
244576
244585
244586
244593
244618
244621
244623
244629
244638
244649
244650
244668
244680
244681
244686
244688
244691
244692
244693
244703
244715
244718
244723
244724
244736
244746
244751
244752
244766
244784
244794
244795
244800
244813
244814
244822
244823
244827
244829
244830
244837
244838
244844
244848
244873
244874
244875
244885
244890
244892
244903
244904
244914
244918
244928
244950
244968
244970
244977
244994
245000
245005
245007
245023
245024
245034
245039
245040
245059
245083
245085
245093
245094
245100
245101
245105
245106
245107
245111
245130
245132
245137
245153
245172
245173
245177
245178
245195
245206
245210
245211
245229
245237
245251
245256
245308
245309
245310
245322
245324
245327
245329
245330
245335
245345
245351
245352
245357
245366
245367
245371
245380
245381
245389
245390
245397
245398
245399
245414
245419
245420
245421
245423
245426
245432
245446
245447
245449
245474
245475
245481
245490
245491
245496
245499
245508
245509
245514
245519
245532
245552
245556
245566
245567
245568
245569
245572
245580
245584
245585
245590
245591
245602
245610
245614
245615
245623
245630
245632
245633
245638
245644
245650
245654
245684
245686
245696
245697
245708
245712
245713
245721
245722
245723
245756
245767
245768
245770
245777
245780
245781
245783
245784
245792
245802
245813
245816
245842
245844
245845
245846
245850
245853
245866
245873
245875
245887
245891
245892
245898
245899
245906
245907
245908
245914
245922
245923
245928
245932
245934
245958
245965
245977
245978
245988
245996
245997
245998
245999
246009
246019
246020
246023
246024
246031
246032
246039
246041
246042
246043
246044
246053
246056
246062
246066
246067
246070
246072
246073
246074
246079
246088
246097
246101
246102
246107
246108
246109
246110
246133
246134
246141
246142
246143
246144
246156
246175
246180
246181
246187
246188
246193
246197
246198
246199
246200
246201
246202
246221
246235
246239
246249
246250
246251
246256
246270
246271
246272
246273
246279
246283
246285
246294
246312
246315
246325
246326
246342
246343
246345
246346
246361
246372
246377
246379
246389
246401
246411
246417
246418
246419
246423
246424
246425
246442
246452
246453
246456
246460
246461
246467
246471
246472
246473
246474
246479
246482
246492
246493
246504
246512
246516
246543
246544
246545
246546
246551
246561
246578
246599
246600
246621
246627
246650
246655
246672
246674
246679
246680
246695
246700
246716
246718
246729
246730
246746
246760
246766
246782
246783
246795
247044
247359
248044
248045
248046
248047
248048
248049
248050
248051
248052
248053
248054
248055
248056
248057
248058
248059
248060
248061
248062
248063
248064
248065
248066
248067
248068
248069
248070
248071
248072
248073
248074
248075
248076
